date,tx_count,hashrate,active_addresses,block_count,fee_total_btc,source
2009-01-03,0,,0,0,0,coinmetrics
2009-01-04,0,,0,0,0,coinmetrics
2009-01-05,0,,0,0,0,coinmetrics
2009-01-06,0,,0,0,0,coinmetrics
2009-01-07,0,,0,0,0,coinmetrics
2009-01-08,0,,0,0,0,coinmetrics
2009-01-09,0,0.000000944495122962963,19,19,0,coinmetrics
2009-01-10,0,0.00000303232644740741,61,61,0,coinmetrics
2009-01-11,1,0.00000462305507555556,95,93,0,coinmetrics
2009-01-12,6,0.00000467276534518519,101,94,0,coinmetrics
2009-01-13,0,0.00000611436316444444,123,123,0,coinmetrics
2009-01-14,1,0.00000641262478222222,133,129,0,coinmetrics
2009-01-15,8,0.00000626349397333333,140,126,0,coinmetrics
2009-01-16,2,0.00000536870912,114,108,0,coinmetrics
2009-01-17,0,0.00000541841938962963,109,109,0,coinmetrics
2009-01-18,1,0.00000531899885037037,111,107,0,coinmetrics
2009-01-19,2,0.00000571668100740741,133,115,0,coinmetrics
2009-01-20,1,0.00000566697073777778,123,114,0,coinmetrics
2009-01-21,2,0.00000507044750222222,116,102,0,coinmetrics
2009-01-22,1,0.0000045236345362963,95,91,0,coinmetrics
2009-01-23,1,0.00000417566264888889,91,84,0,coinmetrics
2009-01-24,1,0.00000999176419555555,212,201,0,coinmetrics
2009-01-25,1,0.00000949466149925926,193,191,0,coinmetrics
2009-01-26,1,0.00000477218588444444,117,96,0,coinmetrics
2009-01-27,1,0.00000482189615407407,101,97,0,coinmetrics
2009-01-28,0,0.00000556755019851852,112,112,0,coinmetrics
2009-01-29,1,0.00000601494262518518,134,121,0,coinmetrics
2009-01-30,0,0.00000581610154666667,117,117,0,coinmetrics
2009-01-31,1,0.00000686001720888889,159,138,0,coinmetrics
2009-02-01,1,0.00000561726046814815,116,113,0,coinmetrics
2009-02-02,1,0.00000636291451259259,130,128,0,coinmetrics
2009-02-03,16,0.00000690972747851852,154,139,2.01,coinmetrics
2009-02-04,0,0.00000591552208592593,119,119,0,coinmetrics
2009-02-05,0,0.00000626349397333333,126,126,0,coinmetrics
2009-02-06,0,0.00000606465289481481,122,122,0,coinmetrics
2009-02-07,4,0.00000641262478222222,156,129,0,coinmetrics
2009-02-08,1,0.00000656175559111111,134,132,0,coinmetrics
2009-02-09,1,0.00000666117613037037,179,134,0,coinmetrics
2009-02-10,0,0.00000596523235555556,120,120,0,coinmetrics
2009-02-11,2,0.00000661146586074074,148,133,0,coinmetrics
2009-02-12,0,0.00000591552208592593,119,119,0,coinmetrics
2009-02-13,0,0.00000616407343407407,124,124,0,coinmetrics
2009-02-14,0,0.00000676059666962963,136,136,0,coinmetrics
2009-02-15,3,0.00000636291451259259,142,128,0,coinmetrics
2009-02-16,1,0.00000606465289481481,153,122,0,coinmetrics
2009-02-17,0,0.00000581610154666667,117,117,0,coinmetrics
2009-02-18,0,0.0000058658118162963,118,118,0,coinmetrics
2009-02-19,1,0.00000616407343407407,141,124,0,coinmetrics
2009-02-20,0,0.00000606465289481481,122,122,0,coinmetrics
2009-02-21,0,0.00000566697073777778,114,114,0,coinmetrics
2009-02-22,4,0.00000601494262518518,133,121,0,coinmetrics
2009-02-23,0,0.00000536870912,108,108,0,coinmetrics
2009-02-24,0,0.00000526928858074074,106,106,0,coinmetrics
2009-02-25,0,0.00000521957831111111,105,105,0,coinmetrics
2009-02-26,0,0.00000531899885037037,107,107,0,coinmetrics
2009-02-27,1,0.00000571668100740741,152,115,0,coinmetrics
2009-02-28,1,0.00000492131669333333,107,99,0,coinmetrics
2009-03-01,0,0.00000521957831111111,105,105,0,coinmetrics
2009-03-02,0,0.00000536870912,108,108,0,coinmetrics
2009-03-03,2,0.00000521957831111111,114,105,0,coinmetrics
2009-03-04,2,0.00000516986804148148,130,104,0,coinmetrics
2009-03-05,1,0.00000556755019851852,121,112,0,coinmetrics
2009-03-06,0,0.00000581610154666667,117,117,0,coinmetrics
2009-03-07,0,0.00000541841938962963,109,109,0,coinmetrics
2009-03-08,3,0.00000571668100740741,142,115,0,coinmetrics
2009-03-09,0,0.00000536870912,108,108,0,coinmetrics
2009-03-10,0,0.00000531899885037037,107,107,0,coinmetrics
2009-03-11,0,0.00000566697073777778,114,114,0,coinmetrics
2009-03-12,1,0.0000058658118162963,122,118,0,coinmetrics
2009-03-13,1,0.00000561726046814815,127,113,0,coinmetrics
2009-03-14,0,0.00000546812965925926,110,110,0,coinmetrics
2009-03-15,0,0.00000611436316444444,123,123,0,coinmetrics
2009-03-16,1,0.00000601494262518518,170,121,0,coinmetrics
2009-03-17,0,0.00000566697073777778,114,114,0,coinmetrics
2009-03-18,2,0.00000566697073777778,129,114,0,coinmetrics
2009-03-19,0,0.00000606465289481481,122,122,0,coinmetrics
2009-03-20,1,0.0000058658118162963,131,118,0,coinmetrics
2009-03-21,0,0.00000248551348148148,50,50,0,coinmetrics
2009-03-22,2,0.00000591552208592593,131,119,0,coinmetrics
2009-03-23,0,0.00000646233505185185,130,130,0,coinmetrics
2009-03-24,0,0.00000521957831111111,105,105,0,coinmetrics
2009-03-25,0,0.00000581610154666667,117,117,0,coinmetrics
2009-03-26,1,0.00000581610154666667,146,117,0,coinmetrics
2009-03-27,0,0.00000526928858074074,106,106,0,coinmetrics
2009-03-28,3,0.00000591552208592593,140,119,0,coinmetrics
2009-03-29,0,0.00000576639127703704,116,116,0,coinmetrics
2009-03-30,0,0.00000596523235555556,120,120,0,coinmetrics
2009-03-31,1,0.00000546812965925926,143,110,0,coinmetrics
2009-04-01,0,0.00000566697073777778,114,114,0,coinmetrics
2009-04-02,0,0.00000571668100740741,115,115,0,coinmetrics
2009-04-03,0,0.00000576639127703704,116,116,0,coinmetrics
2009-04-04,0,0.00000561726046814815,113,113,0,coinmetrics
2009-04-05,2,0.00000646233505185185,148,130,0,coinmetrics
2009-04-06,0,0.00000541841938962963,109,109,0,coinmetrics
2009-04-07,0,0.00000497102696296296,100,100,0,coinmetrics
2009-04-08,0,0.00000521957831111111,105,105,0,coinmetrics
2009-04-09,0,0.00000492131669333333,99,99,0,coinmetrics
2009-04-10,0,0.00000536870912,108,108,0,coinmetrics
2009-04-11,1,0.00000596523235555556,128,120,0,coinmetrics
2009-04-12,2,0.0000058658118162963,127,118,0,coinmetrics
2009-04-13,1,0.00000571668100740741,117,115,0,coinmetrics
2009-04-14,0,0.00000616407343407407,124,124,0,coinmetrics
2009-04-15,0,0.00000561726046814815,113,113,0,coinmetrics
2009-04-16,0,0.00000611436316444444,123,123,0,coinmetrics
2009-04-17,0,0.00000556755019851852,112,112,0,coinmetrics
2009-04-18,4,0.00000626349397333333,131,126,0,coinmetrics
2009-04-19,1,0.00000591552208592593,128,119,0,coinmetrics
2009-04-20,2,0.00000591552208592593,236,119,0,coinmetrics
2009-04-21,1,0.00000611436316444444,125,123,0,coinmetrics
2009-04-22,0,0.00000601494262518518,121,121,0,coinmetrics
2009-04-23,0,0.00000372827022222222,75,75,0,coinmetrics
2009-04-24,0,0.00000571668100740741,115,115,0,coinmetrics
2009-04-25,0,0.0000058658118162963,118,118,0,coinmetrics
2009-04-26,2,0.00000556755019851852,128,112,0,coinmetrics
2009-04-27,0,0.00000516986804148148,104,104,0,coinmetrics
2009-04-28,0,0.00000581610154666667,117,117,0,coinmetrics
2009-04-29,1,0.00000636291451259259,149,128,0,coinmetrics
2009-04-30,0,0.00000651204532148148,131,131,0,coinmetrics
2009-05-01,0,0.00000601494262518518,121,121,0,coinmetrics
2009-05-02,2,0.00000626349397333333,142,126,0.03,coinmetrics
2009-05-03,3,0.00000526928858074074,110,106,0,coinmetrics
2009-05-04,1,0.00000636291451259259,159,128,0,coinmetrics
2009-05-05,1,0.0000067108864,146,135,0,coinmetrics
2009-05-06,0,0.0000067108864,135,135,0,coinmetrics
2009-05-07,0,0.00000606465289481481,122,122,0,coinmetrics
2009-05-08,0,0.00000531899885037037,107,107,0,coinmetrics
2009-05-09,0,0.00000387740103111111,78,78,0,coinmetrics
2009-05-10,0,0.00000422537291851852,85,85,0,coinmetrics
2009-05-11,1,0.00000596523235555556,123,120,0.1,coinmetrics
2009-05-12,0,0.00000646233505185185,130,130,0,coinmetrics
2009-05-13,5,0.00000551783992888889,117,111,0,coinmetrics
2009-05-14,3,0.00000690972747851852,145,139,0,coinmetrics
2009-05-15,1,0.00000676059666962963,147,136,0,coinmetrics
2009-05-16,0,0.00000591552208592593,119,119,0,coinmetrics
2009-05-17,0,0.00000631320424296296,127,127,0,coinmetrics
2009-05-18,0,0.0000058658118162963,118,118,0,coinmetrics
2009-05-19,0,0.00000427508318814815,86,86,0,coinmetrics
2009-05-20,0,0.00000596523235555556,120,120,0,coinmetrics
2009-05-21,0,0.00000407624210962963,82,82,0,coinmetrics
2009-05-22,0,0.00000303232644740741,61,61,0,coinmetrics
2009-05-23,0,0.00000159072862814815,32,32,0,coinmetrics
2009-05-24,0,0.00000497102696296296,100,100,0,coinmetrics
2009-05-25,0,0.00000541841938962963,109,109,0,coinmetrics
2009-05-26,0,0.0000062137837037037,125,125,0,coinmetrics
2009-05-27,0,0.00000591552208592593,119,119,0,coinmetrics
2009-05-28,0,0.00000472247561481481,95,95,0,coinmetrics
2009-05-29,1,0.00000526928858074074,167,106,0,coinmetrics
2009-05-30,0,0.00000541841938962963,109,109,0,coinmetrics
2009-05-31,0,0.00000477218588444444,96,96,0,coinmetrics
2009-06-01,1,0.0000035294291437037,73,71,0,coinmetrics
2009-06-02,0,0.00000551783992888889,111,111,0,coinmetrics
2009-06-03,0,0.0000035294291437037,71,71,0,coinmetrics
2009-06-04,0,0.00000328087779555556,66,66,0,coinmetrics
2009-06-05,0,0.00000149130808888889,30,30,0,coinmetrics
2009-06-06,0,0.00000139188754962963,28,28,0,coinmetrics
2009-06-07,0,0.000000795364314074074,16,16,0,coinmetrics
2009-06-08,0,0.00000407624210962963,82,82,0,coinmetrics
2009-06-09,0,0.0000045236345362963,91,91,0,coinmetrics
2009-06-10,0,0.00000407624210962963,82,82,0,coinmetrics
2009-06-11,0,0.00000442421399703704,89,89,0,coinmetrics
2009-06-12,0,0.00000427508318814815,86,86,0,coinmetrics
2009-06-13,0,0.00000387740103111111,78,78,0,coinmetrics
2009-06-14,0,0.00000357913941333333,72,72,0,coinmetrics
2009-06-15,0,0.00000417566264888889,84,84,0,coinmetrics
2009-06-16,0,0.0000035294291437037,71,71,0,coinmetrics
2009-06-17,0,0.00000392711130074074,79,79,0,coinmetrics
2009-06-18,0,0.00000397682157037037,80,80,0,coinmetrics
2009-06-19,0,0.00000432479345777778,87,87,0,coinmetrics
2009-06-20,0,0.00000387740103111111,78,78,0,coinmetrics
2009-06-21,0,0.00000402653184,81,81,0,coinmetrics
2009-06-22,1,0.00000377798049185185,137,76,0,coinmetrics
2009-06-23,0,0.00000377798049185185,76,76,0,coinmetrics
2009-06-24,2,0.00000472247561481481,100,95,0,coinmetrics
2009-06-25,1,0.00000338029833481481,89,68,0,coinmetrics
2009-06-26,0,0.00000447392426666667,90,90,0,coinmetrics
2009-06-27,0,0.00000417566264888889,84,84,0,coinmetrics
2009-06-28,1,0.00000228667240296296,48,46,0,coinmetrics
2009-06-29,2,0.00000412595237925926,87,83,0,coinmetrics
2009-06-30,0,0.00000422537291851852,85,85,0,coinmetrics
2009-07-01,1,0.00000367855995259259,77,74,0,coinmetrics
2009-07-02,1,0.00000412595237925926,85,83,0,coinmetrics
2009-07-03,0,0.00000407624210962963,82,82,0,coinmetrics
2009-07-04,0,0.00000442421399703704,89,89,0,coinmetrics
2009-07-05,0,0.00000392711130074074,79,79,0,coinmetrics
2009-07-06,0,0.00000417566264888889,84,84,0,coinmetrics
2009-07-07,0,0.00000343000860444444,69,69,0,coinmetrics
2009-07-08,0,0.00000367855995259259,74,74,0,coinmetrics
2009-07-09,0,0.00000427508318814815,86,86,0,coinmetrics
2009-07-10,0,0.00000402653184,81,81,0,coinmetrics
2009-07-11,0,0.00000412595237925926,83,83,0,coinmetrics
2009-07-12,0,0.00000382769076148148,77,77,0,coinmetrics
2009-07-13,0,0.00000387740103111111,78,78,0,coinmetrics
2009-07-14,0,0.00000343000860444444,69,69,0,coinmetrics
2009-07-15,0,0.00000223696213333333,45,45,0,coinmetrics
2009-07-16,0,0.0000035294291437037,71,71,0,coinmetrics
2009-07-17,0,0.00000233638267259259,47,47,0,coinmetrics
2009-07-18,0,0.000000198841078518518,4,4,0,coinmetrics
2009-07-19,0,0.00000347971887407407,70,70,0,coinmetrics
2009-07-20,1,0.00000347971887407407,192,70,0.14,coinmetrics
2009-07-21,0,0.00000407624210962963,82,82,0,coinmetrics
2009-07-22,0,0.00000298261617777778,60,60,0,coinmetrics
2009-07-23,0,0.00000377798049185185,76,76,0,coinmetrics
2009-07-24,0,0.00000362884968296296,73,73,0,coinmetrics
2009-07-25,0,0.00000159072862814815,32,32,0,coinmetrics
2009-07-26,0,0.00000104391566222222,21,21,0,coinmetrics
2009-07-27,0,0.00000367855995259259,74,74,0,coinmetrics
2009-07-28,0,0.00000203812105481481,41,41,0,coinmetrics
2009-07-29,1,0.000000944495122962963,22,19,0,coinmetrics
2009-07-30,1,0.000000745654044444444,17,15,0,coinmetrics
2009-07-31,0,0.000000845074583703704,17,17,0,coinmetrics
2009-08-01,0,0.00000139188754962963,28,28,0,coinmetrics
2009-08-02,0,0.00000114333620148148,23,23,0,coinmetrics
2009-08-03,0,0.000000596523235555555,12,12,0,coinmetrics
2009-08-04,0,0.00000402653184,81,81,0,coinmetrics
2009-08-05,0,0.00000432479345777778,87,87,0,coinmetrics
2009-08-06,0,0.00000447392426666667,90,90,0,coinmetrics
2009-08-07,1,0.00000397682157037037,192,80,0.13,coinmetrics
2009-08-08,0,0.00000397682157037037,80,80,0,coinmetrics
2009-08-09,0,0.00000502073723259259,101,101,0,coinmetrics
2009-08-10,0,0.00000372827022222222,75,75,0,coinmetrics
2009-08-11,0,0.00000347971887407407,70,70,0,coinmetrics
2009-08-12,0,0.00000313174698666667,63,63,0,coinmetrics
2009-08-13,0,0.00000422537291851852,85,85,0,coinmetrics
2009-08-14,0,0.00000313174698666667,63,63,0,coinmetrics
2009-08-15,0,0.00000129246701037037,26,26,0,coinmetrics
2009-08-16,0,0.000000944495122962963,19,19,0,coinmetrics
2009-08-17,0,0.000000845074583703704,17,17,0,coinmetrics
2009-08-18,0,0.000000497102696296296,10,10,0,coinmetrics
2009-08-19,0,0.000000894784853333333,18,18,0,coinmetrics
2009-08-20,0,0.00000109362593185185,22,22,0,coinmetrics
2009-08-21,0,0.000000695943774814815,14,14,0,coinmetrics
2009-08-22,0,0.000000347971887407407,7,7,0,coinmetrics
2009-08-23,0,0.000000745654044444444,15,15,0,coinmetrics
2009-08-24,0,0.000000745654044444444,15,15,0,coinmetrics
2009-08-25,0,0.00000248551348148148,50,50,0,coinmetrics
2009-08-26,3,0.00000238609294222222,96,48,0,coinmetrics
2009-08-27,0,0.00000144159781925926,29,29,0,coinmetrics
2009-08-28,0,0.00000372827022222222,75,75,0,coinmetrics
2009-08-29,0,0.00000387740103111111,78,78,0,coinmetrics
2009-08-30,1,0.00000482189615407407,99,97,0,coinmetrics
2009-08-31,1,0.00000427508318814815,93,86,0,coinmetrics
2009-09-01,0,0.00000387740103111111,78,78,0,coinmetrics
2009-09-02,0,0.00000328087779555556,66,66,0,coinmetrics
2009-09-03,1,0.00000303232644740741,76,61,0,coinmetrics
2009-09-04,0,0.0000031814572562963,64,64,0,coinmetrics
2009-09-05,0,0.00000377798049185185,76,76,0,coinmetrics
2009-09-06,0,0.00000338029833481481,68,68,0,coinmetrics
2009-09-07,1,0.00000387740103111111,92,78,0,coinmetrics
2009-09-08,0,0.00000343000860444444,69,69,0,coinmetrics
2009-09-09,0,0.00000268435456,54,54,0,coinmetrics
2009-09-10,0,0.00000333058806518519,67,67,0,coinmetrics
2009-09-11,0,0.00000333058806518519,67,67,0,coinmetrics
2009-09-12,0,0.00000343000860444444,69,69,0,coinmetrics
2009-09-13,0,0.00000372827022222222,75,75,0,coinmetrics
2009-09-14,0,0.00000367855995259259,74,74,0,coinmetrics
2009-09-15,0,0.0000021872518637037,44,44,0,coinmetrics
2009-09-16,1,0.00000357913941333333,74,72,0,coinmetrics
2009-09-17,1,0.00000417566264888889,186,84,0.12,coinmetrics
2009-09-18,0,0.00000387740103111111,78,78,0,coinmetrics
2009-09-19,0,0.00000367855995259259,74,74,0,coinmetrics
2009-09-20,0,0.00000387740103111111,78,78,0,coinmetrics
2009-09-21,1,0.00000343000860444444,78,69,0,coinmetrics
2009-09-22,1,0.00000124275674074074,66,25,0,coinmetrics
2009-09-23,0,0.00000178956970666667,36,36,0,coinmetrics
2009-09-24,0,0.00000482189615407407,97,97,0,coinmetrics
2009-09-25,2,0.0000045236345362963,119,91,0,coinmetrics
2009-09-26,1,0.00000497102696296296,117,100,0,coinmetrics
2009-09-27,0,0.00000432479345777778,87,87,0,coinmetrics
2009-09-28,0,0.00000422537291851852,85,85,0,coinmetrics
2009-09-29,2,0.00000437450372740741,133,88,0,coinmetrics
2009-09-30,0,0.00000422537291851852,85,85,0,coinmetrics
2009-10-01,0,0.00000407624210962963,82,82,0,coinmetrics
2009-10-02,1,0.00000357913941333333,83,72,0,coinmetrics
2009-10-03,0,0.00000288319563851852,58,58,0,coinmetrics
2009-10-04,0,0.00000263464429037037,53,53,0,coinmetrics
2009-10-05,0,0.00000273406482962963,55,55,0,coinmetrics
2009-10-06,2,0.00000213754159407407,58,43,0,coinmetrics
2009-10-07,0,0.00000298261617777778,60,60,0,coinmetrics
2009-10-08,0,0.00000347971887407407,70,70,0,coinmetrics
2009-10-09,0,0.00000392711130074074,79,79,0,coinmetrics
2009-10-10,0,0.00000382769076148148,77,77,0,coinmetrics
2009-10-11,0,0.00000367855995259259,74,74,0,coinmetrics
2009-10-12,1,0.00000288319563851852,132,58,0,coinmetrics
2009-10-13,0,0.00000283348536888889,57,57,0,coinmetrics
2009-10-14,0,0.00000343000860444444,69,69,0,coinmetrics
2009-10-15,0,0.0000035294291437037,71,71,0,coinmetrics
2009-10-16,1,0.00000298261617777778,141,60,0,coinmetrics
2009-10-17,0,0.00000283348536888889,57,57,0,coinmetrics
2009-10-18,1,0.00000367855995259259,82,74,0,coinmetrics
2009-10-19,0,0.00000556755019851852,112,112,0,coinmetrics
2009-10-20,1,0.00000472247561481481,197,95,0.12,coinmetrics
2009-10-21,1,0.00000397682157037037,99,80,0,coinmetrics
2009-10-22,1,0.00000447392426666667,130,90,0,coinmetrics
2009-10-23,0,0.00000442421399703704,89,89,0,coinmetrics
2009-10-24,1,0.00000308203671703704,70,62,0,coinmetrics
2009-10-25,0,0.00000377798049185185,76,76,0,coinmetrics
2009-10-26,0,0.0000035294291437037,71,71,0,coinmetrics
2009-10-27,1,0.0000031814572562963,81,64,0,coinmetrics
2009-10-28,0,0.00000328087779555556,66,66,0,coinmetrics
2009-10-29,2,0.00000228667240296296,89,46,0,coinmetrics
2009-10-30,0,0.00000298261617777778,60,60,0,coinmetrics
2009-10-31,0,0.00000228667240296296,46,46,0,coinmetrics
2009-11-01,0,0.00000124275674074074,25,25,0,coinmetrics
2009-11-02,0,0.00000164043889777778,33,33,0,coinmetrics
2009-11-03,0,0.00000308203671703704,62,62,0,coinmetrics
2009-11-04,1,0.00000313174698666667,105,63,0,coinmetrics
2009-11-05,0,0.00000283348536888889,57,57,0,coinmetrics
2009-11-06,0,0.00000308203671703704,62,62,0,coinmetrics
2009-11-07,0,0.00000343000860444444,69,69,0,coinmetrics
2009-11-08,0,0.00000362884968296296,73,73,0,coinmetrics
2009-11-09,0,0.0000031814572562963,64,64,0,coinmetrics
2009-11-10,3,0.00000387740103111111,120,78,0,coinmetrics
2009-11-11,6,0.0000031814572562963,76,64,0,coinmetrics
2009-11-12,2,0.00000328087779555556,68,66,0,coinmetrics
2009-11-13,1,0.00000397682157037037,91,80,0,coinmetrics
2009-11-14,0,0.00000392711130074074,79,79,0,coinmetrics
2009-11-15,0,0.00000477218588444444,96,96,0,coinmetrics
2009-11-16,0,0.00000482189615407407,97,97,0,coinmetrics
2009-11-17,0,0.00000457334480592593,92,92,0,coinmetrics
2009-11-18,0,0.00000392711130074074,79,79,0,coinmetrics
2009-11-19,2,0.00000347971887407407,153,70,0,coinmetrics
2009-11-20,0,0.00000427508318814815,86,86,0,coinmetrics
2009-11-21,0,0.00000362884968296296,73,73,0,coinmetrics
2009-11-22,0,0.00000526928858074074,106,106,0,coinmetrics
2009-11-23,0,0.00000477218588444444,96,96,0,coinmetrics
2009-11-24,0,0.00000462305507555556,93,93,0,coinmetrics
2009-11-25,0,0.00000447392426666667,90,90,0,coinmetrics
2009-11-26,0,0.00000417566264888889,84,84,0,coinmetrics
2009-11-27,0,0.00000367855995259259,74,74,0,coinmetrics
2009-11-28,0,0.0000035294291437037,71,71,0,coinmetrics
2009-11-29,0,0.00000298261617777778,60,60,0,coinmetrics
2009-11-30,0,0.00000372827022222222,75,75,0,coinmetrics
2009-12-01,1,0.00000362884968296296,240,73,0.22,coinmetrics
2009-12-02,0,0.00000467276534518519,94,94,0,coinmetrics
2009-12-03,0,0.00000437450372740741,88,88,0,coinmetrics
2009-12-04,0,0.00000178956970666667,36,36,0,coinmetrics
2009-12-05,1,0.0000031814572562963,84,64,0,coinmetrics
2009-12-06,2,0.00000512015777185185,107,103,0,coinmetrics
2009-12-07,1,0.00000556755019851852,133,112,0,coinmetrics
2009-12-08,1,0.00000521957831111111,116,105,0,coinmetrics
2009-12-09,13,0.00000477218588444444,119,96,0,coinmetrics
2009-12-10,0,0.00000516986804148148,104,104,0,coinmetrics
2009-12-11,2,0.00000556755019851852,180,112,0,coinmetrics
2009-12-12,0,0.00000546812965925926,110,110,0,coinmetrics
2009-12-13,0,0.00000566697073777778,114,114,0,coinmetrics
2009-12-14,5,0.00000507044750222222,437,102,0,coinmetrics
2009-12-15,3,0.00000546812965925926,137,110,0,coinmetrics
2009-12-16,0,0.00000676059666962963,136,136,0,coinmetrics
2009-12-17,3,0.00000840103556740741,179,169,0,coinmetrics
2009-12-18,0,0.0000111848106666667,225,225,0,coinmetrics
2009-12-19,1,0.00000984263338666667,200,198,0,coinmetrics
2009-12-20,1,0.00000869929718518518,177,175,0,coinmetrics
2009-12-21,0,0.00000869929718518518,175,175,0,coinmetrics
2009-12-22,0,0.00000805306368,162,162,0,coinmetrics
2009-12-23,0,0.00000765538152296296,154,154,0,coinmetrics
2009-12-24,0,0.00000765538152296296,154,154,0,coinmetrics
2009-12-25,1,0.00000740683017481482,151,149,0,coinmetrics
2009-12-26,0,0.00000864958691555555,174,174,0,coinmetrics
2009-12-27,1,0.00000830161502814815,173,167,0,coinmetrics
2009-12-28,0,0.00000681030693925926,137,137,0,coinmetrics
2009-12-29,0,0.00000850045610666667,171,171,0,coinmetrics
2009-12-30,0,0.00000792743851952609,141,141,0,coinmetrics
2009-12-31,0,0.00000811471116177273,138,138,0,coinmetrics
2010-01-01,2,0.000007761897633,136,132,0,coinmetrics
2010-01-02,0,0.00000740908410422728,126,126,0,coinmetrics
2010-01-03,0,0.0000109372193919545,186,186,0,coinmetrics
2010-01-04,2,0.0000106432081179773,266,181,0,coinmetrics
2010-01-05,0,0.0000116428464495,198,198,0,coinmetrics
2010-01-06,0,0.00000958476753165909,163,163,0,coinmetrics
2010-01-07,0,0.0000090555472385,154,154,0,coinmetrics
2010-01-08,0,0.00000899674498370455,153,153,0,coinmetrics
2010-01-09,0,0.00000887914047411364,151,151,0,coinmetrics
2010-01-10,0,0.0000111724284111364,190,190,0,coinmetrics
2010-01-11,0,0.00000944672228286733,159,159,0,coinmetrics
2010-01-12,2,0.0000103151234807286,375,159,0.26,coinmetrics
2010-01-13,2,0.0000106394984329527,168,164,0,coinmetrics
2010-01-14,2,0.00000927712363361122,155,143,0,coinmetrics
2010-01-15,1,0.00000914737365272156,147,141,0,coinmetrics
2010-01-16,1,0.00000810937380560423,132,125,0,coinmetrics
2010-01-17,0,0.00000849862374827323,131,131,0,coinmetrics
2010-01-18,1,0.00000810937380560423,128,125,0,coinmetrics
2010-01-19,0,0.00000804449881515939,124,124,0,coinmetrics
2010-01-20,0,0.0000102502484902837,158,158,0,coinmetrics
2010-01-21,9,0.0000113531233278459,187,175,0,coinmetrics
2010-01-22,3,0.00000862837372916289,141,133,0,coinmetrics
2010-01-23,2,0.0000103799984711734,164,160,0,coinmetrics
2010-01-24,1,0.00000999074852850439,156,154,0,coinmetrics
2010-01-25,4,0.0000138891428992527,272,211,0,coinmetrics
2010-01-26,6,0.0000130302482192822,215,195,0,coinmetrics
2010-01-27,2,0.000010958772861345,182,164,0,coinmetrics
2010-01-28,2,0.0000118274560759638,199,177,0,coinmetrics
2010-01-29,4,0.000013163891790762,214,197,0,coinmetrics
2010-01-30,4,0.0000140325750053808,248,210,0,coinmetrics
2010-01-31,2,0.0000110255946470849,184,165,0,coinmetrics
2010-02-01,9,0.0000122952085761432,203,184,0,coinmetrics
2010-02-02,1,0.00000968915893228676,167,145,0,coinmetrics
2010-02-03,2,0.0000180418821497754,277,270,0,coinmetrics
2010-02-04,5,0.0000158446145715676,269,229,0,coinmetrics
2010-02-05,4,0.0000201604285278103,472,223,0,coinmetrics
2010-02-06,14,0.0000173578577459174,224,192,0,coinmetrics
2010-02-07,5,0.0000196179954732504,230,217,0,coinmetrics
2010-02-08,8,0.000018081101818664,329,200,0,coinmetrics
2010-02-09,3,0.0000187139403823172,623,207,0.44,coinmetrics
2010-02-10,5,0.0000151881255276777,777,168,0,coinmetrics
2010-02-11,5,0.0000152785310367711,245,169,0,coinmetrics
2010-02-12,5,0.0000165442081640775,226,183,0,coinmetrics
2010-02-13,3,0.0000209740781096502,318,232,0,coinmetrics
2010-02-14,11,0.0000190158401261968,263,208,0,coinmetrics
2010-02-15,9,0.0000221152004874884,273,176,0,coinmetrics
2010-02-16,6,0.0000245026369037513,217,195,0,coinmetrics
2010-02-17,11,0.0000300314370256233,267,239,0,coinmetrics
2010-02-18,7,0.0000261361460306681,268,208,0,coinmetrics
2010-02-19,3,0.0000241256732590782,198,192,0,coinmetrics
2010-02-20,2,0.0000261361460306681,221,208,0,coinmetrics
2010-02-21,4,0.0000280209642540335,344,223,0,coinmetrics
2010-02-22,5,0.0000326701825383349,531,260,0,coinmetrics
2010-02-23,1,0.0000314136370560913,252,250,0,coinmetrics
2010-02-24,6,0.0000284655236405324,283,171,0,coinmetrics
2010-02-25,4,0.0000289463697810303,300,154,0,coinmetrics
2010-02-26,4,0.0000323297117034884,196,172,0,coinmetrics
2010-02-27,3,0.0000323297117034884,184,172,0,coinmetrics
2010-02-28,3,0.0000293222966613034,264,156,0,coinmetrics
2010-03-01,4,0.0000366528708266293,227,195,0,coinmetrics
2010-03-02,5,0.0000353371267456733,233,188,0,coinmetrics
2010-03-03,6,0.0000285704429007572,260,152,0,coinmetrics
2010-03-04,3,0.0000347732364252637,575,185,0,coinmetrics
2010-03-05,2,0.0000321417482633518,175,171,0,coinmetrics
2010-03-06,6,0.0000332695289041712,274,177,0,coinmetrics
2010-03-07,4,0.0000336454557844443,297,179,0,coinmetrics
2010-03-08,5,0.0000280433283726185,313,125,0,coinmetrics
2010-03-09,2,0.0000328852291444467,229,146,0,coinmetrics
2010-03-10,7,0.0000364890898726052,211,162,0,coinmetrics
2010-03-11,3,0.0000299570923028179,200,133,0,coinmetrics
2010-03-12,2,0.0000272541967566989,130,121,0,coinmetrics
2010-03-13,1,0.000034461918213016,190,153,0,coinmetrics
2010-03-14,2,0.0000281551619387386,134,125,0,coinmetrics
2010-03-15,5,0.0000304075748938377,145,135,0,coinmetrics
2010-03-16,3,0.0000283804032342485,154,126,0,coinmetrics
2010-03-17,3,0.0000306328161893476,164,136,0,coinmetrics
2010-03-18,10,0.0000315337813713872,285,140,0,coinmetrics
2010-03-19,8,0.000034461918213016,229,153,0,coinmetrics
2010-03-20,12,0.0000432463287379025,273,192,0,coinmetrics
2010-03-21,8,0.0000412377930986408,193,183,0,coinmetrics
2010-03-22,6,0.0000406214507725113,223,179,0,coinmetrics
2010-03-23,13,0.0000469756441894405,289,207,0,coinmetrics
2010-03-24,11,0.000038805966939103,208,171,0,coinmetrics
2010-03-25,15,0.0000424369346059197,541,187,0,coinmetrics
2010-03-26,16,0.0000447062893976801,280,197,0,coinmetrics
2010-03-27,7,0.0000403945152933353,217,178,0,coinmetrics
2010-03-28,5,0.0000422099991267436,196,186,0,coinmetrics
2010-03-29,12,0.000044252418439328,268,195,0,coinmetrics
2010-03-30,6,0.0000487911280228488,227,215,0,coinmetrics
2010-03-31,7,0.0000474295151477926,239,209,0,coinmetrics
2010-04-01,9,0.0000447002045237894,197,168,0,coinmetrics
2010-04-02,5,0.0000471916688602609,179,156,0,coinmetrics
2010-04-03,5,0.0000487042223493718,192,161,0,coinmetrics
2010-04-04,12,0.0000517293293275937,241,171,0.26,coinmetrics
2010-04-05,28,0.0000462841367667943,307,153,0,coinmetrics
2010-04-06,15,0.0000480992009537274,267,159,0,coinmetrics
2010-04-07,11,0.0000583845646796818,303,193,0,coinmetrics
2010-04-08,15,0.0000553594577014599,227,183,0,coinmetrics
2010-04-09,32,0.000057174521888393,308,189,0,coinmetrics
2010-04-10,41,0.0000786527814337682,559,260,0,coinmetrics
2010-04-11,39,0.0000674598856143474,398,223,0,coinmetrics
2010-04-12,45,0.0000719277209962042,357,203,0,coinmetrics
2010-04-13,21,0.0000734688770108426,246,189,0,coinmetrics
2010-04-14,75,0.0000699703590579453,338,180,0,coinmetrics
2010-04-15,41,0.0000839644308695343,891,216,0,coinmetrics
2010-04-16,31,0.0000785222918316941,433,202,0,coinmetrics
2010-04-17,30,0.0000859080519544772,306,221,0,coinmetrics
2010-04-18,3109,0.0000952374331622032,3479,245,0,coinmetrics
2010-04-19,41,0.0000901840183413516,537,232,0,coinmetrics
2010-04-20,38,0.0000796884644826599,426,205,0,coinmetrics
2010-04-21,34,0.0000878481537128413,375,219,0,coinmetrics
2010-04-22,39,0.0000906131825400019,232,159,0,coinmetrics
2010-04-23,50,0.0000854841344716999,241,150,0,coinmetrics
2010-04-24,34,0.0000957422306083039,285,168,0,coinmetrics
2010-04-25,45,0.0000900432883101906,343,158,0,coinmetrics
2010-04-26,49,0.0000934626536890586,281,164,0,coinmetrics
2010-04-27,52,0.00010258096136604,271,180,0,coinmetrics
2010-04-28,48,0.00010258096136604,329,180,0,coinmetrics
2010-04-29,32,0.0000837744517822659,212,147,0,coinmetrics
2010-04-30,25,0.0000820647690928319,206,144,0,coinmetrics
2010-05-01,28,0.000104290644055474,269,183,0,coinmetrics
2010-05-02,27,0.0000883336056207566,231,155,0,coinmetrics
2010-05-03,27,0.0000906131825400019,302,159,0,coinmetrics
2010-05-04,40,0.0000831506698313147,275,136,0,coinmetrics
2010-05-05,26,0.0000875068811554375,296,137,0,coinmetrics
2010-05-06,30,0.0000951717174610234,446,149,0,coinmetrics
2010-05-07,26,0.0000843131993614435,250,132,0,coinmetrics
2010-05-08,25,0.0000983653992550174,420,154,0,coinmetrics
2010-05-09,42,0.0000913392993082304,267,143,0,coinmetrics
2010-05-10,27,0.0000817582539262482,286,128,0,coinmetrics
2010-05-11,19,0.0000708997358266683,160,111,0,coinmetrics
2010-05-12,33,0.0000811195175674494,263,127,0,coinmetrics
2010-05-13,38,0.0000817582539262482,255,128,0,coinmetrics
2010-05-14,31,0.0000785645721322541,249,123,6.71,coinmetrics
2010-05-15,21,0.000058125008650692,159,91,2.64,coinmetrics
2010-05-16,20,0.0000721772085442659,169,113,0,coinmetrics
2010-05-17,35,0.0000913392993082304,291,143,0,coinmetrics
2010-05-18,56,0.000107307708278201,309,168,0,coinmetrics
2010-05-19,42,0.000100913761262523,309,164,0,coinmetrics
2010-05-20,35,0.000119542476669434,291,203,0,coinmetrics
2010-05-21,58,0.000103642738393204,318,176,0,coinmetrics
2010-05-22,32,0.000114831443106106,349,195,0.99,coinmetrics
2010-05-23,98,0.000124253510232761,446,211,0,coinmetrics
2010-05-24,61,0.000110709288738195,329,188,0,coinmetrics
2010-05-25,45,0.000123664631037345,348,210,0,coinmetrics
2010-05-26,64,0.000131320060577752,403,223,0,coinmetrics
2010-05-27,75,0.000113064805519859,385,192,0,coinmetrics
2010-05-28,53,0.000131320060577752,359,223,0,coinmetrics
2010-05-29,60,0.000124012911518638,372,184,0,coinmetrics
2010-05-30,52,0.000123094693976881,270,149,0,coinmetrics
2010-05-31,47,0.000117311721776625,297,142,0,coinmetrics
2010-06-01,48,0.000111528749576369,250,135,0,coinmetrics
2010-06-02,47,0.000121442416205379,259,147,0,coinmetrics
2010-06-03,86,0.000125573110634133,409,152,0,coinmetrics
2010-06-04,44,0.00010326736071886,226,125,0,coinmetrics
2010-06-05,50,0.000119790138433877,270,145,0,coinmetrics
2010-06-06,50,0.00012226855509113,263,148,0,coinmetrics
2010-06-07,51,0.000129703805062888,478,157,0,coinmetrics
2010-06-08,62,0.00013218222172014,350,160,0,coinmetrics
2010-06-09,51,0.000138791332806147,342,168,0,coinmetrics
2010-06-10,59,0.00013218222172014,291,160,0,coinmetrics
2010-06-11,80,0.000139018730269074,356,168,0,coinmetrics
2010-06-12,78,0.000116645192492224,290,135,0,coinmetrics
2010-06-13,72,0.000148614615619722,351,172,0,coinmetrics
2010-06-14,88,0.000139110192527763,415,161,0,coinmetrics
2010-06-15,89,0.000158983077174587,371,184,0,coinmetrics
2010-06-16,48,0.000122693461732561,291,142,0,coinmetrics
2010-06-17,57,0.000126149615584183,279,146,0,coinmetrics
2010-06-18,42,0.000129605769435804,274,150,0,coinmetrics
2010-06-19,67,0.000129605769435804,385,150,0,coinmetrics
2010-06-20,40,0.000159847115637492,305,185,0,coinmetrics
2010-06-21,91,0.000133061923287426,352,154,0,coinmetrics
2010-06-22,73,0.000134790000213236,366,156,0,coinmetrics
2010-06-23,67,0.000161575192563303,347,187,0,coinmetrics
2010-06-24,73,0.000154169415000617,366,169,0,coinmetrics
2010-06-25,57,0.000144692648638788,244,150,0,coinmetrics
2010-06-26,44,0.000153374207557116,252,159,0,coinmetrics
2010-06-27,58,0.000171701943051362,312,178,0,coinmetrics
2010-06-28,75,0.000146621883953972,288,152,0,coinmetrics
2010-06-29,98,0.000163020384133035,413,169,0,coinmetrics
2010-06-30,87,0.00017556041368173,438,182,1.37,coinmetrics
2010-07-01,76,0.000203534325751895,403,211,0,coinmetrics
2010-07-02,80,0.000161091148817851,398,167,0,coinmetrics
2010-07-03,66,0.000204498943409487,326,212,0,coinmetrics
2010-07-04,58,0.000160126531160259,431,166,0,coinmetrics
2010-07-05,71,0.000172666560708954,380,179,0,coinmetrics
2010-07-06,40,0.00019539853605246,273,169,0,coinmetrics
2010-07-07,66,0.000182247597976984,383,156,0,coinmetrics
2010-07-08,68,0.000176406328811055,309,151,0,coinmetrics
2010-07-09,68,0.000232482512803973,349,199,0,coinmetrics
2010-07-10,42,0.000231314258970787,405,198,0,coinmetrics
2010-07-11,238,0.000209117436140257,717,179,0,coinmetrics
2010-07-12,1581,0.000769879276069431,3430,659,0,coinmetrics
2010-07-13,796,0.00121856529011074,2012,692,0,coinmetrics
2010-07-14,5548,0.00130404976730999,6752,578,0.01,coinmetrics
2010-07-15,711,0.00140783227474296,2009,624,0.66,coinmetrics
2010-07-16,675,0.00159960429934736,1721,505,0.27,coinmetrics
2010-07-17,248,0.00156124989442647,895,173,0.13,coinmetrics
2010-07-18,248,0.00155222532856273,860,172,0.79,coinmetrics
2010-07-19,334,0.0015702744602902,929,174,0.05,coinmetrics
2010-07-20,423,0.00163344642133636,936,181,0,coinmetrics
2010-07-21,247,0.00186808513379352,784,207,0,coinmetrics
2010-07-22,221,0.00158832359201768,594,176,0,coinmetrics
2010-07-23,220,0.00175076577756494,655,194,0.01,coinmetrics
2010-07-24,700,0.00170564294824626,959,189,0,coinmetrics
2010-07-25,1591,0.00208467471452321,2130,231,2.91,coinmetrics
2010-07-26,227,0.00219296950488805,1250,243,1.5,coinmetrics
2010-07-27,259,0.00199030154330266,775,166,0.67,coinmetrics
2010-07-28,2860,0.00193024492155981,664,159,1.05,coinmetrics
2010-07-29,619,0.00218518293006771,534,180,0.89,coinmetrics
2010-07-30,141,0.0022094627404018,582,182,0.3,coinmetrics
2010-07-31,94,0.00246440074890969,479,203,0.31,coinmetrics
2010-08-01,124,0.00290143733492324,622,239,0.29,coinmetrics
2010-08-02,155,0.00293785705042437,632,242,0.21,coinmetrics
2010-08-03,424,0.00275575847291872,988,227,0,coinmetrics
2010-08-04,193,0.00294999695559141,715,243,0,coinmetrics
2010-08-05,301,0.0028343136485242,825,218,0,coinmetrics
2010-08-06,213,0.00257338621241248,640,147,2.31,coinmetrics
2010-08-07,113,0.00271343444165942,500,155,0,coinmetrics
2010-08-08,191,0.00348369970251758,581,199,0,coinmetrics
2010-08-09,235,0.00332614544461478,782,190,4.32,coinmetrics
2010-08-10,151,0.00334365147327064,590,191,0,coinmetrics
2010-08-11,184,0.00407890467681707,724,233,0,coinmetrics
2010-08-12,220,0.00379880821832319,611,217,0,coinmetrics
2010-08-13,247,0.00376379616101146,787,215,0,coinmetrics
2010-08-14,156,0.0049191940522987,564,281,0,coinmetrics
2010-08-15,130,0.00405220400471671,472,207,0,coinmetrics
2010-08-16,298,0.00373973885544902,760,147,0.67,coinmetrics
2010-08-17,188,0.00328181164865935,486,129,0,coinmetrics
2010-08-18,231,0.00338357325016816,709,133,1.56,coinmetrics
2010-08-19,190,0.00343445405092257,471,135,0,coinmetrics
2010-08-20,230,0.00490999727280041,656,193,0,coinmetrics
2010-08-21,168,0.00440118926525633,526,173,0,coinmetrics
2010-08-22,153,0.00539336487996729,586,212,0,coinmetrics
2010-08-23,157,0.00541880528034449,655,213,0,coinmetrics
2010-08-24,166,0.0054696860810989,638,215,0.8,coinmetrics
2010-08-25,149,0.0054951264814761,498,216,0,coinmetrics
2010-08-26,158,0.00542016074795354,650,210,0,coinmetrics
2010-08-27,121,0.00529907348983421,490,171,0,coinmetrics
2010-08-28,170,0.00526808475597553,531,170,0.0000011,coinmetrics
2010-08-29,111,0.00502017488510609,418,162,0.24,coinmetrics
2010-08-30,175,0.00461732134494326,517,149,0.35,coinmetrics
2010-08-31,254,0.00570192702999705,733,184,0.2200003,coinmetrics
2010-09-01,235,0.0048652312158127,622,157,0.0600002,coinmetrics
2010-09-02,146,0.00483424248195401,513,156,0,coinmetrics
2010-09-03,155,0.00508215235282345,503,164,0,coinmetrics
2010-09-04,96,0.00560896082842101,468,181,0,coinmetrics
2010-09-05,143,0.00511314108668213,534,165,0.01,coinmetrics
2010-09-06,125,0.00489621994967138,518,158,0.0000001,coinmetrics
2010-09-07,120,0.00495819741738873,408,160,0,coinmetrics
2010-09-08,174,0.00573599618291432,535,165,0.0000002,coinmetrics
2010-09-09,204,0.0047840893422885,530,135,0.1100001,coinmetrics
2010-09-10,171,0.0062724726932227,529,177,0.0000001,coinmetrics
2010-09-11,141,0.00567003181308267,426,160,0,coinmetrics
2010-09-12,199,0.0062724726932227,708,177,0.15,coinmetrics
2010-09-13,267,0.0060598465002321,722,171,0.0000001,coinmetrics
2010-09-14,227,0.00719385286284863,680,203,0.00960352,coinmetrics
2010-09-15,261,0.00598897110256856,666,169,0,coinmetrics
2010-09-16,211,0.00776085604415689,666,219,0,coinmetrics
2010-09-17,155,0.00737104135700746,1008,208,0,coinmetrics
2010-09-18,165,0.00839873462312869,573,237,0.18,coinmetrics
2010-09-19,149,0.00933199495165843,667,209,0,coinmetrics
2010-09-20,275,0.00926199956576555,711,203,0,coinmetrics
2010-09-21,631,0.00784760554340728,1227,172,0.0000001,coinmetrics
2010-09-22,520,0.0079388567706562,1056,174,0,coinmetrics
2010-09-23,399,0.0106763935881238,1027,234,0,coinmetrics
2010-09-24,268,0.0104026399063771,808,228,0,coinmetrics
2010-09-25,332,0.00944450202026339,837,207,0,coinmetrics
2010-09-26,206,0.00935325079301447,634,205,0,coinmetrics
2010-09-27,350,0.0104482655200015,1251,229,0.02,coinmetrics
2010-09-28,284,0.0104098858028698,1705,212,1.44,coinmetrics
2010-09-29,812,0.010750436774287,1203,164,0,coinmetrics
2010-09-30,215,0.00957051078686525,640,146,0,coinmetrics
2010-10-01,445,0.0100949223368305,852,154,0.56,coinmetrics
2010-10-02,404,0.00655514437456523,798,100,0.00776813,coinmetrics
2010-10-03,235,0.00799727613696959,648,122,0.00776625,coinmetrics
2010-10-04,258,0.0100293708930848,852,153,0.00000099,coinmetrics
2010-10-05,244,0.0082594819119522,688,126,0,coinmetrics
2010-10-06,231,0.0112092968805066,682,171,0.00000109,coinmetrics
2010-10-07,184,0.0104882309993044,654,160,0,coinmetrics
2010-10-08,207,0.0100949223368305,813,154,0,coinmetrics
2010-10-09,245,0.0103571281118131,753,158,0,coinmetrics
2010-10-10,186,0.0116681569867261,631,178,0,coinmetrics
2010-10-11,184,0.0104226795555587,632,159,0.00000109,coinmetrics
2010-10-12,195,0.0105175094359409,643,155,0,coinmetrics
2010-10-13,187,0.0120563786888564,929,176,0.35,coinmetrics
2010-10-14,159,0.014042941086452,626,205,0,coinmetrics
2010-10-15,152,0.0121248808404976,582,177,0,coinmetrics
2010-10-16,185,0.0176735551234372,933,258,0,coinmetrics
2010-10-17,186,0.018495580943132,751,270,0,coinmetrics
2010-10-18,328,0.0170570357586661,947,249,0.02,coinmetrics
2010-10-19,671,0.0175365508201548,1411,256,0,coinmetrics
2010-10-20,475,0.0180845680332846,1218,264,0,coinmetrics
2010-10-21,350,0.018337040329349,983,186,0.00776615,coinmetrics
2010-10-22,439,0.0164515818945875,958,154,0,coinmetrics
2010-10-23,341,0.0186949794256676,838,175,0.05,coinmetrics
2010-10-24,344,0.0218998330414963,848,205,0,coinmetrics
2010-10-25,209,0.0216861761337744,763,203,0,coinmetrics
2010-10-26,280,0.0257456573804908,900,241,0,coinmetrics
2010-10-27,353,0.022754460672384,1075,213,0,coinmetrics
2010-10-28,276,0.0233954313955498,1012,219,0,coinmetrics
2010-10-29,234,0.0238227452109936,829,223,0,coinmetrics
2010-10-30,174,0.0276237096817406,657,252,0,coinmetrics
2010-10-31,129,0.0275107023258776,609,179,0,coinmetrics
2010-11-01,180,0.0272033201769851,565,177,0,coinmetrics
2010-11-02,101,0.0270496291025389,446,176,0,coinmetrics
2010-11-03,157,0.0292013041447863,578,190,0,coinmetrics
2010-11-04,157,0.030891905963695,632,201,0,coinmetrics
2010-11-05,221,0.0336583453037274,828,219,0,coinmetrics
2010-11-06,165,0.0335046542292811,588,218,0,coinmetrics
2010-11-07,210,0.0370395489415447,688,241,0,coinmetrics
2010-11-08,241,0.042265045472717,1570,275,0.83,coinmetrics
2010-11-09,193,0.0399576940439629,651,217,0,coinmetrics
2010-11-10,196,0.0457771834440332,655,203,0,coinmetrics
2010-11-11,172,0.0493852373115432,594,219,0,coinmetrics
2010-11-12,117,0.0381100689755745,457,169,0,coinmetrics
2010-11-13,118,0.0502872507784207,587,223,0,coinmetrics
2010-11-14,164,0.0577288618801601,945,256,0,coinmetrics
2010-11-15,5457,0.0451006733438751,4487,200,0.48,coinmetrics
2010-11-16,8121,0.044424163243717,3228,197,0,coinmetrics
2010-11-17,186,0.0556993315796857,674,247,0,coinmetrics
2010-11-18,1846,0.063399410028978,651,257,0,coinmetrics
2010-11-19,9313,0.0512033075039661,635,150,0.1,coinmetrics
2010-11-20,9227,0.0395972244697338,783,116,1.04,coinmetrics
2010-11-21,9857,0.0477897536703684,768,140,0.98,coinmetrics
2010-11-22,199,0.0556409274876431,651,163,0.58,coinmetrics
2010-11-23,184,0.0477897536703684,627,140,0.53,coinmetrics
2010-11-24,3844,0.0604199028546799,960,177,0.12,coinmetrics
2010-11-25,4745,0.061785324388119,927,181,0,coinmetrics
2010-11-26,1089,0.066222944371796,1177,194,0.37,coinmetrics
2010-11-27,265,0.0614439690047592,828,180,0.02,coinmetrics
2010-11-28,281,0.0587131259378811,707,172,0,coinmetrics
2010-11-29,247,0.0713432751221925,905,209,0.03,coinmetrics
2010-11-30,261,0.0722655508954609,817,202,0.01,coinmetrics
2010-12-01,324,0.0754950217057436,1127,188,0.04,coinmetrics
2010-12-02,259,0.0754950217057436,770,188,0.06,coinmetrics
2010-12-03,198,0.0758965909701358,887,189,0.01,coinmetrics
2010-12-04,190,0.0919593615458261,731,229,0.01090727,coinmetrics
2010-12-05,192,0.0959750541897487,685,239,0.04,coinmetrics
2010-12-06,228,0.0967781927185332,742,241,0.04518713,coinmetrics
2010-12-07,330,0.0959750541897487,1138,239,0.07214637,coinmetrics
2010-12-08,282,0.0955734849253564,903,238,0.04,coinmetrics
2010-12-09,273,0.092247198273048,857,223,0.03727261,coinmetrics
2010-12-10,229,0.0895303811037848,644,147,0.07,coinmetrics
2010-12-11,367,0.106583787028315,1052,175,0.11724798,coinmetrics
2010-12-12,482,0.104147586181954,1220,171,0.14857412,coinmetrics
2010-12-13,510,0.0858760798342426,1685,141,0.31147648,coinmetrics
2010-12-14,470,0.104147586181954,1103,171,0.04892339,coinmetrics
2010-12-15,443,0.119373841471713,1081,196,0.06743052,coinmetrics
2010-12-16,358,0.105365686605134,954,173,0.10356946,coinmetrics
2010-12-17,294,0.101102335124002,795,166,0.23443294,coinmetrics
2010-12-18,348,0.09805708406605,879,161,0.06653564,coinmetrics
2010-12-19,371,0.112065238932629,1089,184,0.11564519,coinmetrics
2010-12-20,769,0.0968389836428693,1460,159,0.06699317,coinmetrics
2010-12-21,433,0.123479413447296,1083,196,0.15,coinmetrics
2010-12-22,516,0.113041823764728,1237,157,0.13743052,coinmetrics
2010-12-23,362,0.104401684368698,1002,145,0.06,coinmetrics
2010-12-24,379,0.106561719217705,845,148,0.07829328,coinmetrics
2010-12-25,465,0.120961951544422,1076,168,0.06743052,coinmetrics
2010-12-26,439,0.104401684368698,1032,145,0.09564519,coinmetrics
2010-12-27,378,0.119521928311751,1151,166,0.08664517,coinmetrics
2010-12-28,473,0.121681963160758,1015,169,0.09339267,coinmetrics
2010-12-29,383,0.118801916695415,1042,165,0.14752729,coinmetrics
2010-12-30,396,0.121681963160758,1049,169,0.0806039,coinmetrics
2010-12-31,382,0.116641881846407,876,162,0.02335061,coinmetrics
2011-01-01,473,0.130322102556788,1071,181,0.08915258,coinmetrics
2011-01-02,418,0.126002032858773,1097,175,0.08767732,coinmetrics
2011-01-03,997,0.123832415934612,1405,156,0.72825402,coinmetrics
2011-01-04,842,0.114301127146323,1111,141,0.03767732,coinmetrics
2011-01-05,1161,0.124839528939956,1497,154,0.08648973,coinmetrics
2011-01-06,519,0.114301127146323,1166,141,0.09308601,coinmetrics
2011-01-07,887,0.132945991858135,1269,164,0.04352512,coinmetrics
2011-01-08,1219,0.137809869609042,1439,170,0.01765433,coinmetrics
2011-01-09,1065,0.132135345566317,1390,163,0.15,coinmetrics
2011-01-10,1167,0.131324699274499,1458,162,0.05884469,coinmetrics
2011-01-11,1188,0.139431162192678,1564,172,0.05212907,coinmetrics
2011-01-12,988,0.135377930733588,1248,167,0.28,coinmetrics
2011-01-13,1102,0.152401502861764,1700,188,0.02493887,coinmetrics
2011-01-14,1080,0.146726978819039,1622,181,0.06493887,coinmetrics
2011-01-15,799,0.134789940555296,1425,157,0.10493887,coinmetrics
2011-01-16,731,0.159478007688148,1501,174,0.0862786,coinmetrics
2011-01-17,655,0.165893789606637,1356,181,0.1580748,coinmetrics
2011-01-18,708,0.129232178643844,1462,141,0.05768351,coinmetrics
2011-01-19,730,0.154895306317799,1523,169,0.05,coinmetrics
2011-01-20,749,0.170476490976986,1474,186,0.09736667,coinmetrics
2011-01-21,976,0.159478007688148,1931,174,0.05048576,coinmetrics
2011-01-22,1256,0.151229145221519,2184,165,0.46923415,coinmetrics
2011-01-23,914,0.155811846591869,1918,170,0.35905919,coinmetrics
2011-01-24,1156,0.172309571525125,2090,188,0.24,coinmetrics
2011-01-25,714,0.142980282754891,1410,156,0.11905919,coinmetrics
2011-01-26,827,0.164977249332567,1771,180,0.51,coinmetrics
2011-01-27,683,0.164238856456947,1472,160,0.19,coinmetrics
2011-01-28,961,0.1728901430173,1790,158,0.11,coinmetrics
2011-01-29,1156,0.176172867251806,2012,161,0.39195608,coinmetrics
2011-01-30,2612,0.170701660194296,3365,156,2.82108788,coinmetrics
2011-01-31,1055,0.186021039955323,2089,170,0.78108788,coinmetrics
2011-02-01,854,0.179455591486312,1901,164,0.77,coinmetrics
2011-02-02,727,0.1728901430173,1491,158,0.05817975,coinmetrics
2011-02-03,641,0.175078625840304,1273,160,0.16000999,coinmetrics
2011-02-04,714,0.212282833831369,1505,194,0.12359852,coinmetrics
2011-02-05,697,0.19586921265884,1514,179,0.17826263,coinmetrics
2011-02-06,684,0.193680729835836,1345,177,0.10112588,coinmetrics
2011-02-07,685,0.222131006534886,1389,203,0.31547204,coinmetrics
2011-02-08,711,0.209786304584443,1472,168,0.17736992,coinmetrics
2011-02-09,1054,0.248133431243539,2127,192,0.06551728,coinmetrics
2011-02-10,1852,0.240379261517178,3556,186,0.88294408,coinmetrics
2011-02-11,2163,0.240379261517178,4302,186,0.48910687,coinmetrics
2011-02-12,1735,0.253302877727779,3312,196,0.74186934,coinmetrics
2011-02-13,1605,0.255887600969899,3244,198,0.25,coinmetrics
2011-02-14,1824,0.253302877727779,4141,196,2.73,coinmetrics
2011-02-15,1956,0.290781364738522,3347,225,0.24346193,coinmetrics
2011-02-16,1872,0.299827896085942,2995,232,0.59,coinmetrics
2011-02-17,2042,0.298535534464882,3527,231,0.13346193,coinmetrics
2011-02-18,1815,0.361872356546793,3589,212,0.52,coinmetrics
2011-02-19,1436,0.291801360363519,2904,161,0.54,coinmetrics
2011-02-20,1753,0.358861300322836,3176,198,0.5,coinmetrics
2011-02-21,1804,0.351611577083991,3317,194,0.11,coinmetrics
2011-02-22,1944,0.382422900849083,3759,211,0.25546822,coinmetrics
2011-02-23,2042,0.440420686759845,3811,243,0.40785377,coinmetrics
2011-02-24,1886,0.375173177610238,3644,207,0.13769472,coinmetrics
2011-02-25,1847,0.407796932185041,3465,225,0.46097152,coinmetrics
2011-02-26,1639,0.500230903480318,3482,276,0.50049575,coinmetrics
2011-02-27,2058,0.548738299564689,3685,244,1.09,coinmetrics
2011-02-28,1549,0.414505490200174,3029,150,0.60445377,coinmetrics
2011-03-01,2697,0.359238091506817,5342,130,0.33085377,coinmetrics
2011-03-02,1758,0.464246149024195,3528,168,0.4578,coinmetrics
2011-03-03,3011,0.513986807848217,4893,186,7.0163,coinmetrics
2011-03-04,1767,0.610704755561592,3311,221,0.7108,coinmetrics
2011-03-05,1738,0.765453471902993,3547,277,2.47320002,coinmetrics
2011-03-06,1775,0.757163362098989,3340,274,5.2014,coinmetrics
2011-03-07,1719,0.583071056214914,3410,211,5.92707488,coinmetrics
2011-03-08,2270,0.516750177782885,3893,187,4.05000002,coinmetrics
2011-03-09,1653,0.503590332559942,3353,160,3.17779297,coinmetrics
2011-03-10,1596,0.41663112167079,2916,110,3.18833744,coinmetrics
2011-03-11,1718,0.492382234701844,3072,130,5.61222915,coinmetrics
2011-03-12,2872,0.530257791217371,3286,140,1.53693618,coinmetrics
2011-03-13,2549,0.443144011231659,2864,117,1.89539295,coinmetrics
2011-03-14,2543,0.424206232973896,2899,112,1.80522325,coinmetrics
2011-03-15,2725,0.424206232973896,3265,112,1.66139999,coinmetrics
2011-03-16,3202,0.51510756861116,3221,136,1.8,coinmetrics
2011-03-17,3073,0.534045346868923,3133,141,1.36939294,coinmetrics
2011-03-18,2631,0.454506678186317,3336,120,1.40139999,coinmetrics
2011-03-19,2901,0.435568899928554,2955,115,1.18779295,coinmetrics
2011-03-20,3728,0.518895124262713,4447,137,2.5170787,coinmetrics
2011-03-21,5783,0.560558236429792,4824,148,9.24789295,coinmetrics
2011-03-22,2220,0.450719122534764,3967,119,11.0502,coinmetrics
2011-03-23,4225,0.594646237293766,6561,157,16.9935627,coinmetrics
2011-03-24,2036,0.575708459036003,4450,152,8.41023194,coinmetrics
2011-03-25,1829,0.59678695292035,4172,173,5.1827,coinmetrics
2011-03-26,3192,0.473188789594268,4838,138,4.4501,coinmetrics
2011-03-27,2343,0.490333310956379,4933,143,6.4002327,coinmetrics
2011-03-28,2977,0.576055917766935,5444,168,4.3,coinmetrics
2011-03-29,2373,0.558911396404824,4473,163,3.48010001,coinmetrics
2011-03-30,1537,0.534909066497868,3574,156,4.0509,coinmetrics
2011-03-31,1885,0.689209758756868,4121,201,3.91,coinmetrics
2011-04-01,1387,0.603487151946312,3259,176,3.41,coinmetrics
2011-04-02,1622,0.617202769036001,3350,180,2.84040002,coinmetrics
2011-04-03,1617,0.60005824767389,3571,175,4.1491133,coinmetrics
2011-04-04,2190,0.610344960491157,4753,178,6.00815472,coinmetrics
2011-04-05,1881,0.677833306935831,4246,194,5.0305,coinmetrics
2011-04-06,1701,0.605826777408803,3806,148,4.73030001,coinmetrics
2011-04-07,1537,0.601733353237122,3454,147,3.0302,coinmetrics
2011-04-08,1617,0.679508412499063,3674,166,4.2501,coinmetrics
2011-04-09,1556,0.638574170782252,3584,156,4.2,coinmetrics
2011-04-10,1572,0.708162381700831,3547,173,5.32368921,coinmetrics
2011-04-11,1802,0.66722813998402,4109,163,4.34709964,coinmetrics
2011-04-12,1889,0.66722813998402,4258,163,4.49552894,coinmetrics
2011-04-13,2220,0.794124289306135,4764,194,4.51059999,coinmetrics
2011-04-14,2913,0.654947867468977,6169,160,13.70414348,coinmetrics
2011-04-15,1874,0.55670568734863,4150,136,2.529,coinmetrics
2011-04-16,1743,0.708162381700831,5128,173,3.69088576,coinmetrics
2011-04-17,2109,0.736816350902599,4418,180,2.1526,coinmetrics
2011-04-18,2947,0.660518719570172,5632,148,3.52510399,coinmetrics
2011-04-19,3399,0.706956041464806,6311,154,5.52128213,coinmetrics
2011-04-20,2809,0.661049805006052,5358,144,7.10490659,coinmetrics
2011-04-21,1759,0.674821675943678,4042,147,3.3737338,coinmetrics
2011-04-22,1907,0.807949761674064,4237,176,5.31,coinmetrics
2011-04-23,2145,0.789587267090563,4979,172,7.16109964,coinmetrics
2011-04-24,2291,0.743681030631809,4821,162,4.72222262,coinmetrics
2011-04-25,2342,0.88139974000807,5053,192,8.9316433,coinmetrics
2011-04-26,3203,0.895171610945696,6053,195,4.99050001,coinmetrics
2011-04-27,4394,0.840084127195192,7488,183,9.17167893,coinmetrics
2011-04-28,2819,0.75286227792356,6130,164,6.6105,coinmetrics
2011-04-29,3432,0.918124729175073,6915,200,7.74782689,coinmetrics
2011-04-30,4208,1.01573848814116,8113,189,10.20307272,coinmetrics
2011-05-01,3735,0.97586000943528,7423,179,11.05184732,coinmetrics
2011-05-02,2894,1.07399118356844,5974,197,4.88371355,coinmetrics
2011-05-03,2776,1.06853945167215,6123,196,4.86618089,coinmetrics
2011-05-04,2574,1.07399118356844,6335,197,6.34378725,coinmetrics
2011-05-05,3273,1.19392928528674,7151,219,9.64085224,coinmetrics
2011-05-06,3112,1.18847755339045,6956,218,7.63751661,coinmetrics
2011-05-07,3598,1.16667062580531,7114,214,6.4483187,coinmetrics
2011-05-08,2772,1.19392928528674,6630,219,7.83657543,coinmetrics
2011-05-09,3240,1.38366223925104,7510,239,10.45841447,coinmetrics
2011-05-10,2920,1.43201375569862,7096,183,8.10779259,coinmetrics
2011-05-11,2920,1.49461544993681,7122,191,8.12130806,coinmetrics
2011-05-12,3196,1.32246079078179,7283,169,7.28833412,coinmetrics
2011-05-13,3861,1.6198188384132,9457,207,11.61572268,coinmetrics
2011-05-14,4203,1.89370125070529,9075,242,14.48995627,coinmetrics
2011-05-15,3600,1.72154659155026,8414,220,15.04888381,coinmetrics
2011-05-16,4040,1.93282730960416,11803,247,14.49397959,coinmetrics
2011-05-17,4182,2.0110794274019,10384,257,13.66505175,coinmetrics
2011-05-18,5368,2.34847408033875,13150,288,20.24189126,coinmetrics
2011-05-19,4422,2.07506748741494,11783,171,15.62408138,coinmetrics
2011-05-20,4619,2.66967746918881,11699,220,17.56237894,coinmetrics
2011-05-21,4689,2.66967746918881,10592,220,21.06099033,coinmetrics
2011-05-22,5058,3.05799419197991,10846,252,18.70272222,coinmetrics
2011-05-23,5480,3.47058070994546,12217,286,18.08992548,coinmetrics
2011-05-24,5532,3.62833437857935,13132,299,20.94934931,coinmetrics
2011-05-25,6094,3.72541355927713,14760,307,21.5207418,coinmetrics
2011-05-26,6543,4.13245826911418,14268,296,20.54668649,coinmetrics
2011-05-27,4699,3.61018181654882,10903,167,13.83692316,coinmetrics
2011-05-28,4831,3.35076755428184,11552,155,13.90909051,coinmetrics
2011-05-29,4675,3.89121393400471,11521,180,14.56634876,coinmetrics
2011-05-30,5149,3.32914969909293,12585,154,18.24268795,coinmetrics
2011-05-31,5927,3.24267827833727,13982,150,20.23046184,coinmetrics
2011-06-01,6353,4.06415677551603,14043,188,23.87662548,coinmetrics
2011-06-02,6915,4.10739248589386,15459,190,23.45805289,coinmetrics
2011-06-03,8168,4.36680674816084,17741,202,26.17833617,coinmetrics
2011-06-04,8717,4.84239956231696,19728,224,32.57768915,coinmetrics
2011-06-05,8292,4.49651387929433,17662,208,23.36344953,coinmetrics
2011-06-06,9533,5.64243674096539,21083,233,29.54350482,coinmetrics
2011-06-07,8989,4.79385062049806,19206,170,29.78888092,coinmetrics
2011-06-08,11468,5.21683743995377,27266,185,45.00819876,coinmetrics
2011-06-09,12118,6.26020492794452,26219,222,42.48121433,coinmetrics
2011-06-10,11116,6.28840404924157,24275,223,38.20728678,coinmetrics
2011-06-11,10625,7.10617856685594,23839,252,35.31692116,coinmetrics
2011-06-12,12330,6.57039526221204,27257,233,45.7289672,coinmetrics
2011-06-13,10722,6.40120053442976,25165,227,35.08245643,coinmetrics
2011-06-14,13971,6.96518296037071,29777,247,36.26730066,coinmetrics
2011-06-15,12362,9.62253046711673,27660,279,40.07457391,coinmetrics
2011-06-16,12478,7.84685597858517,28666,180,32.0818861,coinmetrics
2011-06-17,11270,8.10841784453801,26437,186,31.49572779,coinmetrics
2011-06-18,11213,8.58794793211821,25899,197,27.53719378,coinmetrics
2011-06-19,11419,9.7213826845805,27866,223,25.34181596,coinmetrics
2011-06-20,10713,10.2009127721607,25564,234,20.16885088,coinmetrics
2011-06-21,9627,11.0291920143447,25256,253,18.13743532,coinmetrics
2011-06-22,11221,11.334347524623,26804,260,17.60613128,coinmetrics
2011-06-23,10114,10.4624746381135,24185,240,14.53406958,coinmetrics
2011-06-24,10834,11.5883019031324,25503,216,16.61449469,coinmetrics
2011-06-25,9580,9.80408293420605,22622,143,23.62483685,coinmetrics
2011-06-26,10154,10.2154430573196,24127,149,25.76275026,coinmetrics
2011-06-27,11360,11.5866434676981,30134,169,26.28861007,coinmetrics
2011-06-28,10515,10.9696032830277,25862,160,19.58238743,coinmetrics
2011-06-29,9765,11.7923235292548,24405,172,20.00802719,coinmetrics
2011-06-30,9348,13.0949639191144,23228,191,17.57090546,coinmetrics
2011-07-01,10569,11.8608835497737,30344,173,18.84183545,coinmetrics
2011-07-02,7720,11.5866434676981,32077,169,14.42533557,coinmetrics
2011-07-03,8215,11.3124033856224,22031,165,13.27006927,coinmetrics
2011-07-04,9601,11.655203488217,23834,170,16.46074622,coinmetrics
2011-07-05,8938,9.52984285213036,23645,139,18.68916213,coinmetrics
2011-07-06,10249,11.0198018544578,26601,157,17.00323248,coinmetrics
2011-07-07,8901,10.1785091494532,22643,131,13.69918696,coinmetrics
2011-07-08,8372,12.8202596157235,24961,165,13.39478229,coinmetrics
2011-07-09,7587,11.577082925714,22376,149,12.77588151,coinmetrics
2011-07-10,8541,10.6447004082068,29298,137,13.19902988,coinmetrics
2011-07-11,10166,12.1986712707187,25407,157,14.15022016,coinmetrics
2011-07-12,8155,10.9554945807092,23335,141,12.55909822,coinmetrics
2011-07-13,8874,14.840421736989,27138,191,15.24371017,coinmetrics
2011-07-14,8647,11.188590210086,28840,144,13.38272081,coinmetrics
2011-07-15,8082,12.5871639863467,24887,162,16.79000757,coinmetrics
2011-07-16,8548,12.1986712707187,23706,157,10.75447917,coinmetrics
2011-07-17,8179,13.2087523313515,24647,170,12.0536394,coinmetrics
2011-07-18,8712,13.2087523313515,27778,170,12.94699348,coinmetrics
2011-07-19,9031,11.2111707323077,25356,142,14.83125787,coinmetrics
2011-07-20,8682,12.5241780565162,25461,149,10.43802578,coinmetrics
2011-07-21,7961,12.7763427153722,25378,152,8.86043985,coinmetrics
2011-07-22,8920,12.6922878290869,24428,151,13.87055574,coinmetrics
2011-07-23,7194,12.2720133976602,21547,146,7.39407406,coinmetrics
2011-07-24,8338,13.953111123367,23903,166,11.75044893,coinmetrics
2011-07-25,9155,13.8690562370817,26768,165,10.69080373,coinmetrics
2011-07-26,8044,14.7936599862205,23317,176,7.63834995,coinmetrics
2011-07-27,7851,14.6255502136498,23742,174,9.03092954,coinmetrics
2011-07-28,8022,13.0285073742283,25905,155,7.55650755,coinmetrics
2011-07-29,7111,13.7850013507964,22490,164,7.28497624,coinmetrics
2011-07-30,5948,12.7763427153722,19350,152,5.45750834,coinmetrics
2011-07-31,8112,14.7096050999351,24519,175,6.93847374,coinmetrics
2011-08-01,8296,14.8724516683645,24432,165,7.9354235,coinmetrics
2011-08-02,8336,14.4593828449778,20824,154,7.24631224,coinmetrics
2011-08-03,7656,14.7410591341657,18614,157,8.09375445,coinmetrics
2011-08-04,8195,12.1120804350788,19254,129,7.8835978,coinmetrics
2011-08-05,7557,13.1448934954344,21833,140,6.62537998,coinmetrics
2011-08-06,6266,11.4548357603071,19507,122,23.70311849,coinmetrics
2011-08-07,6618,11.830404145891,20134,126,6.64379373,coinmetrics
2011-08-08,7254,12.7693251098506,24672,136,7.95948352,coinmetrics
2011-08-09,9020,13.7082460738102,23592,146,11.65018984,coinmetrics
2011-08-10,8050,14.2715986521859,19400,152,10.68175176,coinmetrics
2011-08-11,7476,12.8632172062465,18286,137,7.09581985,coinmetrics
2011-08-12,7116,12.2998646278708,17412,131,6.28972454,coinmetrics
2011-08-13,7464,12.2059725314748,19665,130,7.37734769,coinmetrics
2011-08-14,7262,12.3937567242667,21211,132,9.84656947,coinmetrics
2011-08-15,8028,12.0831688883706,18940,129,9.58395511,coinmetrics
2011-08-16,9539,13.1949956893324,20993,147,9.75041709,coinmetrics
2011-08-17,7579,12.2076150595184,20652,136,6.90419579,coinmetrics
2011-08-18,7497,12.9257100630195,20917,144,6.0709869,coinmetrics
2011-08-19,7369,11.7588056823302,21995,131,7.73290399,coinmetrics
2011-08-20,6944,13.6438050665206,21238,152,5.39711589,coinmetrics
2011-08-21,7412,14.3619000700216,22424,160,5.42676264,coinmetrics
2011-08-22,7743,15.1697569489604,25255,169,7.58704791,coinmetrics
2011-08-23,7054,13.9130906928335,22523,155,6.96246633,coinmetrics
2011-08-24,7367,12.0280913086431,22638,134,8.8183626,coinmetrics
2011-08-25,7035,12.1178531840808,23091,135,5.96864237,coinmetrics
2011-08-26,7313,13.1949956893324,21283,147,4.69004676,coinmetrics
2011-08-27,6289,10.9509488033915,21244,122,5.14345046,coinmetrics
2011-08-28,5376,10.4123775507657,18378,116,4.31843854,coinmetrics
2011-08-29,8146,12.3871388103937,18823,138,5.5127049,coinmetrics
2011-08-30,7537,12.9344819425046,17324,146,9.8799633,coinmetrics
2011-08-31,7143,13.69791557035,17149,155,5.82417001,coinmetrics
2011-09-01,6926,11.4002007004848,16589,129,5.50330151,coinmetrics
2011-09-02,7037,13.786289219191,16363,156,6.85966214,coinmetrics
2011-09-03,5738,12.8141790819403,14319,145,3.78630354,coinmetrics
2011-09-04,7113,11.8420689446897,17822,134,10.09660248,coinmetrics
2011-09-05,6841,13.786289219191,18193,156,6.94492577,coinmetrics
2011-09-06,7852,13.3444209749861,18872,151,6.63597124,coinmetrics
2011-09-07,6814,12.0188162423716,16855,136,8.10697566,coinmetrics
2011-09-08,6407,11.4002007004848,15832,129,4.56678507,coinmetrics
2011-09-09,7096,13.609541921509,18354,154,7.76884921,coinmetrics
2011-09-10,5933,11.7536952958487,16167,133,5.33416102,coinmetrics
2011-09-11,6463,11.046706105121,15739,125,5.22516294,coinmetrics
2011-09-12,6154,11.7536952958487,15899,133,5.12234141,coinmetrics
2011-09-13,6434,12.4546245929338,14959,142,4.20222359,coinmetrics
2011-09-14,6165,12.74034923428,15192,146,3.89359069,coinmetrics
2011-09-15,6240,13.6129758941622,15482,156,7.25705885,coinmetrics
2011-09-16,6142,10.384257252598,14476,119,4.95936812,coinmetrics
2011-09-17,5264,11.6931972424213,12903,134,5.21074605,coinmetrics
2011-09-18,5862,13.7875012261386,14196,158,5.4143908,coinmetrics
2011-09-19,6676,11.0823585805038,16499,127,5.88476262,coinmetrics
2011-09-20,7890,12.2167732383506,21500,140,6.5208347,coinmetrics
2011-09-21,7670,12.74034923428,18297,146,5.26628176,coinmetrics
2011-09-22,5935,12.9148745662564,17486,148,3.79354479,coinmetrics
2011-09-23,6139,11.6059345764331,19216,133,4.10038145,coinmetrics
2011-09-24,5621,11.2568839124802,19656,129,6.81584932,coinmetrics
2011-09-25,5654,11.954985240386,19723,137,3.3184642,coinmetrics
2011-09-26,5459,11.6931972424213,17623,134,2.92490596,coinmetrics
2011-09-27,5979,11.5763660012633,18461,133,4.70787361,coinmetrics
2011-09-28,5885,12.3446585058284,13766,147,4.39503342,coinmetrics
2011-09-29,5263,10.4971585933915,12324,125,3.30341206,coinmetrics
2011-09-30,5835,10.2452267871501,13620,122,3.81667071,coinmetrics
2011-10-01,5316,12.0087494308399,13286,143,3.57949369,coinmetrics
2011-10-02,4957,10.161249518403,11856,121,3.18605542,coinmetrics
2011-10-03,6407,12.1767039683341,14031,145,9.07285772,coinmetrics
2011-10-04,5442,9.40545409967877,13371,112,3.56885208,coinmetrics
2011-10-05,5644,12.1767039683341,13475,145,3.88064901,coinmetrics
2011-10-06,5792,10.7490903996329,14660,128,8.35296635,coinmetrics
2011-10-07,5604,11.5888630871042,13622,138,4.06618831,coinmetrics
2011-10-08,5240,9.99329498090869,12331,119,3.35053522,coinmetrics
2011-10-09,5430,10.6651131308857,12398,127,2.90128569,coinmetrics
2011-10-10,5729,10.3292040558972,13498,123,3.41794749,coinmetrics
2011-10-11,5979,7.80988599348326,13852,93,5.40075173,coinmetrics
2011-10-12,5692,10.0772722496558,13370,120,4.79396967,coinmetrics
2011-10-13,4818,8.14579506847179,11340,97,3.76815092,coinmetrics
2011-10-14,5973,10.166816043685,14662,139,3.37394904,coinmetrics
2011-10-15,5443,9.77990833452232,13000,134,3.35847983,coinmetrics
2011-10-16,4839,8.68514247618027,11949,119,3.21302504,coinmetrics
2011-10-17,5701,8.61215808562414,14480,118,4.47937142,coinmetrics
2011-10-18,4919,8.75812686673641,12586,120,2.92512318,coinmetrics
2011-10-19,4832,9.70692394396618,12283,133,3.10009553,coinmetrics
2011-10-20,4532,8.39320491395573,11014,115,5.945581,coinmetrics
2011-10-21,5090,8.83111125729255,11937,121,2.67537394,coinmetrics
2011-10-22,5333,7.15247027450141,12833,98,2.94977161,coinmetrics
2011-10-23,5480,7.88231418006277,13144,108,3.0957275,coinmetrics
2011-10-24,5530,9.26901760062936,13637,127,3.48695513,coinmetrics
2011-10-25,5078,9.41498638174164,12817,129,2.67374565,coinmetrics
2011-10-26,5276,8.539173695068,12848,117,3.13778863,coinmetrics
2011-10-27,4644,7.29843905561368,11685,100,2.84283905,coinmetrics
2011-10-28,4754,7.66336100839436,11948,105,2.80157683,coinmetrics
2011-10-29,5685,8.24723613284346,13153,113,3.6562157,coinmetrics
2011-10-30,4627,8.10126735173118,10844,111,3.08731724,coinmetrics
2011-10-31,5106,7.9817583180385,12167,131,3.17315967,coinmetrics
2011-11-01,5704,8.97366252740125,12935,150,5.06672556,coinmetrics
2011-11-02,5890,9.21296019479862,13426,154,3.22121713,coinmetrics
2011-11-03,6266,7.4780521061677,13257,125,2.89339695,coinmetrics
2011-11-04,6180,8.79418927685322,15306,147,3.09651899,coinmetrics
2011-11-05,5646,8.73436486000388,13380,146,3.7509394,coinmetrics
2011-11-06,4891,8.6147160263052,11361,144,2.20723719,coinmetrics
2011-11-07,5502,7.89682302411309,13062,132,3.52656792,coinmetrics
2011-11-08,5819,8.91383811055191,13485,149,4.09145684,coinmetrics
2011-11-09,6543,9.63173111274402,14843,161,3.36284143,coinmetrics
2011-11-10,6214,8.43524277575717,13935,141,3.28109673,coinmetrics
2011-11-11,5070,7.11910560507164,12393,119,2.16627619,coinmetrics
2011-11-12,4677,8.55489160945586,11482,143,2.34344029,coinmetrics
2011-11-13,5577,8.6147160263052,13104,144,2.89395222,coinmetrics
2011-11-14,5407,8.49929832916981,13220,143,2.71019744,coinmetrics
2011-11-15,6239,9.7810984737963,14691,165,3.09375572,coinmetrics
2011-11-16,5878,8.00271693310608,13106,135,3.5893076,coinmetrics
2011-11-17,4882,8.23983447186477,12268,139,3.04744897,coinmetrics
2011-11-18,4941,7.88415816372673,12265,133,3.21931668,coinmetrics
2011-11-19,4587,7.29136431682999,10174,123,3.14377243,coinmetrics
2011-11-20,4893,8.47695201062347,11013,143,4.09467568,coinmetrics
2011-11-21,4856,6.99496739338162,10444,118,2.58214243,coinmetrics
2011-11-22,5267,8.29911385655445,11489,140,2.94898789,coinmetrics
2011-11-23,5386,7.94343754841641,11364,134,3.5297893,coinmetrics
2011-11-24,4934,6.69857046993325,10972,113,3.93691281,coinmetrics
2011-11-25,5280,8.00271693310608,11514,135,4.39227399,coinmetrics
2011-11-26,4570,7.11352616276097,10255,120,2.73075646,coinmetrics
2011-11-27,4979,6.75784985462292,10815,114,2.5539407,coinmetrics
2011-11-28,5801,7.52848185558868,12645,127,3.07555433,coinmetrics
2011-11-29,6412,7.86179939603625,14735,138,5.03436591,coinmetrics
2011-11-30,6603,8.78360282822736,15161,162,2.9756703,coinmetrics
2011-12-01,6330,9.86799823911963,14223,182,4.53891441,coinmetrics
2011-12-02,5890,7.91608649951354,12915,146,4.53895389,coinmetrics
2011-12-03,5707,8.24140512278123,13099,152,4.64832001,coinmetrics
2011-12-04,5085,7.37388879406741,11618,136,2.850854,coinmetrics
2011-12-05,6176,8.5667237460489,13358,158,3.1576801,coinmetrics
2011-12-06,7805,9.27158076312888,15120,171,4.11239046,coinmetrics
2011-12-07,6097,7.48232833515664,13108,138,3.88469248,coinmetrics
2011-12-08,5588,8.89204236931658,14099,164,2.79302224,coinmetrics
2011-12-09,5426,7.97030627005816,11646,147,2.98004826,coinmetrics
2011-12-10,5555,7.80764695842432,11990,144,2.88171492,coinmetrics
2011-12-11,5047,8.24140512278123,11902,152,220.26891875,coinmetrics
2011-12-12,4898,6.96904576736711,11460,127,177.25090441,coinmetrics
2011-12-13,5080,7.57907924583361,11933,132,4.29630975,coinmetrics
2011-12-14,5553,8.78484185312531,12005,153,3.60771474,coinmetrics
2011-12-15,5030,6.4307339055558,10405,112,7.89071743,coinmetrics
2011-12-16,4943,6.77523750763915,10534,118,2.68758378,coinmetrics
2011-12-17,4591,8.61259005208364,9958,150,3.49735366,coinmetrics
2011-12-18,4600,8.2680864500003,9955,144,3.21175952,coinmetrics
2011-12-19,5606,9.12934545520865,12637,159,4.14417376,coinmetrics
2011-12-20,6292,7.69391377986139,13868,134,5.88158532,coinmetrics
2011-12-21,5393,8.55517278506975,11719,149,4.28248176,coinmetrics
2011-12-22,5723,8.49775551805586,12176,148,3.48331211,coinmetrics
2011-12-23,5356,8.15325191597251,11732,142,2.54099651,coinmetrics
2011-12-24,4523,8.32550371701418,10318,145,2.26243962,coinmetrics
2011-12-25,5138,9.99060446041701,11829,174,2.95722873,coinmetrics
2011-12-26,5538,10.1742838905499,12271,177,3.20939154,coinmetrics
2011-12-27,4989,8.36075916846583,11605,145,3.10599914,coinmetrics
2011-12-28,4967,8.93736324904968,11047,155,3.59361524,coinmetrics
2011-12-29,4968,7.95713631205714,11125,138,3.66615096,coinmetrics
2011-12-30,4892,8.18777794429067,10437,142,3.25513587,coinmetrics
2011-12-31,5027,8.70672161681614,10983,151,4.10688148,coinmetrics
2012-01-01,4831,8.82204243293291,11474,153,3.44370788,coinmetrics
2012-01-02,5390,8.70672161681614,12094,151,5.54740864,coinmetrics
2012-01-03,5517,9.16800488128322,12934,159,5.46500094,coinmetrics
2012-01-04,5778,8.59140080069937,12763,149,14.19312876,coinmetrics
2012-01-05,6717,8.4760799845826,15378,147,5.9533829,coinmetrics
2012-01-06,6362,9.85992977798385,14524,171,6.13445621,coinmetrics
2012-01-07,5955,10.6095150827429,13829,184,4.66858558,coinmetrics
2012-01-08,6116,9.57473527320661,14549,163,3.59259715,coinmetrics
2012-01-09,6016,10.196782731553,15286,164,6.52666106,coinmetrics
2012-01-10,6309,8.76674612895719,15541,141,4.76118333,coinmetrics
2012-01-11,7085,9.51285218248546,16961,153,5.68863139,coinmetrics
2012-01-12,6662,9.63720319140684,14087,155,41.32223565,coinmetrics
2012-01-13,6554,8.7045706244965,14317,140,12.63861056,coinmetrics
2012-01-14,6794,9.32632566910339,14683,150,10.17800219,coinmetrics
2012-01-15,6017,8.64239512003582,13421,139,23.02838049,coinmetrics
2012-01-16,6812,10.8807132806206,14860,175,29.07327978,coinmetrics
2012-01-17,6829,9.76155420032821,14887,157,7.80493651,coinmetrics
2012-01-18,6399,7.95846457096824,14263,128,10.68730143,coinmetrics
2012-01-19,6720,9.32632566910339,15211,150,27.54301178,coinmetrics
2012-01-20,6576,9.01544814679995,14105,145,24.66002642,coinmetrics
2012-01-21,6164,10.196782731553,13487,164,4.87582481,coinmetrics
2012-01-22,5238,8.79571160032404,11492,136,3.04349878,coinmetrics
2012-01-23,6092,11.0512799993501,13508,170,5.10163199,coinmetrics
2012-01-24,7218,9.03604658770391,15215,139,10.80555719,coinmetrics
2012-01-25,7866,9.62111435237539,16707,148,10.12035195,coinmetrics
2012-01-26,6181,8.97103905829597,13823,138,5.37378791,coinmetrics
2012-01-27,6122,9.16606164651979,14379,141,22.86543825,coinmetrics
2012-01-28,5899,9.42609176415156,13257,145,9.12996959,coinmetrics
2012-01-29,6203,10.8562574111263,14267,167,220.81327674,coinmetrics
2012-01-30,5881,11.181295058166,13370,172,28.71874725,coinmetrics
2012-01-31,6933,9.75112941119127,15858,150,8.27920867,coinmetrics
2012-02-01,6378,9.16606164651979,15161,141,3.82532168,coinmetrics
2012-02-02,6870,10.3361971758628,15694,159,11.40708454,coinmetrics
2012-02-03,7006,10.2711896464548,17088,158,7.29918464,coinmetrics
2012-02-04,7073,10.5243675112882,16038,157,8.44644152,coinmetrics
2012-02-05,6565,9.73873575999821,14720,142,4.23219624,coinmetrics
2012-02-06,6074,10.0130663447869,14174,146,4.45452233,coinmetrics
2012-02-07,6793,9.39582252901235,14474,137,6.39865213,coinmetrics
2012-02-08,6984,9.94448369858972,14819,145,5.13418159,coinmetrics
2012-02-09,7258,9.94448369858972,14871,145,7.36132278,coinmetrics
2012-02-10,8496,9.46440517520953,16819,138,4.25715444,coinmetrics
2012-02-11,7447,10.2873969295756,14944,150,3.96508926,coinmetrics
2012-02-12,6790,10.8360580991529,14056,158,3.79608105,coinmetrics
2012-02-13,8028,9.39582252901235,16556,137,5.49599454,coinmetrics
2012-02-14,9476,9.46440517520953,18756,138,15.76436781,coinmetrics
2012-02-15,9392,9.19007459042084,18243,134,6.73177141,coinmetrics
2012-02-16,9040,9.46440517520953,17722,138,8.85362396,coinmetrics
2012-02-17,6532,10.4245622219699,14218,152,3.70399153,coinmetrics
2012-02-18,6283,11.7103384053747,14337,171,3.21621826,coinmetrics
2012-02-19,5764,10.8097843789034,13197,158,2.64479077,coinmetrics
2012-02-20,6430,9.57828995599037,14828,140,4.35283223,coinmetrics
2012-02-21,6091,8.82571003087685,14362,129,3.19851658,coinmetrics
2012-02-22,6992,10.8782007357319,16120,159,3.433529,coinmetrics
2012-02-23,8044,11.3571152335314,18129,166,5.20704941,coinmetrics
2012-02-24,6744,10.1940371674469,16256,149,4.30575197,coinmetrics
2012-02-25,6029,11.2886988767029,14844,165,3.04870838,coinmetrics
2012-02-26,5600,10.2624535242754,13193,150,3.38428201,coinmetrics
2012-02-27,6752,10.5361189515894,15336,154,6.04736552,coinmetrics
2012-02-28,6473,10.9466170925604,16054,160,3.49948471,coinmetrics
2012-02-29,6632,12.246527872302,15562,179,3.65116503,coinmetrics
2012-03-01,6661,10.3308698811039,16097,151,6.45537862,coinmetrics
2012-03-02,7501,9.65969774133957,17925,134,4.6708826,coinmetrics
2012-03-03,5223,8.40891868350108,12413,113,3.34281104,coinmetrics
2012-03-04,6202,10.1948837136252,14600,137,3.78266746,coinmetrics
2012-03-05,6857,10.7902053903333,16264,145,5.42830118,coinmetrics
2012-03-06,6299,10.1948837136252,15360,137,4.65375738,coinmetrics
2012-03-07,6466,11.4599422766298,15193,154,4.0211343,coinmetrics
2012-03-08,6386,11.6087726958068,15555,156,4.08147223,coinmetrics
2012-03-09,6419,12.5017552108689,15970,168,4.1819111,coinmetrics
2012-03-10,5208,12.2785095821034,13042,165,4.39026369,coinmetrics
2012-03-11,4897,9.97163808485969,12053,134,2.76833951,coinmetrics
2012-03-12,6280,12.3529247916919,15290,166,3.929744,coinmetrics
2012-03-13,7170,11.9064335341608,16216,160,11.4625264,coinmetrics
2012-03-14,6742,10.1948837136252,16391,137,5.1367538,coinmetrics
2012-03-15,6188,9.00424036020913,14920,121,3.48120577,coinmetrics
2012-03-16,6631,11.392852670267,16092,153,8.73077121,coinmetrics
2012-03-17,6872,12.6617048492277,16492,170,3.64763934,coinmetrics
2012-03-18,5888,11.9168986816261,13966,160,3.26727292,coinmetrics
2012-03-19,6620,10.6507281967033,15579,143,4.26657468,coinmetrics
2012-03-20,6384,11.9168986816261,15537,160,4.67126807,coinmetrics
2012-03-21,6818,11.7679374481057,16079,158,3.35420326,coinmetrics
2012-03-22,6463,11.7679374481057,15782,158,3.37842732,coinmetrics
2012-03-23,6013,9.38455771178052,14184,126,4.28174433,coinmetrics
2012-03-24,6176,13.70443348387,13792,184,14.88836508,coinmetrics
2012-03-25,6055,11.6934568313456,14501,157,6.98000255,coinmetrics
2012-03-26,6660,11.2465731307846,16361,151,3.5272506,coinmetrics
2012-03-27,6410,11.6189762145854,15179,156,4.29409007,coinmetrics
2012-03-28,6895,11.1720925140244,15846,150,4.70500298,coinmetrics
2012-03-29,7638,11.2031044531912,17441,141,4.674722,coinmetrics
2012-03-30,6632,12.4518874670767,15053,154,4.2526487,coinmetrics
2012-03-31,6047,13.7455900610586,14120,170,4.67044821,coinmetrics
2012-04-01,5424,11.4816105215902,12842,142,3.79019858,coinmetrics
2012-04-02,6396,9.37934380636944,14925,116,4.23804944,coinmetrics
2012-04-03,7548,10.7539028124753,18598,133,4.97549642,coinmetrics
2012-04-04,7076,11.0773284609708,16652,137,4.92289303,coinmetrics
2012-04-05,6897,9.46020021849331,16870,117,5.08743188,coinmetrics
2012-04-06,6593,10.9964720488469,15543,136,4.55230007,coinmetrics
2012-04-07,5828,10.4304771639798,14271,129,3.83199687,coinmetrics
2012-04-08,5697,12.1284618185812,13664,150,3.7446752,coinmetrics
2012-04-09,6533,11.8050361700857,15395,146,4.12337,coinmetrics
2012-04-10,8345,11.8858925822095,17407,147,6.76317783,coinmetrics
2012-04-11,7994,11.4007541094663,18806,141,5.99264429,coinmetrics
2012-04-12,7840,10.1744659550845,18394,127,5.52846468,coinmetrics
2012-04-13,7186,9.64793609350192,16330,123,4.58348946,coinmetrics
2012-04-14,7885,10.9029521707054,17049,139,5.9034423,coinmetrics
2012-04-15,7082,8.39292001629841,16157,107,3.43233416,coinmetrics
2012-04-16,8371,11.7657757237828,18862,150,5.89421381,coinmetrics
2012-04-17,7776,10.5891981514045,18828,135,6.81279204,coinmetrics
2012-04-18,8396,10.1970056272785,19340,130,6.1545368,coinmetrics
2012-04-19,7639,12.3148452575594,17558,157,5.93884531,coinmetrics
2012-04-20,8095,12.0795297430837,19264,154,7.17345209,coinmetrics
2012-04-21,7180,12.0795297430837,16495,154,4.89529447,coinmetrics
2012-04-22,6080,10.9813906755306,14447,140,4.84142314,coinmetrics
2012-04-23,7218,10.5891981514045,17264,135,4.41499301,coinmetrics
2012-04-24,7455,10.8245136658802,17187,138,6.47879029,coinmetrics
2012-04-25,7366,9.9616901128028,17264,127,5.58132728,coinmetrics
2012-04-26,10049,12.1579682479089,19928,155,13.42492001,coinmetrics
2012-04-27,6873,10.2376953938086,16191,135,5.76731988,coinmetrics
2012-04-28,7303,11.3988447025059,15943,152,7.08320845,coinmetrics
2012-04-29,7661,13.4236394851879,16232,179,3.94050767,coinmetrics
2012-04-30,9138,13.4236394851879,18877,179,5.03599379,coinmetrics
2012-05-01,10211,12.7487078909606,20427,170,7.12012572,coinmetrics
2012-05-02,9777,11.2488599037887,19907,150,6.99131507,coinmetrics
2012-05-03,13786,11.7738066992989,22009,157,10.84808946,coinmetrics
2012-05-04,14435,12.0737762967332,22962,161,10.74153325,coinmetrics
2012-05-05,12393,12.5237306928848,19627,167,7.6991075,coinmetrics
2012-05-06,11029,12.298753494809,22444,164,7.40766949,coinmetrics
2012-05-07,18309,12.7487078909606,25802,170,14.14263953,coinmetrics
2012-05-08,17280,13.1986622871121,23419,176,12.54121044,coinmetrics
2012-05-09,17387,13.3085059314025,25272,166,13.45139824,coinmetrics
2012-05-10,13336,11.1144094560379,22041,129,9.85749399,coinmetrics
2012-05-11,16983,12.320624435763,24667,143,11.03041115,coinmetrics
2012-05-12,18144,11.0282512432004,22910,128,11.06074525,coinmetrics
2012-05-13,15185,12.0621497972505,20661,140,12.39102246,coinmetrics
2012-05-14,28372,11.975991584413,32619,139,27.53764834,coinmetrics
2012-05-15,22976,11.2005676688754,27730,130,21.38313663,coinmetrics
2012-05-16,16700,10.4251437533379,25132,121,11.94194966,coinmetrics
2012-05-17,17558,9.99435268915038,22883,116,11.99430891,coinmetrics
2012-05-18,24246,12.492940861438,26196,145,17.08644124,coinmetrics
2012-05-19,36838,12.837573712788,32917,149,32.76391802,coinmetrics
2012-05-20,29021,11.8898333715755,28225,138,18.77460842,coinmetrics
2012-05-21,31704,10.8559348175254,30487,126,19.64923127,coinmetrics
2012-05-22,23837,9.90819447631288,27919,115,13.11892586,coinmetrics
2012-05-23,26490,11.2005676688754,28839,130,18.77854751,coinmetrics
2012-05-24,27026,10.5224859427787,28799,125,19.52089438,coinmetrics
2012-05-25,28930,9.57022460788025,30265,121,19.88656227,coinmetrics
2012-05-26,22572,11.2311726803223,24989,142,14.63599884,coinmetrics
2012-05-27,26589,12.5757496913468,26493,159,17.71345233,coinmetrics
2012-05-28,29730,11.2311726803223,29737,142,20.51997152,coinmetrics
2012-05-29,30163,9.96568843465216,34480,126,16.22077198,coinmetrics
2012-05-30,25386,10.3611522614241,28755,131,19.02871557,coinmetrics
2012-05-31,20325,10.9148016189047,28044,138,12.1167877,coinmetrics
2012-06-01,26690,12.0221003338661,28549,152,16.24847818,coinmetrics
2012-06-02,12938,12.6548424567012,21002,160,7.31389457,coinmetrics
2012-06-03,34668,12.1011930992205,31043,153,19.88955408,coinmetrics
2012-06-04,45794,12.2593786299292,42162,155,28.81683827,coinmetrics
2012-06-05,42459,11.6266365070942,39781,147,29.13634502,coinmetrics
2012-06-06,17186,12.1011930992205,25187,153,12.24589512,coinmetrics
2012-06-07,32767,10.9793693798666,34826,139,21.46460519,coinmetrics
2012-06-08,23931,11.0967278712018,28664,141,16.44579223,coinmetrics
2012-06-09,33081,13.4577338012448,31108,171,23.09451736,coinmetrics
2012-06-10,39755,13.0642328129043,33266,166,24.40582552,coinmetrics
2012-06-11,32626,11.0180276735337,32475,140,18.50693074,coinmetrics
2012-06-12,19904,12.2772308362233,24995,156,12.16013868,coinmetrics
2012-06-13,54952,11.8050296502147,46530,150,36.92268537,coinmetrics
2012-06-14,61850,12.2772308362233,49894,156,38.84375792,coinmetrics
2012-06-15,55702,12.5133314292276,49687,159,34.02898644,coinmetrics
2012-06-16,42429,12.2772308362233,39061,156,27.69091436,coinmetrics
2012-06-17,43477,12.9068324175681,39723,164,26.11405866,coinmetrics
2012-06-18,38035,13.7725345919172,36797,175,27.1884845,coinmetrics
2012-06-19,36798,11.5689290572104,36392,147,25.76292857,coinmetrics
2012-06-20,32390,11.7465395634511,32748,145,22.09337475,coinmetrics
2012-06-21,26539,11.6726201299774,29558,136,31.88133747,coinmetrics
2012-06-22,22303,11.8442763083594,28511,138,19.36279214,coinmetrics
2012-06-23,22288,14.0758066273256,30627,164,17.86318059,coinmetrics
2012-06-24,22145,11.2434796840223,28191,131,14.50633007,coinmetrics
2012-06-25,28753,13.2175257354155,34552,154,16.30458294,coinmetrics
2012-06-26,30324,12.7883852894605,36059,149,18.33350654,coinmetrics
2012-06-27,30153,13.9899785381346,38748,163,17.84777969,coinmetrics
2012-06-28,26980,11.7584482191684,33425,137,16.20129355,coinmetrics
2012-06-29,23076,12.5309010218875,33393,146,11.98135192,coinmetrics
2012-06-30,22016,11.3293077732133,31588,132,13.57960179,coinmetrics
2012-07-01,19380,12.1875886651234,32067,142,10.17673021,coinmetrics
2012-07-02,25297,13.0458695570335,36621,152,18.77832788,coinmetrics
2012-07-03,21483,13.7324942705616,33766,160,11.21317663,coinmetrics
2012-07-04,22996,12.9793743590605,31437,150,13.37563737,coinmetrics
2012-07-05,22021,12.5373999161985,28191,144,13.26942361,coinmetrics
2012-07-06,24275,13.4951179653525,29504,155,16.73281956,coinmetrics
2012-07-07,25224,14.4528360145065,31952,166,42.46233951,coinmetrics
2012-07-08,20324,13.3209874109609,26508,153,11.53990787,coinmetrics
2012-07-09,25585,14.1916401829191,32749,163,15.84949395,coinmetrics
2012-07-10,34925,13.0597915793734,37181,150,24.03299521,coinmetrics
2012-07-11,30678,11.6667471442402,34994,134,19.11698785,coinmetrics
2012-07-12,24401,13.0597915793734,34534,150,13.33673457,coinmetrics
2012-07-13,24416,14.1916401829191,31537,163,14.54797377,coinmetrics
2012-07-14,22094,14.0175096285274,29266,161,16.01329276,coinmetrics
2012-07-15,26420,12.1891388074152,30708,140,17.04447676,coinmetrics
2012-07-16,31205,13.0597915793734,36788,150,21.0424152,coinmetrics
2012-07-17,35090,15.3751753244013,40504,172,20.14636431,coinmetrics
2012-07-18,32359,14.3807163259464,34020,155,26.80097112,coinmetrics
2012-07-19,31374,12.5251400258242,36644,135,27.39211001,coinmetrics
2012-07-20,36266,13.7312646209036,35675,148,29.95418638,coinmetrics
2012-07-21,34801,13.0818129158609,36149,141,20.17594583,coinmetrics
2012-07-22,36295,14.3807163259464,40800,155,21.87991919,coinmetrics
2012-07-23,30831,13.0818129158609,40413,141,17.83855375,coinmetrics
2012-07-24,28962,14.937389215983,38712,161,16.58156177,coinmetrics
2012-07-25,25971,14.8446104009769,30961,160,14.3731866,coinmetrics
2012-07-26,30352,15.6796197360319,30559,169,18.05062605,coinmetrics
2012-07-27,27153,16.5146290710868,32339,178,17.60861154,coinmetrics
2012-07-28,35261,14.1951586959342,38741,153,20.56924291,coinmetrics
2012-07-29,34002,15.4012832910135,35848,166,18.04812615,coinmetrics
2012-07-30,34268,17.107819605368,36116,176,20.19402521,coinmetrics
2012-07-31,42334,13.1616509655561,59564,130,22.28433697,coinmetrics
2012-08-01,30125,13.5666248414194,40578,134,19.5152902,coinmetrics
2012-08-02,32700,16.7051723793597,42075,165,19.05125238,coinmetrics
2012-08-03,27161,16.4014419724622,35901,162,24.47241133,coinmetrics
2012-08-04,29498,15.7939811586673,36278,156,16.8916588,coinmetrics
2012-08-05,33661,14.0728421862485,37911,139,25.77550845,coinmetrics
2012-08-06,35256,14.1740856552143,42822,140,25.09757551,coinmetrics
2012-08-07,28891,16.6039289103939,39049,164,18.55819163,coinmetrics
2012-08-08,39210,16.8064158483255,51432,166,52.14546011,coinmetrics
2012-08-09,30722,17.2113897241888,40939,170,47.63372396,coinmetrics
2012-08-10,27804,15.7939811586673,38295,156,14.95789153,coinmetrics
2012-08-11,32867,17.0089027862571,38485,168,18.68958718,coinmetrics
2012-08-12,35435,16.7492424416468,39111,159,17.73745486,coinmetrics
2012-08-13,48327,17.4253660953909,48601,160,25.45449296,coinmetrics
2012-08-14,34764,17.0986404811023,43606,157,21.78047035,coinmetrics
2012-08-15,53290,18.1877258620642,51932,167,33.10474996,coinmetrics
2012-08-16,45271,16.7719148668137,60615,154,29.37747926,coinmetrics
2012-08-17,40937,15.0293782572746,57279,138,29.93936575,coinmetrics
2012-08-18,36612,16.4451892525251,51215,151,17.65665241,coinmetrics
2012-08-19,36477,19.8213539335071,57927,182,21.7707384,coinmetrics
2012-08-20,36124,18.9500856287376,48984,174,27.38231026,coinmetrics
2012-08-21,43951,18.8411770906414,55539,173,25.94684541,coinmetrics
2012-08-22,35809,16.9897319430061,47300,156,21.67586603,coinmetrics
2012-08-23,31347,17.9699087858718,43521,165,20.75763789,coinmetrics
2012-08-24,31774,16.1184636382365,44584,148,19.71177945,coinmetrics
2012-08-25,33245,16.6683515004119,36374,138,23.30570655,coinmetrics
2012-08-26,29534,21.7171753686244,35110,179,20.60004106,coinmetrics
2012-08-27,33439,17.5921252986064,38660,145,29.09822864,coinmetrics
2012-08-28,29880,18.3200753109625,41047,151,24.96070596,coinmetrics
2012-08-29,33639,20.3826003459715,37982,168,24.10915423,coinmetrics
2012-08-30,33891,18.6840503171406,34760,154,29.40512691,coinmetrics
2012-08-31,41055,16.9855002883096,49678,140,30.95810991,coinmetrics
2012-09-01,39830,19.533325331556,43598,161,35.54890183,coinmetrics
2012-09-02,33159,19.8973003377341,34468,164,29.37970497,coinmetrics
2012-09-03,39211,19.0480253233186,33612,157,34.88692896,coinmetrics
2012-09-04,38664,18.5627253150812,45525,153,28.56061977,coinmetrics
2012-09-05,41167,21.8385003706838,41507,180,26.30069468,coinmetrics
2012-09-06,42634,21.23785242716,47563,171,25.56562948,coinmetrics
2012-09-07,33412,22.4988708229396,43748,168,20.09105069,coinmetrics
2012-09-08,31125,19.4186682697991,34331,145,22.67802948,coinmetrics
2012-09-09,31477,21.2935741717107,39703,159,22.34630504,coinmetrics
2012-09-10,33327,20.0882775204818,37639,150,23.4733114,coinmetrics
2012-09-11,38563,19.4186682697991,45390,145,31.3282153,coinmetrics
2012-09-12,27125,20.7578867711645,33567,155,20.01741829,coinmetrics
2012-09-13,28981,17.4098405177509,35024,130,19.47184289,coinmetrics
2012-09-14,36349,21.6953397221203,38529,162,20.32484086,coinmetrics
2012-09-15,27311,19.2847464196625,30133,144,14.98696057,coinmetrics
2012-09-16,27407,21.5614178719838,31184,161,14.23637851,coinmetrics
2012-09-17,25027,22.4988708229396,33989,168,14.90427874,coinmetrics
2012-09-18,31836,22.3649489728031,37898,167,22.02886234,coinmetrics
2012-09-19,32089,19.0351771110027,42928,141,21.44363874,coinmetrics
2012-09-20,31563,21.641333928865,47916,152,19.10584106,coinmetrics
2012-09-21,29815,24.0617462761722,38617,169,28.13668865,coinmetrics
2012-09-22,21921,22.3532199133671,27311,157,15.45418456,coinmetrics
2012-09-23,27780,22.4955971102675,28683,158,18.03152252,coinmetrics
2012-09-24,28779,21.7837111257654,33444,153,28.12581884,coinmetrics
2012-09-25,26055,19.7904303691594,45705,139,15.53276865,coinmetrics
2012-09-26,30884,19.9328075660599,46624,140,18.74204538,coinmetrics
2012-09-27,27590,22.9227287009688,41321,161,15.85641623,coinmetrics
2012-09-28,34556,22.4955971102675,51687,158,60.22372978,coinmetrics
2012-09-29,22315,23.9193690792718,36991,168,13.88599091,coinmetrics
2012-09-30,20957,22.637974307168,35060,159,11.43792249,coinmetrics
2012-10-01,24494,18.651412793956,38102,131,16.80322261,coinmetrics
2012-10-02,32678,20.7870707474624,53731,146,30.15118834,coinmetrics
2012-10-03,26832,20.1292814841239,51360,133,18.90474388,coinmetrics
2012-10-04,33436,19.8918728957344,50714,131,131.81592391,coinmetrics
2012-10-05,34792,20.6511046856479,43691,136,26.62560753,coinmetrics
2012-10-06,33917,23.5361854873193,39632,155,23.25548033,coinmetrics
2012-10-07,33485,18.9807947478382,43095,125,25.86566422,coinmetrics
2012-10-08,38551,27.0286517209215,47823,178,27.54851495,coinmetrics
2012-10-09,35043,21.5621828335441,52626,142,25.67234878,coinmetrics
2012-10-10,31581,22.6251073394231,47176,149,23.60324049,coinmetrics
2012-10-11,26482,20.9547974016133,40995,138,21.95743288,coinmetrics
2012-10-12,28480,22.6251073394231,44701,149,20.27462233,coinmetrics
2012-10-13,33302,22.4732609814404,39129,148,21.28131471,coinmetrics
2012-10-14,27306,19.2844874638036,38974,127,17.3427473,coinmetrics
2012-10-15,31199,25.6620344990772,47015,169,21.85941219,coinmetrics
2012-10-16,33553,23.5467404917795,41834,155,24.26318878,coinmetrics
2012-10-17,32300,21.6870837196566,46053,142,67.20464316,coinmetrics
2012-10-18,27712,23.9779728449724,51219,157,17.29912619,coinmetrics
2012-10-19,25751,20.6180021278425,44078,135,15.57217335,coinmetrics
2012-10-20,29772,24.1306987866601,42836,158,17.81879693,coinmetrics
2012-10-21,41108,24.5888766117233,39296,161,24.66239432,coinmetrics
2012-10-22,42997,23.9779728449724,42021,157,25.50607758,coinmetrics
2012-10-23,31441,19.8543724194039,41375,130,20.58454581,coinmetrics
2012-10-24,32943,24.741602553411,42251,162,21.73211868,coinmetrics
2012-10-25,25872,21.8398096613443,38643,143,16.10405952,coinmetrics
2012-10-26,21618,25.1997803784741,37471,165,18.37924264,coinmetrics
2012-10-27,16174,26.7270397953514,29910,175,12.42454022,coinmetrics
2012-10-28,17839,25.3525063201619,27816,166,13.00848283,coinmetrics
2012-10-29,21919,24.1883713144612,35981,158,17.73972066,coinmetrics
2012-10-30,30953,23.4892439564555,34928,143,23.8126728,coinmetrics
2012-10-31,26449,23.6535044037035,31390,144,22.21613987,coinmetrics
2012-11-01,23910,22.5036812729679,32135,137,20.83563069,coinmetrics
2012-11-02,28868,23.4892439564555,33393,143,26.57946732,coinmetrics
2012-11-03,24300,23.9820252981993,32511,146,19.27824378,coinmetrics
2012-11-04,23645,25.7888902179267,30976,157,19.23489991,coinmetrics
2012-11-05,32304,26.2816715596705,37460,160,25.87976925,coinmetrics
2012-11-06,32441,22.175160378472,42954,135,26.32854853,coinmetrics
2012-11-07,35733,25.7888902179267,41756,157,28.76957784,coinmetrics
2012-11-08,32099,25.2961088761829,37595,154,24.75202425,coinmetrics
2012-11-09,24823,24.967587981687,36800,152,19.56819636,coinmetrics
2012-11-10,26680,23.6535044037035,34669,144,21.32644518,coinmetrics
2012-11-11,23595,24.1462857454473,30394,147,17.46623933,coinmetrics
2012-11-12,24030,21.8104540618236,31528,132,17.98549855,coinmetrics
2012-11-13,26168,23.444725202546,32074,140,20.00020139,coinmetrics
2012-11-14,31028,23.9471121711719,39530,143,24.17587517,coinmetrics
2012-11-15,37125,22.7748759110446,45873,136,31.40351596,coinmetrics
2012-11-16,40017,24.2820368169226,48826,145,32.30814903,coinmetrics
2012-11-17,31626,23.444725202546,52322,140,24.7760751,coinmetrics
2012-11-18,34839,24.4494991397979,44044,146,28.18955073,coinmetrics
2012-11-19,36140,24.4494991397979,41117,146,27.1618824,coinmetrics
2012-11-20,37735,24.6169614626732,44744,147,29.11685701,coinmetrics
2012-11-21,38101,25.4542730770499,43803,152,30.01928241,coinmetrics
2012-11-22,31476,24.1145744940473,41584,144,22.45732558,coinmetrics
2012-11-23,31844,27.2963586286785,36519,163,26.15080117,coinmetrics
2012-11-24,29035,25.2868107541746,36089,151,21.60282396,coinmetrics
2012-11-25,35780,24.4494991397979,35940,146,28.86487089,coinmetrics
2012-11-26,37296,26.5705261927011,42639,157,27.74850354,coinmetrics
2012-11-27,26952,25.3004655629064,37535,148,81.55566754,coinmetrics
2012-11-28,37791,29.4032437622967,44590,172,44.06351997,coinmetrics
2012-11-29,36379,28.3775492124491,41205,166,28.94267716,coinmetrics
2012-11-30,30667,21.3686364551574,37930,125,23.38472327,coinmetrics
2012-12-01,32424,28.5484983040904,33858,167,25.66833725,coinmetrics
2012-12-02,20126,24.4457201047001,28210,143,15.06998715,coinmetrics
2012-12-03,22198,25.1295164712651,30532,147,18.72263763,coinmetrics
2012-12-04,33167,19.1462982638211,43912,112,29.0600131,coinmetrics
2012-12-05,33896,20.8557891802337,44654,122,27.18068085,coinmetrics
2012-12-06,35536,23.4200255548525,38984,137,30.19250743,coinmetrics
2012-12-07,32724,22.0524328217225,42135,129,24.80315993,coinmetrics
2012-12-08,32212,23.5909746464938,37725,138,25.08785742,coinmetrics
2012-12-09,31759,21.5395855467987,37568,126,24.46799612,coinmetrics
2012-12-10,36380,24.3124787224669,36630,143,31.20353005,coinmetrics
2012-12-11,36881,24.1247010157879,37496,144,31.67509447,coinmetrics
2012-12-12,36866,21.7792439725863,43207,130,28.90337725,coinmetrics
2012-12-13,41627,21.9467766185293,45680,131,44.15824963,coinmetrics
2012-12-14,38621,17.758460469955,41691,106,31.79309322,coinmetrics
2012-12-15,33047,19.4337869293847,35878,116,25.2735217,coinmetrics
2012-12-16,36128,18.5961236996699,35213,111,28.24263694,coinmetrics
2012-12-17,40656,22.4493745563582,41616,134,33.08436544,coinmetrics
2012-12-18,49679,20.9415807428715,47617,125,39.59643479,coinmetrics
2012-12-19,45891,23.789635723902,45631,142,36.14685195,coinmetrics
2012-12-20,34903,17.758460469955,38978,106,30.25563723,coinmetrics
2012-12-21,44152,21.1091133888144,45877,126,37.01191576,coinmetrics
2012-12-22,50132,25.6324948292747,54007,153,40.04046676,coinmetrics
2012-12-23,38035,20.4389828050426,41727,122,32.4843116,coinmetrics
2012-12-24,34867,22.1143092644723,39081,132,27.25227271,coinmetrics
2012-12-25,29856,20.7740480969285,30567,124,24.61814169,coinmetrics
2012-12-26,36121,24.2663130762012,38979,154,28.58738185,coinmetrics
2012-12-27,43520,23.1064921817042,36158,156,37.0100833,coinmetrics
2012-12-28,46980,25.0320331968462,42277,169,37.35921705,coinmetrics
2012-12-29,38629,21.3290697061885,41463,144,30.38605095,coinmetrics
2012-12-30,42863,24.5876775779673,43096,166,33.27200695,coinmetrics
2012-12-31,30885,23.4027292609568,36527,158,24.89475647,coinmetrics
2013-01-01,32892,23.995203419462,38733,162,26.42776903,coinmetrics
2013-01-02,37619,22.6621365628253,40911,153,30.93619818,coinmetrics
2013-01-03,43533,23.995203419462,52539,162,38.70929886,coinmetrics
2013-01-04,47370,22.6621365628253,46781,153,37.67725777,coinmetrics
2013-01-05,39811,20.8847140873096,53959,141,31.54684353,coinmetrics
2013-01-06,32928,21.4771882458148,42382,145,34.95096678,coinmetrics
2013-01-07,40421,24.8839146572199,54059,168,36.20101156,coinmetrics
2013-01-08,38840,20.6792393570174,56753,133,32.63592001,coinmetrics
2013-01-09,42664,20.9996781825623,54910,130,32.39203401,coinmetrics
2013-01-10,52584,23.7457899448973,60507,147,154.12443914,coinmetrics
2013-01-11,52534,18.899710364306,61989,117,43.05986681,coinmetrics
2013-01-12,46201,19.7073902944046,49915,122,36.01405762,coinmetrics
2013-01-13,49785,21.4842861406214,55725,133,39.6841723,coinmetrics
2013-01-14,43449,25.3611498050944,44616,157,34.57227957,coinmetrics
2013-01-15,46107,19.5458543083849,59643,121,33.75277412,coinmetrics
2013-01-16,51800,21.161214168582,55537,131,40.21289606,coinmetrics
2013-01-17,48901,17.9304944481878,59029,111,38.74864515,coinmetrics
2013-01-18,49385,19.5458543083849,57683,121,37.41616447,coinmetrics
2013-01-19,55187,24.8765418470353,49445,154,63.88150233,coinmetrics
2013-01-20,41242,20.9996781825623,45027,130,32.03361812,coinmetrics
2013-01-21,40642,21.3227501546017,47104,132,29.99349559,coinmetrics
2013-01-22,42397,23.2611819868382,51489,144,34.43780577,coinmetrics
2013-01-23,47359,19.8929412333321,48584,126,43.07539575,coinmetrics
2013-01-24,45616,23.0222650674502,59644,156,43.80712003,coinmetrics
2013-01-25,49506,20.2182712451325,51061,137,42.08822228,coinmetrics
2013-01-26,52709,23.0222650674502,55140,156,48.2417802,coinmetrics
2013-01-27,53733,22.2843719563139,48552,151,46.43575331,coinmetrics
2013-01-28,52736,21.694057467405,54409,147,44.14984447,coinmetrics
2013-01-29,50452,23.3174223119047,54460,158,48.68635259,coinmetrics
2013-01-30,40937,22.5795292007684,45601,153,34.46389742,coinmetrics
2013-01-31,52467,28.4826740898582,48166,193,48.81308255,coinmetrics
2013-02-01,57518,21.694057467405,61865,147,51.22812069,coinmetrics
2013-02-02,54523,22.5795292007684,57947,153,74.03965518,coinmetrics
2013-02-03,60479,27.4496237342675,56035,186,51.56325775,coinmetrics
2013-02-04,55759,24.2028940452681,59362,164,45.68302261,coinmetrics
2013-02-05,53843,25.9415063822749,60191,167,42.80604652,coinmetrics
2013-02-06,41890,23.7723372530301,53114,146,31.70040605,coinmetrics
2013-02-07,63170,25.0749310751139,60065,154,50.22913577,coinmetrics
2013-02-08,59812,24.5864583918325,61292,151,48.26806858,coinmetrics
2013-02-09,57464,23.2838645697486,55866,143,45.16745065,coinmetrics
2013-02-10,56098,26.2147006694373,56414,161,45.19842248,coinmetrics
2013-02-11,57751,25.8890522139163,53214,159,49.45754692,coinmetrics
2013-02-12,58519,22.6325676587067,52230,139,48.28401187,coinmetrics
2013-02-13,58195,27.8429429470421,51607,171,55.86202866,coinmetrics
2013-02-14,51465,24.5864583918325,52507,151,43.67348617,coinmetrics
2013-02-15,54430,29.1455367691259,49480,179,56.34869755,coinmetrics
2013-02-16,52351,30.7737790467307,47477,189,52.7290266,coinmetrics
2013-02-17,49459,30.6109548189702,46362,188,45.83012287,coinmetrics
2013-02-18,50096,29.2203363858104,46855,161,45.3479967,coinmetrics
2013-02-19,53424,28.857350840645,49090,159,45.23639219,coinmetrics
2013-02-20,60243,35.0281051084559,50898,193,50.68889741,coinmetrics
2013-02-21,56355,31.9427279745505,51627,176,51.69520374,coinmetrics
2013-02-22,61599,30.8537713390544,54361,170,53.37768603,coinmetrics
2013-02-23,57701,29.7648147035584,51159,164,47.84334306,coinmetrics
2013-02-24,56644,28.312872522897,52275,156,44.55664149,coinmetrics
2013-02-25,67290,37.0245256068653,56529,204,67.26654299,coinmetrics
2013-02-26,63191,30.1278002487237,58302,166,56.6333802,coinmetrics
2013-02-27,60970,35.0281051084559,55511,193,57.56502151,coinmetrics
2013-02-28,62763,30.4907857938891,59466,168,58.06235975,coinmetrics
2013-03-01,64459,29.2261354044535,62746,152,68.3395526,coinmetrics
2013-03-02,55804,31.4836025880449,49881,145,50.80588993,coinmetrics
2013-03-03,53108,34.9576552874153,44647,161,44.14153536,coinmetrics
2013-03-04,63982,38.8659645742071,54208,179,55.42824866,coinmetrics
2013-03-05,56147,30.1808328257809,56444,139,50.98232384,coinmetrics
2013-03-06,63234,33.6548855251514,70524,155,157.5267629,coinmetrics
2013-03-07,67209,34.7405269937047,67349,160,62.42435274,coinmetrics
2013-03-08,55188,34.7405269937047,56370,160,47.27524359,coinmetrics
2013-03-09,55639,36.6946816371006,53106,169,52.02364054,coinmetrics
2013-03-10,72926,39.7344777490498,56596,183,60.72407507,coinmetrics
2013-03-11,58554,35.6090401685473,53342,164,63.03792027,coinmetrics
2013-03-12,49817,29.3123196509383,61248,135,54.18617107,coinmetrics
2013-03-13,56209,34.0891421125727,62068,157,52.57809933,coinmetrics
2013-03-14,58402,41.6325127555959,61917,179,52.89538066,coinmetrics
2013-03-15,62880,41.44818968374,63245,172,65.37604319,coinmetrics
2013-03-16,32987,42.1711232247355,50966,175,30.91389396,coinmetrics
2013-03-17,35248,50.3643700226841,52184,209,31.45316378,coinmetrics
2013-03-18,43324,45.7857909297128,59594,190,37.80456558,coinmetrics
2013-03-19,45817,40.966233989743,67946,170,51.6648759,coinmetrics
2013-03-20,46102,50.8463257166811,62822,211,37.05124874,coinmetrics
2013-03-21,55782,52.5331706456705,70563,218,50.75948984,coinmetrics
2013-03-22,60259,55.1839269626538,74587,229,67.76760558,coinmetrics
2013-03-23,52173,52.292192798672,67002,217,52.15188495,coinmetrics
2013-03-24,51811,52.8946917149168,69595,189,41.50243556,coinmetrics
2013-03-25,47614,47.9305915057468,64715,144,43.03076237,coinmetrics
2013-03-26,50068,50.260550815054,74037,151,46.08546357,coinmetrics
2013-03-27,52012,43.6035242170336,72482,131,59.36738426,coinmetrics
2013-03-28,61796,60.9117933718867,94934,183,61.85571857,coinmetrics
2013-03-29,61081,57.9161314027775,81683,174,60.15161797,coinmetrics
2013-03-30,60659,57.5832800728765,79925,173,65.68068892,coinmetrics
2013-03-31,43434,56.2518747532724,63898,169,45.1298765,coinmetrics
2013-04-01,52545,65.9045633204021,76869,198,43.20657574,coinmetrics
2013-04-02,62511,60.2460907120847,90297,181,60.78169591,coinmetrics
2013-04-03,65382,58.2489827326785,109240,175,77.24374103,coinmetrics
2013-04-04,65513,51.259104804757,107866,154,70.15920601,coinmetrics
2013-04-05,60816,55.2621661992767,99406,158,56.76966771,coinmetrics
2013-04-06,51734,62.172583868616,78563,163,39.04945823,coinmetrics
2013-04-07,63215,62.5540107635155,78312,164,53.93397087,coinmetrics
2013-04-08,62215,59.1211687094201,112858,155,46.54753396,coinmetrics
2013-04-09,67877,67.1311335023093,113921,176,49.8737411,coinmetrics
2013-04-10,62747,72.8525369258016,132897,191,64.84173132,coinmetrics
2013-04-11,67827,61.0283031839176,124532,160,62.45818796,coinmetrics
2013-04-12,58476,65.9868528176109,102302,173,56.61074926,coinmetrics
2013-04-13,53126,63.698291448214,80991,167,40.10851757,coinmetrics
2013-04-14,56672,58.3583149196212,73989,153,54.02738886,coinmetrics
2013-04-15,53610,62.5540107635155,100211,164,73.59302348,coinmetrics
2013-04-16,67263,67.5125603972088,98394,177,53.358051,coinmetrics
2013-04-17,56489,68.652451353857,105380,171,80.11170761,coinmetrics
2013-04-18,48902,65.5788571715191,85564,147,43.95374873,coinmetrics
2013-04-19,57525,61.1177104251573,102489,137,54.54225521,coinmetrics
2013-04-20,47182,68.7016598939724,73497,154,45.30722922,coinmetrics
2013-04-21,44244,78.5161827359685,72721,176,33.0473022,coinmetrics
2013-04-22,46971,68.2555452193363,90723,153,46.35520241,coinmetrics
2013-04-23,61812,74.947265338879,91871,168,61.81060149,coinmetrics
2013-04-24,65508,72.2705772910619,103533,162,62.84288006,coinmetrics
2013-04-25,61207,76.7317240374237,89506,172,59.53844976,coinmetrics
2013-04-26,55401,76.2856093627876,86571,171,40.69633585,coinmetrics
2013-04-27,42987,65.5788571715191,76128,147,38.35559427,coinmetrics
2013-04-28,42688,78.9622974106047,119432,177,33.69740318,coinmetrics
2013-04-29,51922,77.6239533866961,88358,174,45.74771878,coinmetrics
2013-04-30,46575,73.2638761425357,76703,149,45.02852711,coinmetrics
2013-05-01,56714,75.6351806513814,83664,151,49.64354681,coinmetrics
2013-05-02,54340,67.1199616376496,82318,134,44.41725738,coinmetrics
2013-05-03,50991,68.6226473459552,82210,137,44.9663268,coinmetrics
2013-05-04,50588,79.6423425401963,70341,159,47.61758938,coinmetrics
2013-05-05,49862,82.6477139568075,72046,165,44.07806165,coinmetrics
2013-05-06,52785,83.1486091929094,84314,166,43.56500799,coinmetrics
2013-05-07,57354,84.1503996651131,111196,168,47.11792737,coinmetrics
2013-05-08,50453,82.6477139568075,101126,165,52.659314,coinmetrics
2013-05-09,67022,82.1468187207056,82877,164,65.72487202,coinmetrics
2013-05-10,67509,86.1539806095206,84004,172,68.8768857,coinmetrics
2013-05-11,73410,91.1629329705392,81104,182,57.55085644,coinmetrics
2013-05-12,64714,86.304227265133,69104,168,56.10096802,coinmetrics
2013-05-13,60566,96.7651557587372,82986,174,57.91616267,coinmetrics
2013-05-14,67020,85.6427240623307,84579,154,58.05830927,coinmetrics
2013-05-15,62834,78.4131434596665,83911,141,59.65506741,coinmetrics
2013-05-16,61152,82.3059945534088,84369,148,77.39508146,coinmetrics
2013-05-17,59200,89.535575156073,78514,161,55.82094297,coinmetrics
2013-05-18,52066,82.8621161382291,68752,149,39.60476074,coinmetrics
2013-05-19,47001,86.7549672319714,63144,156,46.77357992,coinmetrics
2013-05-20,48652,71.7396844418226,72183,129,43.45882979,coinmetrics
2013-05-21,53953,83.9743593078697,82257,151,46.51709746,coinmetrics
2013-05-22,51896,86.7549672319714,75632,156,49.84306615,coinmetrics
2013-05-23,59647,96.7651557587372,82761,174,56.29797076,coinmetrics
2013-05-24,54659,93.9845478346356,83234,169,48.21816961,coinmetrics
2013-05-25,50763,94.161450904981,69552,165,47.07008585,coinmetrics
2013-05-26,40723,98.4763478010956,69609,163,31.65298367,coinmetrics
2013-05-27,53158,106.330289650263,74785,176,49.35962857,coinmetrics
2013-05-28,58222,95.4556009360313,77841,158,55.69948086,coinmetrics
2013-05-29,54168,101.49709466616,79692,168,51.4040403,coinmetrics
2013-05-30,56337,108.142737769301,77410,179,47.14595232,coinmetrics
2013-05-31,54306,105.72614027725,75957,175,44.96405961,coinmetrics
2013-06-01,53613,128.683816451739,66565,213,40.88604223,coinmetrics
2013-06-02,49967,120.225725229558,66768,199,48.95495464,coinmetrics
2013-06-03,56421,128.683816451739,79951,213,59.49013203,coinmetrics
2013-06-04,56427,128.683816451739,78923,213,53.29072787,coinmetrics
2013-06-05,57092,124.034297282977,78551,184,60.83127158,coinmetrics
2013-06-06,54281,140.41259770731,73112,181,40.94894235,coinmetrics
2013-06-07,52059,124.897393540757,74130,161,43.79028868,coinmetrics
2013-06-08,47330,140.41259770731,57561,181,42.01691456,coinmetrics
2013-06-09,44753,123.345873124101,56850,159,35.36396119,coinmetrics
2013-06-10,45143,134.982276249017,61027,174,35.7347611,coinmetrics
2013-06-11,48715,139.636837498983,66039,180,46.25426575,coinmetrics
2013-06-12,45916,157.479322290519,64507,203,42.72382403,coinmetrics
2013-06-13,43686,144.291398748949,67482,186,41.05659069,coinmetrics
2013-06-14,48983,139.636837498983,74179,180,35.74903648,coinmetrics
2013-06-15,35845,134.206516040689,53859,173,33.08841937,coinmetrics
2013-06-16,43150,147.598828306875,49113,185,31.54727075,coinmetrics
2013-06-17,46511,139.397162757821,57059,145,37.47144519,coinmetrics
2013-06-18,44976,134.590364042034,63396,140,37.99589755,coinmetrics
2013-06-19,46996,130.744925069405,69066,136,36.58315831,coinmetrics
2013-06-20,53645,148.049400446238,69393,154,72.3927853,coinmetrics
2013-06-21,45795,161.508436850441,67982,168,40.54066326,coinmetrics
2013-06-22,44378,169.1993147957,58423,176,56.09125162,coinmetrics
2013-06-23,38075,158.624357620969,51312,165,32.37426524,coinmetrics
2013-06-24,44521,144.203961473608,65308,150,39.37157997,coinmetrics
2013-06-25,43987,150.93347967571,61404,157,33.74721753,coinmetrics
2013-06-26,46920,167.276595309385,66298,174,41.20273964,coinmetrics
2013-06-27,44877,160.547077107284,59748,167,29.81463528,coinmetrics
2013-06-28,49996,162.469796593598,69884,169,48.3056901,coinmetrics
2013-06-29,36048,170.010913293504,60173,169,24.44644698,coinmetrics
2013-06-30,30124,162.269499322626,49735,153,29.37038541,coinmetrics
2013-07-01,38911,166.511839174198,68318,157,23.20248246,coinmetrics
2013-07-02,39542,162.269499322626,64222,153,35.65839413,coinmetrics
2013-07-03,35054,195.147633172309,65913,184,27.94577967,coinmetrics
2013-07-04,35320,174.996518877342,60723,165,23.49154981,coinmetrics
2013-07-05,36700,197.268803098095,60477,186,32.2621501,coinmetrics
2013-07-06,32727,198.329388060988,55911,187,29.60211278,coinmetrics
2013-07-07,30743,197.268803098095,49774,186,18.65165049,coinmetrics
2013-07-08,39175,203.632312875453,63707,192,32.81689597,coinmetrics
2013-07-09,40664,196.208218135202,67007,185,34.73831209,coinmetrics
2013-07-10,39510,207.534003688854,65740,195,26.64620192,coinmetrics
2013-07-11,43449,226.298067177263,73389,174,35.41780882,coinmetrics
2013-07-12,49231,200.286795087923,79838,154,31.42367124,coinmetrics
2013-07-13,37197,204.188485901324,61884,157,33.10948476,coinmetrics
2013-07-14,33438,223.696939968329,46805,172,22.3370959,coinmetrics
2013-07-15,37389,213.292431132593,63555,164,22.79240231,coinmetrics
2013-07-16,39999,213.292431132593,67361,164,36.49937072,coinmetrics
2013-07-17,39582,239.303703221934,62286,184,32.88299626,coinmetrics
2013-07-18,40944,209.390740319192,62207,161,37.37152233,coinmetrics
2013-07-19,36483,222.396376363862,58937,171,21.10564739,coinmetrics
2013-07-20,34103,241.904830430868,53871,186,23.32369245,coinmetrics
2013-07-21,34746,258.812157288939,49487,199,24.26855621,coinmetrics
2013-07-22,39744,224.215671699358,60370,165,32.82874431,coinmetrics
2013-07-23,38373,219.084664326799,65040,141,29.73592244,coinmetrics
2013-07-24,42718,247.052919347242,65575,159,27.8856613,coinmetrics
2013-07-25,41480,226.8536240547,66060,146,32.9440547,coinmetrics
2013-07-26,37751,254.821879075142,63241,164,20.54078284,coinmetrics
2013-07-27,35941,281.236342150005,51388,181,31.77692988,coinmetrics
2013-07-28,38638,261.037046857463,50927,168,26.10463175,coinmetrics
2013-07-29,40392,276.574966313264,66163,178,28.33817537,coinmetrics
2013-07-30,43611,306.097013279287,71863,197,38.71096249,coinmetrics
2013-07-31,48569,295.220469660226,80412,190,48.73931895,coinmetrics
2013-08-01,50984,275.021174367684,113593,177,38.05729606,coinmetrics
2013-08-02,52012,298.328053551386,75758,192,29.43916064,coinmetrics
2013-08-03,44128,290.070696755868,58781,170,25.88098585,coinmetrics
2013-08-04,43835,332.726003144689,61806,179,32.06588238,coinmetrics
2013-08-05,49802,351.314048013107,71751,189,27.38146121,coinmetrics
2013-08-06,54586,353.172852499949,71609,190,41.90638143,coinmetrics
2013-08-07,57855,345.737634552582,76654,186,31.75098121,coinmetrics
2013-08-08,56892,381.054919802577,71239,205,48.60243808,coinmetrics
2013-08-09,50425,362.466874934158,65764,195,44.43261998,coinmetrics
2013-08-10,50367,390.348942236786,57919,210,28.9789151,coinmetrics
2013-08-11,38470,401.501769157837,54441,216,33.1150353,coinmetrics
2013-08-12,50040,401.501769157837,104031,216,25.24317743,coinmetrics
2013-08-13,53870,365.506885446451,76972,183,30.38184439,coinmetrics
2013-08-14,50866,424.333669882539,76346,168,43.99433559,coinmetrics
2013-08-15,57170,429.385261190664,74632,170,62.7033247,coinmetrics
2013-08-16,71128,424.333669882539,82397,168,46.96995575,coinmetrics
2013-08-17,57694,479.901174271919,62108,190,29.96590076,coinmetrics
2013-08-18,56575,490.00435688817,57869,194,45.97163672,coinmetrics
2013-08-19,70058,447.065830769104,77962,177,48.00267637,coinmetrics
2013-08-20,62577,479.901174271919,79492,190,33.93227878,coinmetrics
2013-08-21,61952,495.055948196296,85074,196,32.9347733,coinmetrics
2013-08-22,65300,545.571861277551,81577,216,38.15017002,coinmetrics
2013-08-23,54838,495.055948196296,81517,196,33.87077615,coinmetrics
2013-08-24,51936,514.206634181364,63858,183,27.72908804,coinmetrics
2013-08-25,45140,493.536435944482,69624,151,30.62721647,coinmetrics
2013-08-26,55116,542.563234217112,75443,166,40.43258518,coinmetrics
2013-08-27,61838,552.368593871638,95082,169,39.73187777,coinmetrics
2013-08-28,65524,581.784672835216,84528,178,261.15057534,coinmetrics
2013-08-29,58633,617.737658235144,74770,189,27.57765632,coinmetrics
2013-08-30,61739,670.03290972595,88736,205,43.04608396,coinmetrics
2013-08-31,46466,728.865067653106,87612,223,31.03442057,coinmetrics
2013-09-01,46591,722.328161216755,57043,221,25.02510912,coinmetrics
2013-09-02,51932,702.717441907703,63738,215,47.82464434,coinmetrics
2013-09-03,52252,634.079924326021,72441,194,31.39171696,coinmetrics
2013-09-04,51616,667.543223035941,75781,163,26.38230207,coinmetrics
2013-09-05,61074,773.542011809099,70530,179,32.98819459,coinmetrics
2013-09-06,62299,799.47079432784,75818,185,34.26131377,coinmetrics
2013-09-07,50469,626.612244202902,60406,145,23.74035028,coinmetrics
2013-09-08,45566,678.469809240383,55602,157,25.97522831,coinmetrics
2013-09-09,58296,877.257141884062,75151,203,30.72182821,coinmetrics
2013-09-10,52594,825.399576846581,70346,191,25.30003626,coinmetrics
2013-09-11,48436,864.292750624692,74178,200,22.32762493,coinmetrics
2013-09-12,53334,920.471779415297,78649,213,30.93057613,coinmetrics
2013-09-13,44619,881.578605637186,65832,204,21.09777554,coinmetrics
2013-09-14,42218,951.020420564436,53427,218,19.58750727,coinmetrics
2013-09-15,54017,1013.38198951784,54408,181,27.85439459,coinmetrics
2013-09-16,53238,862.21451041849,70731,154,41.783928,coinmetrics
2013-09-17,68040,1002.18439847344,73646,179,304.97837036,coinmetrics
2013-09-18,58643,923.801261162668,77986,165,107.16384658,coinmetrics
2013-09-19,60342,1063.77114921762,80008,190,89.68561591,coinmetrics
2013-09-20,57538,1119.7591044396,75867,200,26.33245668,coinmetrics
2013-09-21,52298,1058.17235369542,66018,189,26.80048419,coinmetrics
2013-09-22,51323,1136.55549100619,64347,203,26.64356064,coinmetrics
2013-09-23,65141,1175.74705966158,80171,210,39.46670559,coinmetrics
2013-09-24,62127,1186.94465070597,78410,212,30.52040903,coinmetrics
2013-09-25,55484,1297.27563966709,79801,206,31.76476312,coinmetrics
2013-09-26,56857,1198.45049283705,77792,162,26.7165381,coinmetrics
2013-09-27,46171,1316.81597361108,77735,178,82.49434415,coinmetrics
2013-09-28,42643,1309.4181310627,68961,177,26.22364482,coinmetrics
2013-09-29,40260,1257.63323322407,70490,170,25.45113547,coinmetrics
2013-09-30,46872,1205.84833538543,80461,163,25.72898641,coinmetrics
2013-10-01,58336,1383.39655654647,91102,187,39.65933605,coinmetrics
2013-10-02,60461,1412.98792673998,104703,191,39.35322586,coinmetrics
2013-10-03,59974,1472.17066712699,90980,199,36.84804529,coinmetrics
2013-10-04,50935,1331.61165870783,76881,180,24.44977202,coinmetrics
2013-10-05,45100,1620.12751809453,65561,219,26.02387199,coinmetrics
2013-10-06,43229,1519.45432564095,61903,185,21.53176635,coinmetrics
2013-10-07,45722,1467.83862226455,78360,156,32.84825029,coinmetrics
2013-10-08,43999,1524.29395389011,75010,162,16.76233569,coinmetrics
2013-10-09,51194,1674.8415048916,79805,178,31.1364615,coinmetrics
2013-10-10,56673,1806.57061201791,81804,192,30.60105032,coinmetrics
2013-10-11,51064,1740.70605845476,78192,185,22.64546907,coinmetrics
2013-10-12,49316,2013.57349464497,76060,214,32.24905726,coinmetrics
2013-10-13,50663,2079.43804820812,77953,221,30.49547155,coinmetrics
2013-10-14,57224,2352.30548439833,83416,250,33.0166162,coinmetrics
2013-10-15,56110,2446.39770377427,86235,260,38.83467124,coinmetrics
2013-10-16,49914,2315.21665452822,92582,210,46.88056297,coinmetrics
2013-10-17,48197,2222.60176420815,82808,167,37.09597769,coinmetrics
2013-10-18,58134,2555.32657920937,84996,192,37.89805654,coinmetrics
2013-10-19,56808,2967.90534981089,96934,223,37.2442253,coinmetrics
2013-10-20,47771,2648.48952740972,69040,199,27.7878961,coinmetrics
2013-10-21,60385,2808.1974386103,97064,211,37.55192847,coinmetrics
2013-10-22,64705,3260.70318701196,110677,245,41.72945351,coinmetrics
2013-10-23,55738,2941.28736461079,108316,221,45.871002,coinmetrics
2013-10-24,62908,2861.4334090105,111952,215,50.54905043,coinmetrics
2013-10-25,57306,3127.61326101147,100894,235,51.07676703,coinmetrics
2013-10-26,47337,3408.23009035624,72893,182,35.29520793,coinmetrics
2013-10-27,43681,3478.53840366574,66108,179,57.90301465,coinmetrics
2013-10-28,50915,3400.80570190785,86585,175,31.11585898,coinmetrics
2013-10-29,50035,3109.30807031575,86798,160,34.51990081,coinmetrics
2013-10-30,48900,3789.46921069732,96056,195,30.0828205,coinmetrics
2013-10-31,56611,4100.4000177289,95791,211,29.38133725,coinmetrics
2013-11-01,44891,4042.10049141048,86825,208,34.80799086,coinmetrics
2013-11-02,39677,3925.50143877364,78835,202,23.83709114,coinmetrics
2013-11-03,34787,3731.1696843789,81991,192,40.51134461,coinmetrics
2013-11-04,46469,3789.46921069732,102736,195,52.23327625,coinmetrics
2013-11-05,52113,3596.12259203618,118752,174,47.42354324,coinmetrics
2013-11-06,55598,4139.94817128837,133026,163,146.22940022,coinmetrics
2013-11-07,59323,3657.37752555537,129067,144,127.7294156,coinmetrics
2013-11-08,59787,3403.39297516958,131772,134,107.34096061,coinmetrics
2013-11-09,54988,3758.97134570968,129648,148,56.08627856,coinmetrics
2013-11-10,56423,4343.13581159701,114440,171,45.29771513,coinmetrics
2013-11-11,56797,4749.51109221428,115536,187,62.00380009,coinmetrics
2013-11-12,58112,5105.08946275439,116498,201,22.58556337,coinmetrics
2013-11-13,65821,4266.94044648127,125199,168,23.4414339,coinmetrics
2013-11-14,69027,4647.91727205996,132404,183,23.0863762,coinmetrics
2013-11-15,60207,4216.14353640411,119399,166,17.00628728,coinmetrics
2013-11-16,46401,4927.30027748433,103125,194,14.14191182,coinmetrics
2013-11-17,52361,5042.5537025376,109082,186,17.81856788,coinmetrics
2013-11-18,82186,4726.41754288692,171380,156,29.20302883,coinmetrics
2013-11-19,90607,4877.90528464612,205240,161,29.42445949,coinmetrics
2013-11-20,75413,4968.79792970164,161122,164,24.87451313,coinmetrics
2013-11-21,73091,4544.63225277589,192640,150,27.05651416,coinmetrics
2013-11-22,77157,5211.17831651635,168639,172,23.24979026,coinmetrics
2013-11-23,70791,5150.58321981267,146167,170,20.59439756,coinmetrics
2013-11-24,60636,5089.98812310899,123964,168,17.45151767,coinmetrics
2013-11-25,71456,5241.47586486819,143350,173,19.54142156,coinmetrics
2013-11-26,87387,4817.31018794244,187706,159,26.35412352,coinmetrics
2013-11-27,92612,5241.47586486819,192515,173,29.76760628,coinmetrics
2013-11-28,98832,5483.8562516829,201832,181,30.78076553,coinmetrics
2013-11-29,89638,5480.00336357551,188994,173,25.94793907,coinmetrics
2013-11-30,73916,6189.12034201531,163385,176,20.19106657,coinmetrics
2013-12-01,72087,6857.26401530105,164939,195,18.73813606,coinmetrics
2013-12-02,76173,5591.30758170701,179818,159,21.38438515,coinmetrics
2013-12-03,76685,7033.09129774466,173471,200,20.10181662,coinmetrics
2013-12-04,80693,6013.29305957169,186429,171,21.10152588,coinmetrics
2013-12-05,84082,5978.12760308297,185882,170,22.81446769,coinmetrics
2013-12-06,70222,7314.41494965444,165974,208,18.78429566,coinmetrics
2013-12-07,65963,6857.26401530105,148012,195,37.03590351,coinmetrics
2013-12-08,47735,6857.26401530105,115670,195,11.51679325,coinmetrics
2013-12-09,63552,6189.12034201531,156514,176,17.0779677,coinmetrics
2013-12-10,69013,7450.99133192782,157623,192,17.89348547,coinmetrics
2013-12-11,66722,7450.47043785842,151130,165,17.46704365,coinmetrics
2013-12-12,56680,7360.16170527832,129116,163,13.85625154,coinmetrics
2013-12-13,61005,7856.85973446887,146944,174,15.39668774,coinmetrics
2013-12-14,53014,8940.56452543008,147850,198,12.21548147,coinmetrics
2013-12-15,52714,7992.32283333902,141277,177,11.65009322,coinmetrics
2013-12-16,69955,9076.02762430024,180233,201,15.81227774,coinmetrics
2013-12-17,66328,9166.33635688034,156115,203,14.93766678,coinmetrics
2013-12-18,81215,8985.71889172013,181410,199,18.68442803,coinmetrics
2013-12-19,70022,10204.8867815515,157818,226,16.46884536,coinmetrics
2013-12-20,67421,8037.47719962908,158569,178,16.76918446,coinmetrics
2013-12-21,54866,8611.26774435102,124307,161,12.17276687,coinmetrics
2013-12-22,52236,9920.97776573908,124146,169,11.3884412,coinmetrics
2013-12-23,53612,10038.3857866354,151062,171,12.02926547,coinmetrics
2013-12-24,55951,9920.97776573908,132367,169,12.12616316,coinmetrics
2013-12-25,54394,9510.04969260196,127600,162,12.11688495,coinmetrics
2013-12-26,52162,10566.7218806688,124049,180,13.56359012,coinmetrics
2013-12-27,53496,10801.5379224615,128876,184,12.55079776,coinmetrics
2013-12-28,46692,8805.60156722404,112555,150,11.43588033,coinmetrics
2013-12-29,51159,9862.27375529092,129208,168,14.39304689,coinmetrics
2013-12-30,54952,10155.7938075317,152090,173,11.69236497,coinmetrics
2013-12-31,48534,10801.5379224615,118420,184,11.01736155,coinmetrics
2014-01-01,42383,12034.3221418728,96516,205,9.23071257,coinmetrics
2014-01-02,55196,9425.136247148,138928,134,13.99736238,coinmetrics
2014-01-03,61335,11352.6079123221,143832,161,13.93784436,coinmetrics
2014-01-04,51901,9942.34605985975,116229,141,12.22066995,coinmetrics
2014-01-05,57487,13609.0268762619,134802,193,13.71199145,coinmetrics
2014-01-06,68483,13115.4352279001,179999,186,29.78934843,coinmetrics
2014-01-07,62183,12480.817394292,141665,177,15.51390022,coinmetrics
2014-01-08,60865,13609.0268762619,146348,193,13.94318173,coinmetrics
2014-01-09,59047,14596.2101729856,134908,207,12.87498495,coinmetrics
2014-01-10,54712,13185.9483205232,128371,187,12.58071048,coinmetrics
2014-01-11,55926,14807.7494508549,130495,210,12.41041555,coinmetrics
2014-01-12,49258,14596.2101729856,115119,207,11.56905543,coinmetrics
2014-01-13,54504,14628.2406711142,153853,169,12.26104653,coinmetrics
2014-01-14,55869,14411.3355551816,129226,162,15.76113788,coinmetrics
2014-01-15,62751,16368.4305071198,135647,184,17.25795822,coinmetrics
2014-01-16,55602,16457.3893685716,130689,185,12.98211447,coinmetrics
2014-01-17,59146,13521.7469406642,128915,152,14.82703195,coinmetrics
2014-01-18,51185,15478.8418926025,106009,174,13.19663225,coinmetrics
2014-01-19,47424,15034.0475853438,108623,169,10.67819172,coinmetrics
2014-01-20,63512,17346.977983089,180527,195,15.54030631,coinmetrics
2014-01-21,73070,14767.1710009886,160288,166,15.58238952,coinmetrics
2014-01-22,64796,17080.1013987337,150333,192,14.73238024,coinmetrics
2014-01-23,62655,15745.7184769577,149895,177,16.59643957,coinmetrics
2014-01-24,66566,18340.6657996556,144338,189,15.5422983,coinmetrics
2014-01-25,52913,17994.3669102041,125411,165,11.69380082,coinmetrics
2014-01-26,53290,16576.6289112183,125376,152,11.63306914,coinmetrics
2014-01-27,64355,18975.8778325788,171032,174,13.48469151,coinmetrics
2014-01-28,66013,16794.7424495238,158602,154,14.27281971,coinmetrics
2014-01-29,59521,16576.6289112183,142119,152,13.2910006,coinmetrics
2014-01-30,60940,19193.9913708843,151474,176,13.3333935,coinmetrics
2014-01-31,58927,20066.4455241063,146489,184,14.1843979,coinmetrics
2014-02-01,55715,20611.7293698701,138630,189,11.66972076,coinmetrics
2014-02-02,51119,20284.5590624119,132242,186,10.49520155,coinmetrics
2014-02-03,59417,19739.2752166481,175731,181,12.45498529,coinmetrics
2014-02-04,68066,18757.7642942733,166548,172,14.02531209,coinmetrics
2014-02-05,67380,20723.2339086288,156535,168,13.82920147,coinmetrics
2014-02-06,69722,23716.5514349681,162066,182,14.9625267,coinmetrics
2014-02-07,72424,20198.1619363739,169400,155,15.64997603,coinmetrics
2014-02-08,63163,23716.5514349681,144461,182,12.04614909,coinmetrics
2014-02-09,57564,17982.8796594812,130842,138,10.75347261,coinmetrics
2014-02-10,65855,20328.472658544,170337,156,13.00925185,coinmetrics
2014-02-11,67222,21370.9584359053,155297,164,13.14004625,coinmetrics
2014-02-12,60833,23195.3085462874,212833,178,15.81237454,coinmetrics
2014-02-13,69166,23195.3085462874,167617,178,14.38337588,coinmetrics
2014-02-14,73697,24889.3479344994,175329,191,17.06818514,coinmetrics
2014-02-15,61457,24368.1050458188,151828,187,12.40802876,coinmetrics
2014-02-16,57435,25486.3744356631,135691,195,12.23026731,coinmetrics
2014-02-17,61436,24113.6485813296,173737,155,22.86025684,coinmetrics
2014-02-18,64161,25358.2239919788,154278,163,13.05530826,coinmetrics
2014-02-19,72495,31114.3852662318,181354,200,14.98459531,coinmetrics
2014-02-20,68604,27536.2309606151,179241,177,14.38397198,coinmetrics
2014-02-21,70573,23646.9328023361,180043,152,14.1107441,coinmetrics
2014-02-22,57544,28002.9467396085,152477,180,12.10609628,coinmetrics
2014-02-23,59341,26136.0836236346,162703,168,11.961726,coinmetrics
2014-02-24,74409,29714.2379292513,217723,191,15.40597851,coinmetrics
2014-02-25,79446,25047.0801393165,209042,161,17.59133457,coinmetrics
2014-02-26,72156,28625.2344449332,198825,184,14.77961088,coinmetrics
2014-02-27,72340,29247.5221502578,186867,188,14.68596157,coinmetrics
2014-02-28,71210,31125.9783969294,202531,181,16.79261205,coinmetrics
2014-03-01,61950,27314.0148774629,174849,144,12.13571844,coinmetrics
2014-03-02,57645,26555.2922419778,161296,140,11.05133454,coinmetrics
2014-03-03,81290,28072.737512948,239106,148,17.30770071,coinmetrics
2014-03-04,83167,28262.4181718192,230183,149,17.10230187,coinmetrics
2014-03-05,72579,29590.1827839181,204980,156,14.43840966,coinmetrics
2014-03-06,69266,32814.7539847296,191203,173,14.3772855,coinmetrics
2014-03-07,72245,31486.9893726308,181365,166,13.95370614,coinmetrics
2014-03-08,64794,31866.3506903733,171767,168,11.58315791,coinmetrics
2014-03-09,61341,33952.8379379573,172480,179,12.18432022,coinmetrics
2014-03-10,71589,28262.4181718192,209703,149,16.40539825,coinmetrics
2014-03-11,76932,31866.3506903733,192707,168,15.50713128,coinmetrics
2014-03-12,75743,34521.8799145711,201998,182,16.44957496,coinmetrics
2014-03-13,73111,34076.0838232155,198172,162,14.75387595,coinmetrics
2014-03-14,69334,28100.1706779259,185902,133,13.38452791,coinmetrics
2014-03-15,60354,34861.1139989306,146037,165,10.95668217,coinmetrics
2014-03-16,59542,36128.7908716189,141737,171,12.48258536,coinmetrics
2014-03-17,64647,34015.996083805,187013,161,12.88207515,coinmetrics
2014-03-18,55702,30846.803902084,145860,146,9.96117055,coinmetrics
2014-03-19,72825,33804.7166050236,162108,160,13.31135881,coinmetrics
2014-03-20,72682,37396.4677443073,170768,177,14.23946212,coinmetrics
2014-03-21,70606,39297.9830533399,185393,186,14.06589383,coinmetrics
2014-03-22,67390,35917.5113928376,171832,170,17.84621932,coinmetrics
2014-03-23,58394,45213.808459219,149492,214,11.30486757,coinmetrics
2014-03-24,69060,40096.6711219624,189786,188,12.56148514,coinmetrics
2014-03-25,73053,39076.1052123166,171509,157,14.78010341,coinmetrics
2014-03-26,67123,39573.8899920914,166155,159,15.07958081,coinmetrics
2014-03-27,73681,43058.3834505145,186843,173,14.03211189,coinmetrics
2014-03-28,64037,43307.2758404019,178365,174,11.83330298,coinmetrics
2014-03-29,54656,43556.1682302893,146650,175,10.04636588,coinmetrics
2014-03-30,54831,34844.9345842314,164718,140,10.59980667,coinmetrics
2014-03-31,65788,44800.6301797261,172497,180,12.78271108,coinmetrics
2014-04-01,65002,42560.5986707398,180851,171,12.44114174,coinmetrics
2014-04-02,65082,49031.8008078114,176078,197,12.98500184,coinmetrics
2014-04-03,67888,50774.047537023,173295,204,13.69518395,coinmetrics
2014-04-04,64956,48534.0160280367,177264,195,13.44329302,coinmetrics
2014-04-05,54863,47539.4746363803,151868,171,10.99179199,coinmetrics
2014-04-06,50897,45936.198326456,185666,151,10.54407411,coinmetrics
2014-04-07,66490,45936.198326456,159482,151,14.34759099,coinmetrics
2014-04-08,66995,40764.5733493053,166019,134,14.64647701,coinmetrics
2014-04-09,64373,48978.3306659564,176284,161,20.16840701,coinmetrics
2014-04-10,69256,47153.0512622562,185474,155,14.62863668,coinmetrics
2014-04-11,64123,51412.0365375568,166924,169,13.62430653,coinmetrics
2014-04-12,47751,48978.3306659564,131975,161,9.12566201,coinmetrics
2014-04-13,50628,56887.8747486575,172422,187,10.21770663,coinmetrics
2014-04-14,69890,58713.1541523577,183076,193,15.35093555,coinmetrics
2014-04-15,73776,55366.8085789073,201397,182,16.78976013,coinmetrics
2014-04-16,68176,48369.9041980563,182765,159,14.09259016,coinmetrics
2014-04-17,66046,53376.5546672988,159399,169,15.22639041,coinmetrics
2014-04-18,55995,55507.2239702395,147495,160,12.03683424,coinmetrics
2014-04-19,53001,55160.3038204255,140534,159,12.55920125,coinmetrics
2014-04-20,48228,61751.7866668914,162905,178,10.72734539,coinmetrics
2014-04-21,60964,59323.3456181934,146354,171,12.9543641,coinmetrics
2014-04-22,75836,53425.7030713555,179152,154,15.9478442,coinmetrics
2014-04-23,75715,57241.8247193095,159425,165,13.8605805,coinmetrics
2014-04-24,70139,52384.9426219135,162087,151,14.57649961,coinmetrics
2014-04-25,73487,63139.4672661473,180567,182,13.80850993,coinmetrics
2014-04-26,50499,56547.9844196815,132791,163,8.90624969,coinmetrics
2014-04-27,52823,61404.8665170774,170979,177,11.79903084,coinmetrics
2014-04-28,64986,52731.8627717276,168952,152,12.91264939,coinmetrics
2014-04-29,64537,59983.8153155768,168752,171,12.51455899,coinmetrics
2014-04-30,63995,54488.3950277099,166313,137,13.10079675,coinmetrics
2014-05-01,59587,69999.6899626057,154174,176,10.82073553,coinmetrics
2014-05-02,60396,64033.8072953381,143085,161,12.10729467,coinmetrics
2014-05-03,53815,56477.0225834658,116433,142,10.10561378,coinmetrics
2014-05-04,54062,60056.5521838263,159490,151,10.34145858,coinmetrics
2014-05-05,64714,49715.6888938959,144154,125,13.10147244,coinmetrics
2014-05-06,76114,77158.7491633268,166298,194,14.75608815,coinmetrics
2014-05-07,70058,63238.3562730357,162643,159,13.69391982,coinmetrics
2014-05-08,68496,66420.1603622451,165833,167,13.45103596,coinmetrics
2014-05-09,66448,67613.3368956986,161587,170,15.67764821,coinmetrics
2014-05-10,56457,71192.8664960592,134895,179,10.0208234,coinmetrics
2014-05-11,53956,60454.2776949775,166228,152,9.93399018,coinmetrics
2014-05-12,73765,68363.1186819926,155388,164,13.91050028,coinmetrics
2014-05-13,67817,71297.1253229566,147074,162,12.13564818,coinmetrics
2014-05-14,69339,66015.8567805154,159121,150,12.01383616,coinmetrics
2014-05-15,74735,75258.0767297874,176226,171,12.79735578,coinmetrics
2014-05-16,65511,79659.1338484884,156212,181,11.69330213,coinmetrics
2014-05-17,53789,76138.2881535276,150165,173,9.3796086,coinmetrics
2014-05-18,51089,75698.1824416575,177463,172,8.98159656,coinmetrics
2014-05-19,61672,73937.7595941772,181571,168,11.01320317,coinmetrics
2014-05-20,71852,77898.711001008,192586,177,13.41766529,coinmetrics
2014-05-21,69798,77018.4995772678,157311,175,13.00665803,coinmetrics
2014-05-22,72411,75698.1824416575,162838,172,12.65531062,coinmetrics
2014-05-23,74305,72617.4424585669,177498,165,13.03623779,coinmetrics
2014-05-24,51548,73989.0541480983,123811,154,10.98420875,coinmetrics
2014-05-25,57626,83680.823428221,187419,161,10.22026124,coinmetrics
2014-05-26,65293,82121.5534264529,167687,158,12.28729007,coinmetrics
2014-05-27,69953,70686.9067468202,182860,136,12.42826454,coinmetrics
2014-05-28,72168,87838.8767662692,183061,169,13.99930021,coinmetrics
2014-05-29,63818,73285.6900831003,169110,141,11.66892077,coinmetrics
2014-05-30,65812,86799.3634317572,153948,167,11.79853674,coinmetrics
2014-05-31,51139,76404.2300866365,144272,147,9.40515595,coinmetrics
2014-06-01,55721,90957.4167698054,192380,175,10.90312281,coinmetrics
2014-06-02,64830,100313.036780414,175430,193,11.82661054,coinmetrics
2014-06-03,68434,92516.6867715735,185339,178,13.20647766,coinmetrics
2014-06-04,66528,94075.9567733416,172746,181,12.30727825,coinmetrics
2014-06-05,65823,80296.3073918768,182268,152,12.1615177,coinmetrics
2014-06-06,61731,81234.569832861,173007,139,10.764087,coinmetrics
2014-06-07,52993,90585.3116841256,143378,155,9.09339088,coinmetrics
2014-06-08,47064,79481.3057357488,172332,136,8.61778129,coinmetrics
2014-06-09,58213,91169.7330498296,162353,156,10.8608585,coinmetrics
2014-06-10,65062,97598.3680725741,182372,167,11.9751302,coinmetrics
2014-06-11,62177,85325.5193927892,173422,146,11.18863738,coinmetrics
2014-06-12,63429,100520.474901094,172729,172,12.73716064,coinmetrics
2014-06-13,64953,95260.6826097579,173708,163,11.61794928,coinmetrics
2014-06-14,53486,104027.003095318,149660,178,9.09514956,coinmetrics
2014-06-15,54739,111040.059483767,177382,190,9.70837958,coinmetrics
2014-06-16,67803,109871.216752359,177312,188,11.93240244,coinmetrics
2014-06-17,69331,107533.531289543,184074,184,11.95860024,coinmetrics
2014-06-18,63028,103872.344332371,165353,158,12.78271095,coinmetrics
2014-06-19,62474,111761.157396392,158405,167,11.74113797,coinmetrics
2014-06-20,57135,124476.49865706,155204,186,10.7624985,coinmetrics
2014-06-21,51083,124476.49865706,152595,186,9.14470063,coinmetrics
2014-06-22,50597,120461.127732638,185446,180,9.14202487,coinmetrics
2014-06-23,60115,117784.213783024,162950,176,11.33256096,coinmetrics
2014-06-24,64075,125814.955631867,174440,188,10.9860565,coinmetrics
2014-06-25,64056,125145.727144463,174070,187,12.30790257,coinmetrics
2014-06-26,61079,114438.071346006,158966,171,10.10366578,coinmetrics
2014-06-27,62724,131838.012018499,166577,197,10.67664091,coinmetrics
2014-06-28,54720,121799.584707445,144471,182,9.34513432,coinmetrics
2014-06-29,50174,121250.583447258,175850,157,8.93020091,coinmetrics
2014-06-30,69802,110358.632936103,181598,132,11.87985972,coinmetrics
2014-07-01,69748,111194.683185619,185615,133,13.1681984,coinmetrics
2014-07-02,65850,114538.884183682,179686,137,12.61848038,coinmetrics
2014-07-03,61838,116210.984682714,158572,139,10.77515105,coinmetrics
2014-07-04,59708,138784.341419644,144187,166,10.31852456,coinmetrics
2014-07-05,48881,127079.637926421,126478,152,8.04536289,coinmetrics
2014-07-06,52464,118719.135431262,184532,142,9.29735673,coinmetrics
2014-07-07,65833,125407.53742739,189077,150,11.51659533,coinmetrics
2014-07-08,69343,125407.53742739,211510,150,12.08565701,coinmetrics
2014-07-09,69653,138784.341419644,187251,166,11.92583516,coinmetrics
2014-07-10,62823,124571.487177874,167058,149,10.91249194,coinmetrics
2014-07-11,58631,130423.838924485,169606,156,10.83844878,coinmetrics
2014-07-12,53816,131517.316592705,156338,157,8.76110833,coinmetrics
2014-07-13,51752,137886.878621816,185975,160,9.34367576,coinmetrics
2014-07-14,63947,116342.053837157,164790,135,11.9874094,coinmetrics
2014-07-15,71208,137025.08563043,176650,159,12.37117878,coinmetrics
2014-07-16,65933,124098.190759634,168305,144,12.70639483,coinmetrics
2014-07-17,65617,148228.394518452,173954,172,11.70440174,coinmetrics
2014-07-18,63793,148228.394518452,168626,172,11.93230446,coinmetrics
2014-07-19,58470,152537.359475384,148917,177,10.17517104,coinmetrics
2014-07-20,53542,133577.913664884,190961,155,9.2454258,coinmetrics
2014-07-21,63367,133577.913664884,161778,155,10.48282137,coinmetrics
2014-07-22,67264,122374.604776862,169127,142,11.81677055,coinmetrics
2014-07-23,65840,125821.776742407,174755,146,10.83940785,coinmetrics
2014-07-24,65859,123236.397768248,176149,143,10.64280072,coinmetrics
2014-07-25,62203,141655.467292385,177347,163,10.57399142,coinmetrics
2014-07-26,56869,124806.737276296,140817,134,8.6751365,coinmetrics
2014-07-27,51250,142503.2149498,182563,153,8.87012098,coinmetrics
2014-07-28,64903,139709.03426451,174637,150,10.40923927,coinmetrics
2014-07-29,62541,138777.640702747,170530,149,10.79903281,coinmetrics
2014-07-30,65495,160199.692623305,180476,172,10.74474618,coinmetrics
2014-07-31,69650,143434.608511564,177455,154,11.15814831,coinmetrics
2014-08-01,66047,146228.789196854,172169,157,10.47439382,coinmetrics
2014-08-02,55208,151817.150567434,141630,163,8.54394338,coinmetrics
2014-08-03,54294,143434.608511564,176087,154,8.72959644,coinmetrics
2014-08-04,67849,119218.375905715,172824,128,11.06974336,coinmetrics
2014-08-05,74637,125738.130838059,203179,135,12.43515778,coinmetrics
2014-08-06,77201,152748.544129197,196452,164,12.63340515,coinmetrics
2014-08-07,69305,149022.969882144,178997,160,10.9295697,coinmetrics
2014-08-08,67797,153677.347167073,173005,158,11.0942202,coinmetrics
2014-08-09,61115,178499.415531386,152677,182,9.42100546,coinmetrics
2014-08-10,58924,173595.585434369,202330,177,10.07841244,coinmetrics
2014-08-11,73128,178499.415531386,190879,182,11.82082046,coinmetrics
2014-08-12,78838,170653.28737616,204689,174,12.8358524,coinmetrics
2014-08-13,75082,142211.072813467,195738,145,12.32946741,coinmetrics
2014-08-14,80916,176537.883492579,202135,180,12.53324892,coinmetrics
2014-08-15,73530,161826.393201531,200423,165,12.41232189,coinmetrics
2014-08-16,65307,154961.031065708,173929,158,12.30871244,coinmetrics
2014-08-17,60043,166730.223298547,201320,170,37.37651806,coinmetrics
2014-08-18,72355,194191.671841837,193767,198,11.7154226,coinmetrics
2014-08-19,74860,189172.925205021,187448,186,12.83558331,coinmetrics
2014-08-20,72909,200319.92108908,186763,169,11.87020549,coinmetrics
2014-08-21,73090,195578.621181646,193528,165,11.41675549,coinmetrics
2014-08-22,66760,186096.021366778,182975,157,10.7530745,coinmetrics
2014-08-23,57747,192022.646251071,151274,162,8.68056044,coinmetrics
2014-08-24,57066,173057.446621335,208310,146,13.3624694,coinmetrics
2014-08-25,69534,162389.521829609,181249,137,12.19192608,coinmetrics
2014-08-26,72342,205061.220996514,188274,173,11.55224928,coinmetrics
2014-08-27,75503,200319.92108908,189509,169,11.66349514,coinmetrics
2014-08-28,67833,205061.220996514,191762,173,10.36404959,coinmetrics
2014-08-29,67775,201505.246065938,165055,170,10.28089987,coinmetrics
2014-08-30,61204,215729.14578824,167970,182,9.15537219,coinmetrics
2014-08-31,58486,224266.372936306,191406,188,9.04186582,coinmetrics
2014-09-01,69351,185433.910730305,190403,136,10.78462369,coinmetrics
2014-09-02,73278,200432.241745256,191326,147,11.81823902,coinmetrics
2014-09-03,69430,230428.903775158,169050,169,10.80130356,coinmetrics
2014-09-04,71310,215430.572760207,180670,158,11.3135362,coinmetrics
2014-09-05,70511,197705.27246981,188565,145,11.40646907,coinmetrics
2014-09-06,60225,244063.750152386,152934,179,18.84805354,coinmetrics
2014-09-07,60251,211340.118847038,232778,155,10.12912975,coinmetrics
2014-09-08,76646,196341.787832087,196424,144,12.41075614,coinmetrics
2014-09-09,81139,199068.757107533,243692,146,14.43880809,coinmetrics
2014-09-10,75019,214067.088122484,221162,157,12.68042071,coinmetrics
2014-09-11,64288,231792.388412881,171772,170,9.92569749,coinmetrics
2014-09-12,67281,209976.634209315,166122,154,10.57516311,coinmetrics
2014-09-13,60474,250729.580909984,152145,181,9.42337938,coinmetrics
2014-09-14,68210,234289.364098999,240833,158,11.37381374,coinmetrics
2014-09-15,77918,234289.364098999,190655,158,12.11120752,coinmetrics
2014-09-16,89544,253566.337094486,225014,171,14.71636617,coinmetrics
2014-09-17,78526,275808.998243125,191063,186,12.04040423,coinmetrics
2014-09-18,76357,265429.089707094,190890,179,12.21500494,coinmetrics
2014-09-19,70093,253566.337094486,172255,171,10.81949325,coinmetrics
2014-09-20,64168,260980.557477366,169941,176,10.30374396,coinmetrics
2014-09-21,57668,243186.428558455,200712,164,9.0868786,coinmetrics
2014-09-22,73709,249117.804864759,206729,168,11.8186064,coinmetrics
2014-09-23,76923,222426.611486392,195635,150,12.69524397,coinmetrics
2014-09-24,75302,231323.675945848,189719,156,12.4793842,coinmetrics
2014-09-25,78696,261293.984719224,201394,172,13.20874596,coinmetrics
2014-09-26,72617,230885.863009396,180341,134,47.85534992,coinmetrics
2014-09-27,61019,230885.863009396,167251,134,10.19035228,coinmetrics
2014-09-28,63418,223993.747695683,234946,130,10.98095539,coinmetrics
2014-09-29,79158,236054.949494681,198246,137,12.35313873,coinmetrics
2014-09-30,77225,263623.410749534,217696,153,12.01025697,coinmetrics
2014-10-01,79127,267069.468406391,212669,155,13.01467336,coinmetrics
2014-10-02,73147,237777.97832311,183913,138,11.41275393,coinmetrics
2014-10-03,74077,251562.208950536,177578,146,12.10668392,coinmetrics
2014-10-04,66820,265346.439577962,172315,154,12.43856898,coinmetrics
2014-10-05,66118,291191.872004387,247567,169,11.79831005,coinmetrics
2014-10-06,78947,277407.641376961,193513,161,12.96602005,coinmetrics
2014-10-07,77172,230885.863009396,200932,134,12.95992317,coinmetrics
2014-10-08,79002,248116.151293679,189881,144,12.52996702,coinmetrics
2014-10-09,82611,255805.104174852,188877,148,13.93455865,coinmetrics
2014-10-10,79459,269697.336979929,196627,155,12.78632175,coinmetrics
2014-10-11,65585,250557.52596845,164418,144,10.40855719,coinmetrics
2014-10-12,64996,257517.457245351,250261,148,11.36361449,coinmetrics
2014-10-13,77486,269697.336979929,207310,155,12.97867447,coinmetrics
2014-10-14,82942,229677.732137746,222532,132,13.67518516,coinmetrics
2014-10-15,74701,262737.405703027,205441,151,12.21323632,coinmetrics
2014-10-16,75699,257517.457245351,184416,148,12.1618511,coinmetrics
2014-10-17,68154,247077.560329999,180122,142,11.30672073,coinmetrics
2014-10-18,66863,285357.182352957,176676,164,10.41520998,coinmetrics
2014-10-19,65258,231417.714956971,236855,133,10.89741535,coinmetrics
2014-10-20,82251,238377.646233873,201790,137,12.9705687,coinmetrics
2014-10-21,80753,266217.371341478,206733,153,12.82887487,coinmetrics
2014-10-22,79124,276657.26825683,201731,159,12.59181827,coinmetrics
2014-10-23,80410,267771.331001111,198755,151,12.77735705,coinmetrics
2014-10-24,81413,284428.084979115,196085,159,12.91773007,coinmetrics
2014-10-25,68922,277272.661457628,202433,155,10.51471173,coinmetrics
2014-10-26,70568,223606.985046474,214842,125,11.27229481,coinmetrics
2014-10-27,85089,284428.084979115,225066,159,13.69116336,coinmetrics
2014-10-28,87975,246862.111491307,205248,138,13.38882665,coinmetrics
2014-10-29,94358,277272.661457628,200016,155,14.40269903,coinmetrics
2014-10-30,91615,304105.499663205,205736,170,13.7175347,coinmetrics
2014-10-31,84518,336304.905509897,203137,188,12.75601745,coinmetrics
2014-11-01,69360,284428.084979115,173118,159,12.56801876,coinmetrics
2014-11-02,76525,277272.661457628,267793,155,12.60153769,coinmetrics
2014-11-03,90284,302316.643782833,211234,169,16.55354183,coinmetrics
2014-11-04,90476,289794.652620231,209429,162,13.9867993,coinmetrics
2014-11-05,89108,268264.624126884,203229,138,13.40476919,coinmetrics
2014-11-06,90820,303181.174870355,219885,154,13.88055525,coinmetrics
2014-11-07,83898,295306.339159437,221566,150,13.43627119,coinmetrics
2014-11-08,74699,301212.465942625,170855,153,11.0808472,coinmetrics
2014-11-09,72914,295306.339159437,253202,150,15.22246314,coinmetrics
2014-11-10,89325,289400.212376248,214221,147,13.61210826,coinmetrics
2014-11-11,84570,253963.451677116,200922,129,13.19425748,coinmetrics
2014-11-12,97750,289400.212376248,229329,147,15.4036244,coinmetrics
2014-11-13,90507,285462.794520789,213181,145,14.06879253,coinmetrics
2014-11-14,85478,303181.174870355,223425,154,13.02026084,coinmetrics
2014-11-15,72643,275619.249882141,174268,140,11.06059561,coinmetrics
2014-11-16,75533,295306.339159437,249080,150,12.99233136,coinmetrics
2014-11-17,88054,283494.085593059,213572,144,13.69669185,coinmetrics
2014-11-18,87534,303873.503789399,208693,154,13.08974611,coinmetrics
2014-11-19,89108,282468.877689125,212316,141,14.00438019,coinmetrics
2014-11-20,86184,276458.90156808,204567,138,12.63821984,coinmetrics
2014-11-21,80671,254422.322457581,196858,127,12.46442757,coinmetrics
2014-11-22,75577,308512.107546988,180131,154,11.07895741,coinmetrics
2014-11-23,78174,284472.203062807,249395,142,12.13866936,coinmetrics
2014-11-24,86052,294488.829931216,211890,147,13.11267274,coinmetrics
2014-11-25,83050,264438.949325989,203972,132,11.75013422,coinmetrics
2014-11-26,87328,274455.576194398,205408,137,12.48660385,coinmetrics
2014-11-27,83862,282468.877689125,208264,141,11.88325113,coinmetrics
2014-11-28,84822,296492.155304897,208778,148,11.54448536,coinmetrics
2014-11-29,80030,314522.083668033,187909,157,11.20697919,coinmetrics
2014-11-30,84409,320532.059789078,277774,160,13.00332879,coinmetrics
2014-12-01,100563,260432.298578626,227571,130,14.13945948,coinmetrics
2014-12-02,99828,300382.460137881,252787,150,14.17948175,coinmetrics
2014-12-03,95844,230698.727588578,226744,116,13.44282229,coinmetrics
2014-12-04,99396,290362.191620107,227387,146,14.79137255,coinmetrics
2014-12-05,90109,310250.01296395,227490,156,12.36044409,coinmetrics
2014-12-06,79713,272463.152410648,186079,137,10.97776023,coinmetrics
2014-12-07,74469,250586.548932421,259501,126,10.95975649,coinmetrics
2014-12-08,91051,324171.48790464,242048,163,15.72968592,coinmetrics
2014-12-09,90913,282407.06308257,225674,142,12.78669992,coinmetrics
2014-12-10,89230,284395.845216954,223236,143,12.53369367,coinmetrics
2014-12-11,83996,294339.755888875,217332,148,11.95133097,coinmetrics
2014-12-12,79502,280418.280948185,217065,141,11.34793667,coinmetrics
2014-12-13,75125,290362.191620107,180986,146,10.2099923,coinmetrics
2014-12-14,81604,280418.280948185,284878,141,12.45952676,coinmetrics
2014-12-15,96978,280418.280948185,248144,141,14.49216224,coinmetrics
2014-12-16,99237,284395.845216954,252332,143,14.7606841,coinmetrics
2014-12-17,97273,251585.071833534,242691,128,15.06836257,coinmetrics
2014-12-18,94900,253027.240872936,238736,129,13.68950064,coinmetrics
2014-12-19,94533,268718.852710017,223509,137,14.73435045,coinmetrics
2014-12-20,86304,262834.498271112,251036,134,12.05550894,coinmetrics
2014-12-21,79552,258911.595311842,237992,132,11.42406874,coinmetrics
2014-12-22,96522,321678.042660167,260678,164,14.10383881,coinmetrics
2014-12-23,100084,294217.721945275,244340,150,14.2600858,coinmetrics
2014-12-24,80385,300102.07638418,186732,153,10.78322904,coinmetrics
2014-12-25,67726,309909.333782356,166473,158,9.30466678,coinmetrics
2014-12-26,77254,298140.624904545,192091,152,19.68189244,coinmetrics
2014-12-27,78014,298140.624904545,210729,152,17.12967516,coinmetrics
2014-12-28,72602,331485.300058343,263683,169,11.91773665,coinmetrics
2014-12-29,85863,321678.042660167,204682,164,15.84402414,coinmetrics
2014-12-30,83018,306495.476137719,204192,155,12.52982725,coinmetrics
2014-12-31,75829,307081.470445709,177886,152,11.19807656,coinmetrics
2015-01-01,60177,333345.017260144,145765,165,8.19708968,coinmetrics
2015-01-02,83050,333345.017260144,212932,165,12.33977385,coinmetrics
2015-01-03,81404,327284.198764505,241755,162,11.68691488,coinmetrics
2015-01-04,82769,347486.927083302,235011,172,21.57327749,coinmetrics
2015-01-05,95721,315162.561773228,242515,156,15.99976518,coinmetrics
2015-01-06,88848,319203.107436987,215554,158,13.0111396,coinmetrics
2015-01-07,92569,282838.196463153,204697,140,13.31170565,coinmetrics
2015-01-08,105611,296980.106286311,230454,147,16.02188773,coinmetrics
2015-01-09,100397,282838.196463153,237524,140,15.13320827,coinmetrics
2015-01-10,106342,296980.106286311,274443,147,15.4105739,coinmetrics
2015-01-11,89751,313142.288941348,249636,155,13.18200571,coinmetrics
2015-01-12,100751,291349.141441684,222808,142,33.11612285,coinmetrics
2015-01-13,98240,277602.083462638,250066,127,15.11597283,coinmetrics
2015-01-14,106993,316947.260646319,257446,145,15.62269978,coinmetrics
2015-01-15,119661,330062.319707546,262427,151,17.11757064,coinmetrics
2015-01-16,104742,303832.201585092,246341,139,14.57208331,coinmetrics
2015-01-17,88416,301646.358408221,272389,138,13.14946231,coinmetrics
2015-01-18,83765,334434.006061289,247184,153,13.91845739,coinmetrics
2015-01-19,99008,314761.417469448,255010,144,14.46383358,coinmetrics
2015-01-20,100182,257929.494870797,234321,118,14.63209011,coinmetrics
2015-01-21,93268,325690.633353804,215260,149,12.81696748,coinmetrics
2015-01-22,95488,295088.828877607,230504,135,13.72463626,coinmetrics
2015-01-23,94078,271044.553932025,216750,124,13.94772383,coinmetrics
2015-01-24,80633,275416.240285767,201529,126,11.14573254,coinmetrics
2015-01-25,85829,273230.397108896,318167,125,13.24394967,coinmetrics
2015-01-26,107895,277602.083462638,263343,127,16.0199841,coinmetrics
2015-01-27,99265,317507.026636064,249279,149,13.98880719,coinmetrics
2015-01-28,85087,336476.453109996,198841,164,11.59524688,coinmetrics
2015-01-29,92284,336476.453109996,217393,164,12.50188755,coinmetrics
2015-01-30,79736,283132.625177924,193117,138,10.99797737,coinmetrics
2015-01-31,86631,340579.824489386,276120,166,12.57748445,coinmetrics
2015-02-01,78157,318011.28190274,250290,155,11.12675333,coinmetrics
2015-02-02,87190,326218.024661521,228409,159,12.66267626,coinmetrics
2015-02-03,91378,260564.082591277,241904,127,13.03209706,coinmetrics
2015-02-04,88890,326218.024661521,228028,159,12.32242544,coinmetrics
2015-02-05,87548,326218.024661521,217016,159,12.24651138,coinmetrics
2015-02-06,84709,363148.367076033,231139,177,11.59509943,coinmetrics
2015-02-07,85768,326218.024661521,195430,159,11.80071189,coinmetrics
2015-02-08,83307,270822.511039753,293810,132,11.85052659,coinmetrics
2015-02-09,104895,340604.722619783,232450,161,14.96304105,coinmetrics
2015-02-10,102102,318224.262813905,227906,144,14.18685974,coinmetrics
2015-02-11,98560,349162.732809701,236742,158,14.68754513,coinmetrics
2015-02-12,88258,262976.994964268,232114,119,12.66188486,coinmetrics
2015-02-13,113789,322644.044241876,312759,146,17.57319217,coinmetrics
2015-02-14,100479,353582.514237672,260312,160,15.32120238,coinmetrics
2015-02-15,82100,309384.699957963,342433,140,13.35316022,coinmetrics
2015-02-16,103452,346952.842095716,261678,157,15.15115571,coinmetrics
2015-02-17,104074,329273.716383832,272213,149,16.14348698,coinmetrics
2015-02-18,103957,369051.74923557,246403,167,14.69517531,coinmetrics
2015-02-19,93715,366841.858521585,213440,166,13.50763762,coinmetrics
2015-02-20,99228,349162.732809701,249692,158,15.21578848,coinmetrics
2015-02-21,88178,313804.481385934,271126,142,12.98177024,coinmetrics
2015-02-22,84628,334358.311133104,273269,151,12.41192904,coinmetrics
2015-02-23,104512,329538.396656716,253650,142,14.84573761,coinmetrics
2015-02-24,103153,299369.388512087,232088,129,14.21248871,coinmetrics
2015-02-25,103255,368990.176538154,226574,159,14.95277841,coinmetrics
2015-02-26,101222,348103.940130334,230216,150,14.19128681,coinmetrics
2015-02-27,103585,352745.325998738,247223,152,14.6518585,coinmetrics
2015-02-28,87971,329538.396656716,281000,142,13.3464288,coinmetrics
2015-03-01,87940,324897.010788311,272256,140,13.86995052,coinmetrics
2015-03-02,107024,366669.483603951,286476,158,15.72691221,coinmetrics
2015-03-03,110488,366669.483603951,266412,158,15.59423702,coinmetrics
2015-03-04,98822,324897.010788311,240738,140,14.59550501,coinmetrics
2015-03-05,97524,306331.467314693,249736,132,14.79052555,coinmetrics
2015-03-06,93661,343462.554261929,235826,148,16.34905981,coinmetrics
2015-03-07,91134,324897.010788311,254894,140,13.03189139,coinmetrics
2015-03-08,90034,363358.067705216,276241,156,13.59122266,coinmetrics
2015-03-09,106792,339499.662403796,260611,144,16.05939481,coinmetrics
2015-03-10,101987,358360.754759563,242733,152,14.72518342,coinmetrics
2015-03-11,103305,363076.027848504,259958,154,15.79896189,coinmetrics
2015-03-12,93481,308850.387325676,237787,131,13.41733652,coinmetrics
2015-03-13,97080,344214.935492738,243732,146,13.87455625,coinmetrics
2015-03-14,91210,308850.387325676,261423,131,12.55303518,coinmetrics
2015-03-15,83260,337142.025859325,254579,143,11.81590892,coinmetrics
2015-03-16,105590,327711.479681442,260952,139,15.24183049,coinmetrics
2015-03-17,99700,301777.477692263,226597,128,14.39169527,coinmetrics
2015-03-18,98308,360718.391304033,251725,153,14.75199154,coinmetrics
2015-03-19,104914,322996.2065925,261205,137,16.2708168,coinmetrics
2015-03-20,104055,320638.57004803,236693,136,16.24573801,coinmetrics
2015-03-21,96199,356003.118215092,251472,151,13.72970945,coinmetrics
2015-03-22,90009,334537.327428476,271887,142,13.02401881,coinmetrics
2015-03-23,102332,336739.588444724,255115,145,17.11852338,coinmetrics
2015-03-24,92642,401765.164144395,220798,173,13.64461309,coinmetrics
2015-03-25,98232,376219.402262381,226737,162,15.99877818,coinmetrics
2015-03-26,101438,343706.614412546,232228,148,14.56791258,coinmetrics
2015-03-27,98363,397120.480165847,229847,171,13.81915901,coinmetrics
2015-03-28,88943,343706.614412546,237409,148,12.75612589,coinmetrics
2015-03-29,91895,355318.324358916,283051,153,13.15643078,coinmetrics
2015-03-30,104131,329772.562476902,256087,142,15.03876519,coinmetrics
2015-03-31,114677,348351.298391094,266605,150,16.24634701,coinmetrics
2015-04-01,120748,306549.142584163,274206,132,17.08490971,coinmetrics
2015-04-02,109756,385508.770219477,249771,166,15.38686564,coinmetrics
2015-04-03,105958,339061.930433998,240801,146,15.32740854,coinmetrics
2015-04-04,87605,355318.324358916,243687,153,13.30258188,coinmetrics
2015-04-05,96521,361069.996691013,271639,148,15.10136188,coinmetrics
2015-04-06,105277,309707.170078885,242694,126,15.77134239,coinmetrics
2015-04-07,113215,373614.998825321,269775,152,16.31382022,coinmetrics
2015-04-08,109348,307249.17666556,253258,125,16.03771619,coinmetrics
2015-04-09,116464,326913.123972156,250608,133,18.90110829,coinmetrics
2015-04-10,109637,373614.998825321,250196,152,27.3699549,coinmetrics
2015-04-11,100196,344119.077865427,270860,140,16.77592743,coinmetrics
2015-04-12,86603,314623.156905534,254516,128,14.04098606,coinmetrics
2015-04-13,116290,383446.972478619,276787,156,17.41934865,coinmetrics
2015-04-14,108751,366241.018585348,255342,149,15.8165952,coinmetrics
2015-04-15,107977,299875.196425587,227570,122,15.62505405,coinmetrics
2015-04-16,99527,339203.091038779,225691,138,14.05114033,coinmetrics
2015-04-17,100988,309707.170078885,228675,126,14.45299191,coinmetrics
2015-04-18,97580,358867.038345374,250243,146,13.26933489,coinmetrics
2015-04-19,93417,351846.074225004,276814,145,13.33739209,coinmetrics
2015-04-20,116476,364477.035874265,245521,154,16.98677509,coinmetrics
2015-04-21,110257,362110.301875082,243752,153,15.16383331,coinmetrics
2015-04-22,113336,359743.567875898,265898,152,16.09570263,coinmetrics
2015-04-23,109934,307675.41989386,264221,130,16.01780275,coinmetrics
2015-04-24,105601,293475.015898758,252037,124,15.05387768,coinmetrics
2015-04-25,100598,385777.641866917,268305,163,99.66973292,coinmetrics
2015-04-26,93522,340809.69588243,275889,144,13.5487858,coinmetrics
2015-04-27,113365,324242.557888145,253708,137,15.64242508,coinmetrics
2015-04-28,113542,362110.301875082,255162,153,16.2919516,coinmetrics
2015-04-29,117554,300575.217896309,261510,127,16.90727715,coinmetrics
2015-04-30,110679,317142.355890594,240159,134,16.45477351,coinmetrics
2015-05-01,101452,350276.631879164,225580,148,14.0104506,coinmetrics
2015-05-02,92909,347909.89787998,264029,147,13.68364567,coinmetrics
2015-05-03,83855,333776.412541361,247646,141,12.31324554,coinmetrics
2015-05-04,104511,303150.868676707,255868,128,15.14047929,coinmetrics
2015-05-05,115789,364728.388876663,263807,154,16.41240338,coinmetrics
2015-05-06,111252,381306.952007421,270868,161,15.790563,coinmetrics
2015-05-07,110385,333939.628776685,259340,141,15.86882482,coinmetrics
2015-05-08,110150,355254.924230516,298182,150,16.75898401,coinmetrics
2015-05-09,96017,305519.234838243,235324,129,13.55162161,coinmetrics
2015-05-10,87291,305519.234838243,267176,129,15.35133374,coinmetrics
2015-05-11,110147,374201.85352281,262404,158,17.10272336,coinmetrics
2015-05-12,109607,355254.924230516,273959,150,15.9899937,coinmetrics
2015-05-13,110562,383675.318168957,252379,162,15.77876236,coinmetrics
2015-05-14,102057,364728.388876663,241337,154,14.14628719,coinmetrics
2015-05-15,104527,348149.825745906,242013,147,15.03789239,coinmetrics
2015-05-16,89300,312624.333322854,259761,132,12.94808374,coinmetrics
2015-05-17,89084,410256.527852824,263667,171,13.37057143,coinmetrics
2015-05-18,96958,349377.602526406,239338,144,14.62875523,coinmetrics
2015-05-19,108963,315410.335614117,258201,130,15.94676517,coinmetrics
2015-05-20,104816,351803.835877284,251166,145,14.75428306,coinmetrics
2015-05-21,97997,376066.169386062,236381,155,14.42830737,coinmetrics
2015-05-22,103038,334820.202421139,248185,138,15.45300709,coinmetrics
2015-05-23,87197,271738.135298316,222628,112,12.864588,coinmetrics
2015-05-24,91128,354230.069228162,282015,146,13.1338085,coinmetrics
2015-05-25,107497,342098.902473773,262222,141,15.73534058,coinmetrics
2015-05-26,110959,349377.602526406,274566,144,18.45803195,coinmetrics
2015-05-27,106238,334820.202421139,258192,138,15.82065777,coinmetrics
2015-05-28,110526,320262.802315872,255987,132,16.14230756,coinmetrics
2015-05-29,130305,373639.936035185,301378,154,18.900967,coinmetrics
2015-05-30,122222,329967.735719384,302015,136,16.07205974,coinmetrics
2015-05-31,97356,356781.94209336,294212,148,39.52465888,coinmetrics
2015-06-01,132668,312271.265830991,316894,132,22.07609897,coinmetrics
2015-06-02,125717,354853.71117158,299987,150,18.17588862,coinmetrics
2015-06-03,129398,335928.179909096,295631,142,18.32997293,coinmetrics
2015-06-04,114685,333562.488501286,270650,141,16.42116633,coinmetrics
2015-06-05,108893,326465.414277854,261364,138,15.65542164,coinmetrics
2015-06-06,93591,421093.070590275,271268,178,14.51350348,coinmetrics
2015-06-07,82502,352488.01976377,255838,149,12.75830974,coinmetrics
2015-06-08,111670,371413.551026254,252632,157,17.79781777,coinmetrics
2015-06-09,121137,357219.402579391,287564,151,17.69428829,coinmetrics
2015-06-10,129616,399801.847919981,354081,169,19.88701589,coinmetrics
2015-06-11,120640,319368.340054422,281625,135,17.44361645,coinmetrics
2015-06-12,125402,335928.179909096,296611,142,18.17704851,coinmetrics
2015-06-13,105230,376144.933841875,282673,159,16.83762539,coinmetrics
2015-06-14,105380,361934.276712658,292633,148,16.37535803,coinmetrics
2015-06-15,128569,355711.957090776,318865,144,19.79611018,coinmetrics
2015-06-16,120372,291486.187060497,276646,118,22.16171112,coinmetrics
2015-06-17,132006,390295.064030157,322275,158,21.08865135,coinmetrics
2015-06-18,125830,385354.620181674,287336,156,27.52765807,coinmetrics
2015-06-19,126014,363122.6228635,291461,147,27.58818203,coinmetrics
2015-06-20,100545,331009.737848361,259541,134,14.96865619,coinmetrics
2015-06-21,96769,306307.518605946,279335,124,14.0692922,coinmetrics
2015-06-22,118897,377943.954408949,264629,153,28.21959957,coinmetrics
2015-06-23,126676,345831.06939381,303390,140,18.70392378,coinmetrics
2015-06-24,113349,385354.620181674,267900,156,16.38737487,coinmetrics
2015-06-25,109193,375473.732484708,227584,152,16.48184394,coinmetrics
2015-06-26,117718,380414.176333191,294363,154,18.31451546,coinmetrics
2015-06-27,103789,318658.628227153,290296,129,16.40202958,coinmetrics
2015-06-28,100641,346814.543816443,275010,141,15.63746896,coinmetrics
2015-06-29,124779,343810.247546963,290419,140,18.81245688,coinmetrics
2015-06-30,155748,356089.184959355,312364,145,30.05228117,coinmetrics
2015-07-01,142709,331531.310134572,308546,135,21.10332998,coinmetrics
2015-07-02,142954,378191.27230166,317013,154,24.3983581,coinmetrics
2015-07-03,129344,395381.784679008,300150,161,22.81368471,coinmetrics
2015-07-04,103718,373279.697336703,271740,152,17.68514497,coinmetrics
2015-07-05,114726,348721.82251192,307522,142,20.93118866,coinmetrics
2015-07-06,180882,444497.534328574,352954,181,37.54753069,coinmetrics
2015-07-07,190910,329075.522652093,321011,134,43.04662334,coinmetrics
2015-07-08,195582,395381.784679008,317005,161,49.69961454,coinmetrics
2015-07-09,194989,326619.735169615,333362,133,41.10713393,coinmetrics
2015-07-10,190131,378191.27230166,319210,154,36.54654994,coinmetrics
2015-07-11,186958,365703.823777367,321077,148,39.37431864,coinmetrics
2015-07-12,208628,342767.691987456,313443,135,43.34664663,coinmetrics
2015-07-13,158460,375774.951215878,299508,148,32.49378125,coinmetrics
2015-07-14,124862,365618.871453287,288951,144,29.74710667,coinmetrics
2015-07-15,112163,388470.050919117,268772,153,25.51787682,coinmetrics
2015-07-16,116060,340228.672046808,278082,134,27.56391049,coinmetrics
2015-07-17,114852,373235.93127523,248227,147,23.55741988,coinmetrics
2015-07-18,134042,378313.971156526,251678,149,43.18225529,coinmetrics
2015-07-19,117660,385931.03097847,296139,152,20.51661503,coinmetrics
2015-07-20,125270,396087.110741061,283750,156,39.79127339,coinmetrics
2015-07-21,134200,322455.532462274,313410,127,26.76682519,coinmetrics
2015-07-22,128982,391009.070859765,287455,154,25.90090313,coinmetrics
2015-07-23,110507,355462.791690696,264413,140,26.8106086,coinmetrics
2015-07-24,108126,429094.369969483,264644,169,22.94428294,coinmetrics
2015-07-25,100567,395370.72515724,243324,154,20.301274,coinmetrics
2015-07-26,93547,374222.682670225,299700,144,21.52919486,coinmetrics
2015-07-27,114211,387216.525818497,283647,149,31.29739503,coinmetrics
2015-07-28,121880,353432.53363299,303847,136,28.43173808,coinmetrics
2015-07-29,140018,395012.83170746,312401,152,38.56990172,coinmetrics
2015-07-30,125022,348234.996373682,278623,134,34.35715659,coinmetrics
2015-07-31,145443,392414.063077805,299579,151,37.26994601,coinmetrics
2015-08-01,148454,402809.137596423,300587,155,32.96989629,coinmetrics
2015-08-02,103972,392414.063077805,292502,151,20.18166137,coinmetrics
2015-08-03,119397,408006.674855731,300542,157,28.23981083,coinmetrics
2015-08-04,132986,353432.53363299,293826,136,34.93785564,coinmetrics
2015-08-05,131314,345636.227744027,313235,133,33.15228016,coinmetrics
2015-08-06,134811,371623.914040571,295447,143,37.15519371,coinmetrics
2015-08-07,115384,356031.302262645,283150,137,25.88703749,coinmetrics
2015-08-08,100950,420413.404985863,266587,161,22.21012123,coinmetrics
2015-08-09,88144,372000.719336283,262571,142,18.59471561,coinmetrics
2015-08-10,115928,437493.803726473,292834,167,28.55046237,coinmetrics
2015-08-11,115981,424395.186848435,271613,162,26.26481678,coinmetrics
2015-08-12,116970,330085.145326561,278802,126,25.36168112,coinmetrics
2015-08-13,115808,385099.336214321,272849,147,24.38122569,coinmetrics
2015-08-14,110518,372000.719336283,268926,142,24.18376904,coinmetrics
2015-08-15,96407,358902.102458245,272413,137,20.81668582,coinmetrics
2015-08-16,88617,361521.825833852,275996,138,18.75762756,coinmetrics
2015-08-17,120631,385099.336214321,293079,147,24.83575503,coinmetrics
2015-08-18,117676,369380.995960675,293760,141,25.04079254,coinmetrics
2015-08-19,116441,408676.846594789,280796,156,23.45816539,coinmetrics
2015-08-20,119447,392958.506341144,278919,150,26.01326133,coinmetrics
2015-08-21,112811,432254.356975258,281703,165,23.14761144,coinmetrics
2015-08-22,104345,426143.652201538,295137,158,22.14517164,coinmetrics
2015-08-23,94037,361412.970854469,284990,134,20.53202096,coinmetrics
2015-08-24,126407,418052.317033154,309470,155,26.48478287,coinmetrics
2015-08-25,122964,364110.082577264,288148,135,25.46047194,coinmetrics
2015-08-26,123779,434234.987369922,288944,161,25.40047779,coinmetrics
2015-08-27,117058,369504.306022853,270033,137,23.27977962,coinmetrics
2015-08-28,120019,418052.317033154,296413,155,24.38384743,coinmetrics
2015-08-29,109044,431537.875647127,290341,160,21.69840334,coinmetrics
2015-08-30,96776,404566.758419182,280853,150,19.54268421,coinmetrics
2015-08-31,129082,423446.540478743,308087,157,27.63742887,coinmetrics
2015-09-01,131180,415355.20531036,308331,154,25.4864591,coinmetrics
2015-09-02,151003,431537.875647127,292511,160,54.70748318,coinmetrics
2015-09-03,125273,393778.311528004,297285,146,26.79288901,coinmetrics
2015-09-04,102134,434444.799372061,260465,156,24.76151131,coinmetrics
2015-09-05,127522,416212.869138725,323127,147,28.54016701,coinmetrics
2015-09-06,105924,407718.72895222,290712,144,21.93340881,coinmetrics
2015-09-07,124388,430369.769449566,318515,152,29.30107153,coinmetrics
2015-09-08,127806,385067.688454875,338676,136,26.20899727,coinmetrics
2015-09-09,124005,421875.629263061,298432,149,26.89007499,coinmetrics
2015-09-10,123230,484165.990630761,283028,171,27.24264459,coinmetrics
2015-09-11,182060,447358.049822575,317585,158,38.6276591,coinmetrics
2015-09-12,136766,382236.308392706,276575,135,28.83145844,coinmetrics
2015-09-13,144629,427538.389387398,317231,151,25.13972793,coinmetrics
2015-09-14,169000,430369.769449566,311373,152,31.75645608,coinmetrics
2015-09-15,161744,453020.809946911,324464,160,28.52778572,coinmetrics
2015-09-16,169119,402055.968827884,301627,142,26.2890071,coinmetrics
2015-09-17,256980,410910.027600594,315192,144,26.81662266,coinmetrics
2015-09-18,162145,433587.717335429,320444,147,25.70771363,coinmetrics
2015-09-19,114319,368697.038550535,268056,125,21.51861882,coinmetrics
2015-09-20,107742,377545.767475748,336567,128,21.19348411,coinmetrics
2015-09-21,133015,389344.072709365,357635,132,28.90349476,coinmetrics
2015-09-22,135214,463083.480419472,348545,157,27.59967531,coinmetrics
2015-09-23,132602,466033.056727876,297453,158,25.816131,coinmetrics
2015-09-24,125773,412940.683176599,295784,140,24.58285308,coinmetrics
2015-09-25,126477,483730.514578302,292649,164,26.6257234,coinmetrics
2015-09-26,116096,433587.717335429,314624,147,25.19879318,coinmetrics
2015-09-27,108836,439486.869952237,324221,149,22.10049368,coinmetrics
2015-09-28,136065,421789.412101812,295867,143,25.64816429,coinmetrics
2015-09-29,141219,513226.277662345,355812,174,27.49823592,coinmetrics
2015-09-30,140556,436537.293643833,334445,148,27.02240842,coinmetrics
2015-10-01,136279,444776.382758561,297034,149,29.16873202,coinmetrics
2015-10-02,140746,417179.763438577,309307,138,26.11892037,coinmetrics
2015-10-03,115341,438341.05578691,252618,145,20.97401628,coinmetrics
2015-10-04,102050,462525.389899291,303522,153,19.08742157,coinmetrics
2015-10-05,129445,462525.389899291,297239,153,24.10219221,coinmetrics
2015-10-06,144666,429271.930494767,325721,142,25.79284207,coinmetrics
2015-10-07,135767,402064.554618338,310175,133,25.14738859,coinmetrics
2015-10-08,134073,423225.846966672,301525,140,25.86305109,coinmetrics
2015-10-09,119845,380903.262270005,274941,126,24.06125802,coinmetrics
2015-10-10,123713,483686.682247624,317477,160,24.24235946,coinmetrics
2015-10-11,104828,441364.097550958,296821,146,19.3521063,coinmetrics
2015-10-12,135172,429271.930494767,307438,142,25.7544194,coinmetrics
2015-10-13,134743,414156.721674529,307430,137,24.82907929,coinmetrics
2015-10-14,143317,459502.348135244,317192,152,27.54494556,coinmetrics
2015-10-15,151601,502137.288713881,360598,166,27.99625675,coinmetrics
2015-10-16,143758,435823.398820657,342212,144,28.49210792,coinmetrics
2015-10-17,140784,411610.987775065,375203,136,28.09074794,coinmetrics
2015-10-18,113308,438849.950201356,327671,145,21.6236941,coinmetrics
2015-10-19,146674,499380.977815336,349142,165,28.75394725,coinmetrics
2015-10-20,147549,387398.576729473,403962,128,32.15697697,coinmetrics
2015-10-21,145239,435823.398820657,343508,144,27.18427371,coinmetrics
2015-10-22,152044,447929.604343453,352887,148,30.26301245,coinmetrics
2015-10-23,138354,450956.155724152,361424,149,27.9065202,coinmetrics
2015-10-24,143796,438849.950201356,378880,145,27.6704817,coinmetrics
2015-10-25,130520,469115.464008346,371558,155,24.56308191,coinmetrics
2015-10-26,115817,496354.426434637,371860,164,26.650884,coinmetrics
2015-10-27,153539,444903.052962754,353786,147,28.89169204,coinmetrics
2015-10-28,161025,420690.641917162,355701,139,30.42368241,coinmetrics
2015-10-29,160480,466068.004514329,385081,151,34.18744438,coinmetrics
2015-10-30,163703,529187.24527939,372016,171,31.18795744,coinmetrics
2015-10-31,155851,454915.351205088,367631,147,28.67008753,coinmetrics
2015-11-01,153010,473483.324723664,393101,153,27.49082698,coinmetrics
2015-11-02,174085,473483.324723664,404897,153,33.74488892,coinmetrics
2015-11-03,185118,479672.649229855,449049,155,38.35492067,coinmetrics
2015-11-04,205457,479672.649229855,498795,155,41.75471735,coinmetrics
2015-11-05,181730,451820.688951993,441656,146,33.14480308,coinmetrics
2015-11-06,166618,448726.026698897,426032,145,32.15734453,coinmetrics
2015-11-07,150863,470388.662470568,365479,152,25.7245726,coinmetrics
2015-11-08,135361,430158.053180322,386676,139,23.85039117,coinmetrics
2015-11-09,156149,461104.67571128,408589,149,28.99244973,coinmetrics
2015-11-10,160462,451820.688951993,399491,146,29.05969129,coinmetrics
2015-11-11,161943,537055.796106772,374115,168,28.41490881,coinmetrics
2015-11-12,159916,527006.857659411,374348,161,26.49292426,coinmetrics
2015-11-13,153174,523733.523139787,358205,160,24.98945743,coinmetrics
2015-11-14,149141,464813.50178656,383137,142,24.25147772,coinmetrics
2015-11-15,140003,523733.523139787,409132,160,22.53948037,coinmetrics
2015-11-16,160506,566286.871894895,404593,173,28.09312782,coinmetrics
2015-11-17,158577,487726.843423926,388743,149,26.78833982,coinmetrics
2015-11-18,166493,500820.181502421,403730,153,27.51769523,coinmetrics
2015-11-19,148816,445173.494668818,345821,136,24.77992715,coinmetrics
2015-11-20,157775,546646.864777153,361600,167,26.03491331,coinmetrics
2015-11-21,148752,569560.206414519,370942,174,23.59031018,coinmetrics
2015-11-22,129856,563013.537375271,379184,172,23.29556879,coinmetrics
2015-11-23,146876,533553.526698658,340771,163,26.02096964,coinmetrics
2015-11-24,152287,560533.42415402,385973,156,25.26280978,coinmetrics
2015-11-25,152916,535030.217025699,364221,148,26.68582955,coinmetrics
2015-11-26,163281,636252.149976506,386928,176,27.59627043,coinmetrics
2015-11-27,161840,480804.181516337,360234,133,26.8659445,coinmetrics
2015-11-28,163866,556720.631229443,410729,154,26.22803627,coinmetrics
2015-11-29,130482,538645.286059656,328208,149,22.4307977,coinmetrics
2015-11-30,184974,585641.183501102,490103,162,34.68845393,coinmetrics
2015-12-01,176727,603716.528670889,414541,167,30.99119123,coinmetrics
2015-12-02,182865,582026.114467145,424374,161,32.41641443,coinmetrics
2015-12-03,163822,513339.802821954,359444,142,29.52432902,coinmetrics
2015-12-04,171379,553105.562195486,416094,153,28.34279815,coinmetrics
2015-12-05,188759,632637.080942549,460264,175,31.72659995,coinmetrics
2015-12-06,176858,577650.161239677,425554,159,29.75171787,coinmetrics
2015-12-07,193821,578033.500385697,449269,147,33.26818925,coinmetrics
2015-12-08,198694,688135.119506783,452823,175,33.36264266,coinmetrics
2015-12-09,217675,660609.714726512,493312,168,36.88873691,coinmetrics
2015-12-10,212096,849355.347505516,473257,216,35.94353204,coinmetrics
2015-12-11,210641,629152.109263344,466766,160,43.93303101,coinmetrics
2015-12-12,204106,637016.510629136,527840,162,36.59712714,coinmetrics
2015-12-13,188060,558372.496971217,484886,142,32.8754555,coinmetrics
2015-12-14,231777,766779.133164702,520571,195,40.69807724,coinmetrics
2015-12-15,224712,719592.724969951,495314,183,39.97921498,coinmetrics
2015-12-16,222651,640948.711312032,487898,163,38.00774964,coinmetrics
2015-12-17,213352,609491.105848864,453218,155,36.95949769,coinmetrics
2015-12-18,217534,684510.337699163,459189,169,38.26940527,coinmetrics
2015-12-19,208041,729321.303625075,497028,157,34.46463287,coinmetrics
2015-12-20,196417,766484.172599601,481622,165,34.14139891,coinmetrics
2015-12-21,233218,692158.434650549,505331,149,41.59701822,coinmetrics
2015-12-22,218030,696803.793272365,479097,150,38.66170596,coinmetrics
2015-12-23,219943,729321.303625075,478167,157,39.33991872,coinmetrics
2015-12-24,213360,641059.489810576,456965,138,36.75732053,coinmetrics
2015-12-25,173868,752548.096734154,367825,162,28.64759141,coinmetrics
2015-12-26,179227,794356.324330496,416167,171,31.37274307,coinmetrics
2015-12-27,160526,952298.517472232,408582,205,27.1105578,coinmetrics
2015-12-28,174759,701449.151894181,413657,151,31.4663847,coinmetrics
2015-12-29,184447,738612.020868707,427804,159,31.39411593,coinmetrics
2015-12-30,177403,766484.172599601,397910,165,31.01651793,coinmetrics
2015-12-31,153350,702681.498032921,353317,142,25.09319563,coinmetrics
2016-01-01,124427,697129.166405806,316781,135,19.87269548,coinmetrics
2016-01-02,147864,748768.363917347,417966,145,31.23552519,coinmetrics
2016-01-03,145029,748768.363917347,398443,145,24.47306235,coinmetrics
2016-01-04,178576,934669.474958895,413159,181,30.38263286,coinmetrics
2016-01-05,183659,810735.400931196,435291,157,32.51125761,coinmetrics
2016-01-06,171808,728112.684912731,381359,141,30.82358132,coinmetrics
2016-01-07,191087,759096.203419655,432867,147,36.78648695,coinmetrics
2016-01-08,179603,893358.116949662,405522,173,32.18645653,coinmetrics
2016-01-09,185614,779751.882424272,461784,151,31.13701962,coinmetrics
2016-01-10,155959,903685.95645197,427477,175,27.22692411,coinmetrics
2016-01-11,192900,877866.357696199,452499,170,36.22881672,coinmetrics
2016-01-12,194437,877866.357696199,453665,170,34.68087562,coinmetrics
2016-01-13,192477,813710.194014571,430325,148,35.01876885,coinmetrics
2016-01-14,181837,749438.083305595,427750,133,31.74043995,coinmetrics
2016-01-15,179113,687454.482430696,410879,122,35.51030784,coinmetrics
2016-01-16,197424,800151.938566876,511206,142,34.99543345,coinmetrics
2016-01-17,196195,850865.793828157,521728,151,35.20224107,coinmetrics
2016-01-18,216659,974832.995577956,476975,173,40.80837867,coinmetrics
2016-01-19,188008,749438.083305595,425484,133,39.307912,coinmetrics
2016-01-20,209638,856500.666634966,623972,152,47.06286758,coinmetrics
2016-01-21,217274,771977.574532831,511702,137,49.04456984,coinmetrics
2016-01-22,216124,991737.613998384,500516,176,45.66005697,coinmetrics
2016-01-23,188043,1008642.23241881,466284,179,37.93174941,coinmetrics
2016-01-24,204384,963563.249964338,492811,171,40.97288117,coinmetrics
2016-01-25,224278,912849.394703057,528904,162,46.37826504,coinmetrics
2016-01-26,228799,928141.002810171,528008,160,46.66563329,coinmetrics
2016-01-27,230341,924867.907889316,531444,155,49.97546215,coinmetrics
2016-01-28,221571,871165.900334451,513308,146,46.02133321,coinmetrics
2016-01-29,223009,1008404.36408577,529268,169,46.84508176,coinmetrics
2016-01-30,195106,1115808.3791955,490429,187,39.03216691,coinmetrics
2016-01-31,177814,1080007.04082559,484082,181,34.98055402,coinmetrics
2016-02-01,226436,960669.246259225,616260,161,58.04456691,coinmetrics
2016-02-02,238194,1074040.15109727,675786,180,56.64509717,coinmetrics
2016-02-03,187411,1068073.26136895,542654,179,44.07647373,coinmetrics
2016-02-04,202021,1002437.47435745,459997,168,38.38904722,coinmetrics
2016-02-05,222655,1121775.26892382,503467,188,42.52702496,coinmetrics
2016-02-06,228552,1193377.94566364,497975,200,40.92346481,coinmetrics
2016-02-07,210537,1234537.96602865,516141,176,38.74329552,coinmetrics
2016-02-08,228610,1060281.98712231,479473,148,42.89627501,coinmetrics
2016-02-09,232957,1260875.87657788,515267,176,42.22613213,coinmetrics
2016-02-10,229228,1174907.06681121,487454,164,43.85828562,coinmetrics
2016-02-11,221125,1375500.95626678,496667,192,44.20853371,coinmetrics
2016-02-12,201608,1225055.5391751,470121,171,39.02699643,coinmetrics
2016-02-13,184733,1117594.52696676,448353,156,34.98352231,coinmetrics
2016-02-14,189676,1189235.20177232,496649,166,35.72122093,coinmetrics
2016-02-15,220619,1088938.25704454,498129,152,42.3398497,coinmetrics
2016-02-16,216248,988641.312316752,481206,138,42.42133863,coinmetrics
2016-02-17,224099,1110430.45948621,537228,155,43.13280908,coinmetrics
2016-02-18,213696,1210727.40421399,496326,169,43.57181868,coinmetrics
2016-02-19,218073,1106210.05838203,523596,145,46.21778652,coinmetrics
2016-02-20,216020,1219082.13715781,489626,150,41.17643945,coinmetrics
2016-02-21,208504,1040283.423708,531113,128,40.77998358,coinmetrics
2016-02-22,236206,1032156.20946028,537212,127,45.52537023,coinmetrics
2016-02-23,249004,1105301.13768975,550408,136,49.13987521,coinmetrics
2016-02-24,219789,959011.28123081,466104,118,45.35858378,coinmetrics
2016-02-25,217622,1259718.20839641,529925,155,45.97224146,coinmetrics
2016-02-26,203801,1137809.99468062,476826,140,42.3985438,coinmetrics
2016-02-27,176879,1194700.49441466,467543,147,36.25363538,coinmetrics
2016-02-28,239755,1089046.70919431,497556,134,45.83646458,coinmetrics
2016-02-29,264062,1080919.49494659,563571,133,55.20455552,coinmetrics
2016-03-01,275555,1145937.20892834,561876,141,59.91528125,coinmetrics
2016-03-02,265637,1275972.63689184,553815,157,91.22556131,coinmetrics
2016-03-03,228219,1097173.92344203,575225,135,57.90901761,coinmetrics
2016-03-04,200730,1257200.65607867,513898,155,49.72913921,coinmetrics
2016-03-05,235769,1181318.8523918,530671,150,62.42309569,coinmetrics
2016-03-06,161087,1165567.93435991,409059,148,38.85968613,coinmetrics
2016-03-07,187221,1047436.04912073,421465,133,45.18214143,coinmetrics
2016-03-08,197505,1212820.68845558,460732,154,43.82471447,coinmetrics
2016-03-09,186674,1323077.11467881,504399,168,53.78147081,coinmetrics
2016-03-10,190661,1220696.14747152,445273,155,41.58304543,coinmetrics
2016-03-11,195406,1260073.44255125,434658,160,40.76625565,coinmetrics
2016-03-12,166468,1134066.09829613,374730,144,34.08642792,coinmetrics
2016-03-13,147901,1047436.04912073,421585,133,35.47006372,coinmetrics
2016-03-14,189108,1197069.77042369,451902,152,40.70332387,coinmetrics
2016-03-15,204228,1267948.9015672,451559,161,43.40119313,coinmetrics
2016-03-16,211838,1197069.77042369,449250,152,47.97701115,coinmetrics
2016-03-17,206792,1110439.72124829,482125,141,46.07076972,coinmetrics
2016-03-18,204309,1099528.52189976,425769,136,42.56526025,coinmetrics
2016-03-19,180638,1118857.35233453,428645,136,34.70237857,coinmetrics
2016-03-20,174786,1201126.2753003,430803,146,33.24559552,coinmetrics
2016-03-21,199753,1143538.02922426,435918,139,41.37308373,coinmetrics
2016-03-22,203183,1217580.05989345,462080,148,42.19128667,coinmetrics
2016-03-23,189934,1225806.95219003,438399,149,39.0653857,coinmetrics
2016-03-24,189092,1209353.16759688,430544,147,38.24056126,coinmetrics
2016-03-25,170642,1201126.2753003,392195,146,32.38413521,coinmetrics
2016-03-26,159417,1258714.52137634,471861,153,36.93905043,coinmetrics
2016-03-27,158725,1159991.81381741,410531,141,30.5288016,coinmetrics
2016-03-28,199341,1398571.69041816,520539,170,46.97835173,coinmetrics
2016-03-29,200627,1291622.09056265,674110,157,58.62264486,coinmetrics
2016-03-30,198494,1209353.16759688,475833,147,45.01741409,coinmetrics
2016-03-31,209977,1020134.6447756,425668,124,46.62518613,coinmetrics
2016-04-01,203564,1266862.83281171,498916,153,51.92917707,coinmetrics
2016-04-02,189597,1152898.4861624,486983,139,51.12153884,coinmetrics
2016-04-03,171837,1177781.1873026,456249,142,41.64092422,coinmetrics
2016-04-04,209091,1376842.79642417,486496,166,45.12617647,coinmetrics
2016-04-05,219126,1285606.22557678,464749,155,48.61906587,coinmetrics
2016-04-06,219170,1302194.69300358,480231,157,58.35617955,coinmetrics
2016-04-07,221115,1152898.4861624,450348,139,45.14406752,coinmetrics
2016-04-08,210165,1194369.6547294,433298,144,42.76267009,coinmetrics
2016-04-09,197534,1343665.86157057,428083,162,36.92259575,coinmetrics
2016-04-10,186313,1434902.43241796,444157,173,33.17793552,coinmetrics
2016-04-11,234053,1269017.75814998,476122,153,51.10609378,coinmetrics
2016-04-12,233733,1227546.58958299,504477,148,49.4156405,coinmetrics
2016-04-13,224860,1360254.32899737,497314,164,45.95592596,coinmetrics
2016-04-14,228546,1425512.68730726,466772,164,45.0584012,coinmetrics
2016-04-15,213187,1234618.41233425,439873,139,44.76346627,coinmetrics
2016-04-16,180596,1225736.26548292,407712,138,33.76843605,coinmetrics
2016-04-17,193251,1403379.20250943,485493,158,34.75683343,coinmetrics
2016-04-18,222012,1190207.67807762,473379,134,47.36407224,coinmetrics
2016-04-19,225653,1332322.02769883,480187,150,43.65529151,coinmetrics
2016-04-20,211920,1465554.23046871,458038,165,42.26624642,coinmetrics
2016-04-21,215427,1341204.17455015,481473,151,43.2084951,coinmetrics
2016-04-22,209575,1270146.99973955,438706,143,42.38546138,coinmetrics
2016-04-23,184000,1279029.14659088,433938,144,32.99990934,coinmetrics
2016-04-24,182596,1172443.38437497,456476,132,33.25945698,coinmetrics
2016-04-25,221427,1128032.65011834,496102,127,43.89524614,coinmetrics
2016-04-26,250305,1341204.17455015,526580,151,337.70317514,coinmetrics
2016-04-27,244862,1145796.94382099,477617,129,47.31262725,coinmetrics
2016-04-28,245630,1199003.65014719,459333,135,49.2298862,coinmetrics
2016-04-29,258516,1403229.58036089,513848,158,49.3812131,coinmetrics
2016-04-30,217887,1296655.18185247,442245,146,41.03306028,coinmetrics
2016-05-01,184944,1376585.98073378,424418,155,33.49432309,coinmetrics
2016-05-02,224725,1394348.38048519,480773,157,45.19369687,coinmetrics
2016-05-03,232184,1341061.18123098,461956,151,44.38743368,coinmetrics
2016-05-04,239128,1483160.37924221,510639,167,48.1356524,coinmetrics
2016-05-05,228717,1376585.98073378,455031,155,44.16538733,coinmetrics
2016-05-06,238949,1438754.3798637,465712,162,45.54113068,coinmetrics
2016-05-07,196121,1332179.98135528,411559,150,36.48866709,coinmetrics
2016-05-08,184689,1492041.57911791,435990,168,34.12390809,coinmetrics
2016-05-09,228993,1518685.17874501,489806,171,41.07275193,coinmetrics
2016-05-10,246893,1403229.58036089,496262,158,48.11753169,coinmetrics
2016-05-11,236434,1263377.10291735,475358,133,46.38080637,coinmetrics
2016-05-12,227185,1342247.86954719,449920,139,46.56543684,coinmetrics
2016-05-13,230934,1467781.84295808,461650,152,47.59899655,coinmetrics
2016-05-14,208146,1390530.16701292,448880,144,47.44097737,coinmetrics
2016-05-15,205289,1342247.86954719,437321,139,47.15136167,coinmetrics
2016-05-16,235248,1361560.78853348,506052,141,59.2061193,coinmetrics
2016-05-17,244451,1361560.78853348,488115,141,59.8475358,coinmetrics
2016-05-18,234837,1477438.30245123,511129,153,58.35269695,coinmetrics
2016-05-19,212191,1158775.13917743,452381,120,53.35289122,coinmetrics
2016-05-20,212260,1438812.46447864,458726,149,54.71750169,coinmetrics
2016-05-21,186149,1361560.78853348,489718,141,53.27823866,coinmetrics
2016-05-22,185673,1776788.54673873,450660,184,43.55546808,coinmetrics
2016-05-23,228956,1738162.70876615,524621,180,56.18462292,coinmetrics
2016-05-24,241161,1424527.48797779,504685,147,58.12941525,coinmetrics
2016-05-25,249524,1367284.21320355,494978,138,60.30536256,coinmetrics
2016-05-26,221744,1337560.6433513,482152,135,56.50669904,coinmetrics
2016-05-27,215751,1377192.06982096,520769,139,71.15453316,coinmetrics
2016-05-28,187879,1317744.93011646,467539,133,50.7265371,coinmetrics
2016-05-29,186986,1456454.9227603,446574,147,50.21466694,coinmetrics
2016-05-30,205995,1426731.35290805,538546,144,56.15294408,coinmetrics
2016-05-31,218981,1258297.79041196,480865,127,53.15057983,coinmetrics
2016-06-01,229927,1416823.49629063,499855,143,55.42689113,coinmetrics
2016-06-02,234060,1367284.21320355,483962,138,59.08310469,coinmetrics
2016-06-03,229138,1406915.63967322,488080,142,53.52169438,coinmetrics
2016-06-04,195593,1179034.93747262,441515,119,46.24292385,coinmetrics
2016-06-05,189529,1684335.62496089,464095,170,44.12831393,coinmetrics
2016-06-06,222496,1684335.62496089,518548,170,52.51535482,coinmetrics
2016-06-07,237323,1387099.92643838,514462,140,53.77897792,coinmetrics
2016-06-08,230863,1405239.8337768,482283,144,50.7538861,coinmetrics
2016-06-09,230568,1608133.9309215,523498,165,51.99357776,coinmetrics
2016-06-10,227239,1403462.33971331,498550,144,52.55933918,coinmetrics
2016-06-11,213728,1520417.53468942,467524,156,46.44892034,coinmetrics
2016-06-12,214242,1422954.87220933,526242,146,53.53274179,coinmetrics
2016-06-13,252195,1569148.86592946,580506,161,63.54944518,coinmetrics
2016-06-14,243818,1286507.1447372,534856,132,68.90045457,coinmetrics
2016-06-15,261069,1481432.46969738,587472,152,84.2724443,coinmetrics
2016-06-16,268010,1452193.67095336,586017,149,82.34877257,coinmetrics
2016-06-17,249935,1452193.67095336,575677,149,77.8969392001575,coinmetrics
2016-06-18,237493,1539910.06718544,564654,158,71.4145953801327,coinmetrics
2016-06-19,213422,1725089.12589761,507096,177,61.6408486400992,coinmetrics
2016-06-20,250874,1598387.66467349,567592,164,77.2079185401354,coinmetrics
2016-06-21,251553,1531412.7730782,592134,149,77.7910779601375,coinmetrics
2016-06-22,237433,1343144.51552347,553797,129,79.5747872701384,coinmetrics
2016-06-23,234209,1457676.21839756,546971,140,72.7000406501369,coinmetrics
2016-06-24,237560,1343144.51552347,534641,129,74.1131858401363,coinmetrics
2016-06-25,209400,1686739.62414575,527647,162,61.3339739701211,coinmetrics
2016-06-26,179209,1520148.05632888,498043,146,53.8500537400868,coinmetrics
2016-06-27,218747,1530560.02931744,492341,147,62.4698853901114,coinmetrics
2016-06-28,212946,1540972.00230599,542692,148,58.3607035201037,coinmetrics
2016-06-29,225124,1520148.05632888,465149,146,61.6777992901089,coinmetrics
2016-06-30,227705,1561795.9482831,506917,150,62.2942473401252,coinmetrics
2016-07-01,209840,1613855.81322587,498334,155,58.0376936101049,coinmetrics
2016-07-02,193271,1551383.97529455,438905,149,51.6913220100662,coinmetrics
2016-07-03,180924,1603443.84023732,442711,154,46.6382381300266,coinmetrics
2016-07-04,213768,1573973.22742671,507658,151,55.2399928800644,coinmetrics
2016-07-05,214613,1538177.12694953,480529,145,55.6175129700604,coinmetrics
2016-07-06,220805,1485136.53636507,477624,140,57.1105977000946,coinmetrics
2016-07-07,209782,1453312.18201439,463940,137,55.3835962300388,coinmetrics
2016-07-08,210222,1538177.12694953,463219,145,57.0025473000892,coinmetrics
2016-07-09,182408,1580609.59941711,434260,149,46.6341364900515,coinmetrics
2016-07-10,162504,1654866.42623536,400962,156,38.6030221900115,coinmetrics
2016-07-11,220081,1516960.89071575,494651,143,57.7622156200643,coinmetrics
2016-07-12,218015,1516960.89071575,475560,143,50.8919478500572,coinmetrics
2016-07-13,217382,1368447.23707924,451100,129,53.8750115400673,coinmetrics
2016-07-14,223467,1495744.65448196,485920,141,59.1526241000825,coinmetrics
2016-07-15,211191,1432095.9457806,446635,135,53.6069386300633,coinmetrics
2016-07-16,182111,1665474.54435225,468834,157,51.6229880100619,coinmetrics
2016-07-17,170401,1580609.59941711,437943,149,46.8240198300461,coinmetrics
2016-07-18,222469,1570047.99807086,488612,148,58.6518357101129,coinmetrics
2016-07-19,221724,1358434.53362668,473547,128,62.3781878100882,coinmetrics
2016-07-20,225390,1591915.46909377,470700,150,63.7926704000943,coinmetrics
2016-07-21,222195,1411498.38259648,451643,133,61.7693347801191,coinmetrics
2016-07-22,220460,1369047.30342064,470889,129,66.5631551401214,coinmetrics
2016-07-23,196748,1390272.84300856,449056,131,58.7198293301025,coinmetrics
2016-07-24,184404,1315983.45445085,435414,124,51.43296402007,coinmetrics
2016-07-25,238338,1390272.84300856,499950,131,68.9885236401423,coinmetrics
2016-07-26,237031,1369047.30342064,510407,129,70.8325955901588,coinmetrics
2016-07-27,230119,1358434.53362668,472568,128,73.3803043601354,coinmetrics
2016-07-28,239806,1443336.69197835,495202,136,72.4953077501458,coinmetrics
2016-07-29,229385,1560077.15971189,462610,147,72.0550364801167,coinmetrics
2016-07-30,199444,1262919.60548106,453074,119,66.4933835101283,coinmetrics
2016-07-31,192596,1634366.5482696,490761,154,73.9162826300605,coinmetrics
2016-08-01,223058,1623753.77847564,510170,153,70.4984749900615,coinmetrics
2016-08-02,250439,1611302.39442715,541551,154,81.871074590077,coinmetrics
2016-08-03,241845,1666003.54735094,512566,166,75.3023370800713,coinmetrics
2016-08-04,232028,1535533.39002827,488042,153,69.4840623800827,coinmetrics
2016-08-05,230143,1696112.04519463,482120,169,75.6596732100627,coinmetrics
2016-08-06,195177,1666003.54735094,424854,166,59.3883051000022,coinmetrics
2016-08-07,190474,1485352.56028879,444399,148,66.756475840012,coinmetrics
2016-08-08,234045,1485352.56028879,527222,148,86.2471553500712,coinmetrics
2016-08-09,231091,1244484.57753925,494819,124,73.9589130600536,coinmetrics
2016-08-10,249818,1515461.05813248,534986,151,77.0637998900813,coinmetrics
2016-08-11,251317,1505424.89218458,526186,150,78.7600145700943,coinmetrics
2016-08-12,233837,1495388.72623668,496269,149,71.173490770091,coinmetrics
2016-08-13,217616,1635895.04950725,465522,163,63.4796057100677,coinmetrics
2016-08-14,195131,1635895.04950725,448752,163,60.1668382700441,coinmetrics
2016-08-15,205074,1480672.78660971,503013,146,70.1347728900696,coinmetrics
2016-08-16,255416,1458782.17092898,551712,135,82.4020227801062,coinmetrics
2016-08-17,235185,1329112.64462418,507908,123,72.9956864100704,coinmetrics
2016-08-18,237773,1664092.25424491,526059,154,76.3478803600555,coinmetrics
2016-08-19,245627,1664092.25424491,507037,154,80.4479657200578,coinmetrics
2016-08-20,215706,1674898.04810365,511306,155,63.1222499300761,coinmetrics
2016-08-21,182112,1761344.39897351,445785,163,50.7833027100405,coinmetrics
2016-08-22,223281,1707315.42967985,516221,158,63.5376999300764,coinmetrics
2016-08-23,238968,1588451.69723378,512822,147,67.8230774300559,coinmetrics
2016-08-24,239697,1642480.66652745,519952,152,65.7982322600821,coinmetrics
2016-08-25,232049,1404753.20163532,485553,130,64.1923892600642,coinmetrics
2016-08-26,225084,1426364.78935278,478025,132,61.9838749700679,coinmetrics
2016-08-27,192507,1556034.31565758,460178,144,55.9607605500505,coinmetrics
2016-08-28,172790,1642480.66652745,419012,152,48.4356854600299,coinmetrics
2016-08-29,230540,1618801.46201982,512920,149,65.7543883100669,coinmetrics
2016-08-30,248618,1799709.0589716,545062,164,66.7291887200711,coinmetrics
2016-08-31,226351,1470493.9872085,497832,134,62.8881600100768,coinmetrics
2016-09-01,233329,1536337.00156112,481213,140,62.3093969400809,coinmetrics
2016-09-02,228902,1678996.8659918,490560,153,58.2065668200515,coinmetrics
2016-09-03,179340,1382703.30140501,454210,126,50.927096480046,coinmetrics
2016-09-04,179857,1964316.59485315,433383,179,45.7201680300341,coinmetrics
2016-09-05,234920,1536337.00156112,554978,140,65.2905384800693,coinmetrics
2016-09-06,227334,1492441.65865938,507177,136,59.1899393000705,coinmetrics
2016-09-07,253235,1668023.03026636,530571,152,64.2623775000969,coinmetrics
2016-09-08,225530,1580232.34446287,499129,144,59.4942374500713,coinmetrics
2016-09-09,217460,1558284.673012,486523,142,62.6385726400727,coinmetrics
2016-09-10,196056,1700944.53744267,449720,155,51.7628878600463,coinmetrics
2016-09-11,179546,1799709.0589716,460039,164,47.282899270034,coinmetrics
2016-09-12,212412,1821039.51020144,516128,163,56.7251461300589,coinmetrics
2016-09-13,238121,1852325.13960032,525384,165,68.0386152900647,coinmetrics
2016-09-14,227706,1751289.22289484,484948,156,61.1698927800769,coinmetrics
2016-09-15,233885,1728836.7969603,494956,154,59.8158129000717,coinmetrics
2016-09-16,216580,1560443.60245118,490815,139,65.3424987000633,coinmetrics
2016-09-17,212263,1829872.71366577,497085,163,57.1292788400668,coinmetrics
2016-09-18,191175,1627800.88025482,468394,145,53.0373915100463,coinmetrics
2016-09-19,225146,1493086.32464753,499780,133,66.4711544600651,coinmetrics
2016-09-20,241330,1695158.15805847,526478,151,67.5694495600647,coinmetrics
2016-09-21,237941,1863551.35256759,511634,166,64.5736698100732,coinmetrics
2016-09-22,229627,1582896.02838572,494102,141,62.3332970100645,coinmetrics
2016-09-23,230152,1526764.96354935,501479,136,62.2713516000626,coinmetrics
2016-09-24,203096,1863551.35256759,465376,166,57.0768367400506,coinmetrics
2016-09-25,196599,2162558.09313961,474290,185,50.0299279200367,coinmetrics
2016-09-26,231682,1834694.78231133,536915,153,60.797432530078,coinmetrics
2016-09-27,243713,2002575.3506274,556798,167,64.319234530096,coinmetrics
2016-09-28,234090,1774737.43648416,547404,148,64.5901711500777,coinmetrics
2016-09-29,241142,1714780.09065699,554360,143,67.6664029100894,coinmetrics
2016-09-30,248141,1702788.62149156,548051,142,67.8598850700898,coinmetrics
2016-10-01,215905,1882660.65897306,501986,157,59.1762980300669,coinmetrics
2016-10-02,189450,1690797.15232613,463086,141,54.5009218600478,coinmetrics
2016-10-03,262768,1810711.84398046,631233,151,74.5603708600758,coinmetrics
2016-10-04,261797,1894652.1281385,595024,158,70.6211239900941,coinmetrics
2016-10-05,269389,2002575.3506274,599856,167,73.2412800700776,coinmetrics
2016-10-06,271559,1930626.5356348,611468,161,76.8238558300709,coinmetrics
2016-10-07,267487,1714780.09065699,577168,143,72.4284436100797,coinmetrics
2016-10-08,246198,2109095.85982046,547264,169,66.4611415600845,coinmetrics
2016-10-09,214311,2056197.68457302,517842,160,59.3409475500675,coinmetrics
2016-10-10,224750,1593553.20554409,513555,124,68.2052248500707,coinmetrics
2016-10-11,262242,1786321.73847281,595746,139,80.4084405800518,coinmetrics
2016-10-12,233717,1850577.91611572,542168,144,68.6301064400721,coinmetrics
2016-10-13,230741,1644958.14765842,553694,128,67.4396506700763,coinmetrics
2016-10-14,237833,1747768.03188707,523032,136,67.4814907101023,coinmetrics
2016-10-15,209799,1824875.44505855,499884,142,62.8809882700834,coinmetrics
2016-10-16,199250,1670660.61871558,490575,130,57.9537941000558,coinmetrics
2016-10-17,238183,1606404.44107267,544749,125,72.2368511200641,coinmetrics
2016-10-18,249735,1991941.50693011,585111,155,76.8964467100645,coinmetrics
2016-10-19,193769,1606404.44107267,456808,125,65.4973796100758,coinmetrics
2016-10-20,277747,1722065.5608299,624972,134,87.1578012400035,coinmetrics
2016-10-21,259442,2107602.62668734,574916,164,74.1724136600811,coinmetrics
2016-10-22,218408,1906300.95008226,530899,149,66.9192151900695,coinmetrics
2016-10-23,192661,1815470.1249901,527890,144,69.9077585000576,coinmetrics
2016-10-24,224654,1802862.69356655,582797,143,81.6951546000427,coinmetrics
2016-10-25,238454,1752432.96787238,620214,139,99.342061330058,coinmetrics
2016-10-26,221774,1739825.53644884,613266,138,124.132521269958,coinmetrics
2016-10-27,332576,2042403.89061386,724529,162,110.310166280039,coinmetrics
2016-10-28,244692,1916329.57637844,560747,152,80.1665150800397,coinmetrics
2016-10-29,231604,1878507.28210781,542123,149,73.430552800068,coinmetrics
2016-10-30,205720,2118048.47915512,475892,168,61.6619478000714,coinmetrics
2016-10-31,244943,1853292.41926072,587693,147,77.7219690200611,coinmetrics
2016-11-01,248580,1815470.1249901,602551,144,79.7741526400577,coinmetrics
2016-11-02,266408,1676788.37933113,586295,133,78.3437474300498,coinmetrics
2016-11-03,273399,1954151.87064906,596454,155,79.9138290800301,coinmetrics
2016-11-04,246796,1462462.04513091,552456,116,83.4801415000439,coinmetrics
2016-11-05,236443,1856081.59672813,550980,147,73.2843848700964,coinmetrics
2016-11-06,224122,1936557.43909685,526347,153,70.2487589700736,coinmetrics
2016-11-07,277860,1847956.77194863,624606,146,92.0706466500705,coinmetrics
2016-11-08,293470,2139073.24972136,660400,169,88.8859690400742,coinmetrics
2016-11-09,272305,1860614.01011266,615584,147,84.5236526100506,coinmetrics
2016-11-10,265908,2126416.01155733,603667,168,80.4920059400604,coinmetrics
2016-11-11,258625,2063129.82073717,565366,163,74.1150856800753,coinmetrics
2016-11-12,231859,2126416.01155733,583489,168,66.6605662000788,coinmetrics
2016-11-13,213970,1797327.8192925,527525,142,61.1650291700683,coinmetrics
2016-11-14,273607,2177044.96421346,640753,172,80.3479476400658,coinmetrics
2016-11-15,279913,1974529.15358895,651339,156,81.4616401800468,coinmetrics
2016-11-16,292039,2164387.72604942,621011,171,79.8788540800462,coinmetrics
2016-11-17,274309,2012500.86808104,625675,159,88.5374776900269,coinmetrics
2016-11-18,274958,2011089.71225163,624376,148,83.3166806700665,coinmetrics
2016-11-19,250952,1989192.7397282,577027,142,72.229440390083,coinmetrics
2016-11-20,245259,1793075.14567049,581103,128,74.3585049400691,coinmetrics
2016-11-21,285455,1947167.54100154,608552,139,95.3379124800207,coinmetrics
2016-11-22,284460,1877125.54312379,617504,134,100.452179339957,coinmetrics
2016-11-23,270755,2059234.73760595,636445,147,110.846351140029,coinmetrics
2016-11-24,334765,2269360.73123921,737874,162,133.741223550163,coinmetrics
2016-11-25,314930,2129276.7354837,682142,152,139.322867030234,coinmetrics
2016-11-26,271985,2143285.13505925,654741,153,98.9995515401172,coinmetrics
2016-11-27,243962,2017209.5388793,589127,144,83.5886052100162,coinmetrics
2016-11-28,296689,2297377.53039031,701286,164,108.74537861013,coinmetrics
2016-11-29,289360,2087251.53675705,654015,149,101.056002260142,coinmetrics
2016-11-30,292055,1989192.7397282,632745,142,99.0792050600576,coinmetrics
2016-12-01,234502,2045226.3380304,597486,146,105.018226780075,coinmetrics
2016-12-02,320261,2035532.46509142,732501,143,119.286168620166,coinmetrics
2016-12-03,287254,2451895.01734189,704699,172,100.319082420106,coinmetrics
2016-12-04,245198,2109770.13120116,645140,148,92.9477060500676,coinmetrics
2016-12-05,278799,2166790.94555795,673152,152,107.831603380162,coinmetrics
2016-12-06,321714,2138280.53837956,752811,150,118.333729590191,coinmetrics
2016-12-07,308216,2480405.42452028,761638,174,106.773761110096,coinmetrics
2016-12-08,285072,2238066.96350393,657520,157,97.4285788001036,coinmetrics
2016-12-09,265642,1924452.4845416,612161,135,95.7340397000975,coinmetrics
2016-12-10,246301,1881686.87377401,587478,132,85.0094481500297,coinmetrics
2016-12-11,227763,2665723.07117984,565550,187,75.9843884700181,coinmetrics
2016-12-12,272264,2223811.75991474,646506,156,94.103664320046,coinmetrics
2016-12-13,294754,2537426.23887707,664583,178,98.9994819901123,coinmetrics
2016-12-14,287634,1981473.29889839,620511,139,95.9215335100856,coinmetrics
2016-12-15,281682,1952251.49677579,610613,127,99.2625856300884,coinmetrics
2016-12-16,279272,2050571.62856036,640704,133,98.5631988700632,coinmetrics
2016-12-17,235904,2220167.77829091,582085,144,79.9670061700261,coinmetrics
2016-12-18,237674,2173914.28290985,578425,141,81.4280897600115,coinmetrics
2016-12-19,284694,2328092.60084672,660086,151,104.614033740142,coinmetrics
2016-12-20,294641,2127660.78752879,649665,138,101.348335170101,coinmetrics
2016-12-21,322738,2451435.25519621,701255,159,114.18518478019,coinmetrics
2016-12-22,316500,2451435.25519621,685539,159,106.592314560133,coinmetrics
2016-12-23,302701,2343510.4326404,656294,152,100.126483530107,coinmetrics
2016-12-24,239590,2112242.9557351,548416,137,82.7671267800205,coinmetrics
2016-12-25,196752,2543942.24595833,469228,165,61.7916677899659,coinmetrics
2016-12-26,249168,2189332.11470354,598371,142,90.372566560055,coinmetrics
2016-12-27,294098,2405181.75981515,643553,156,98.2370193001078,coinmetrics
2016-12-28,305997,2546127.99373219,663681,164,104.38369002012,coinmetrics
2016-12-29,305721,2368856.40597071,655045,150,107.739067460173,coinmetrics
2016-12-30,285492,2479403.03824934,641012,157,99.8246408800956,coinmetrics
2016-12-31,246244,2337271.6538911,569619,148,80.9497408800128,coinmetrics
2017-01-01,178054,2463610.66220954,466889,156,67.9251329799789,coinmetrics
2017-01-02,289705,2510987.79032895,695006,159,109.117780780129,coinmetrics
2017-01-03,309610,2589949.67052797,665048,164,122.437485860146,coinmetrics
2017-01-04,326406,2416233.53409012,695057,153,190.298113640285,coinmetrics
2017-01-05,290836,2210932.64557266,652932,140,117.013347430077,coinmetrics
2017-01-06,344354,2542572.54240856,718728,161,125.889230350213,coinmetrics
2017-01-07,281650,2179347.89349305,641049,138,106.485474430065,coinmetrics
2017-01-08,256747,2637326.79864739,594176,167,90.1299686600282,coinmetrics
2017-01-09,274558,2147763.14141344,615967,136,104.646586300052,coinmetrics
2017-01-10,321863,2545880.37552233,698656,160,118.598707540128,coinmetrics
2017-01-11,305027,2562350.134115,639505,153,112.496506280105,coinmetrics
2017-01-12,287002,2880550.47756719,607660,172,102.647480790096,coinmetrics
2017-01-13,279226,2512107.97462255,601486,150,99.1151000600593,coinmetrics
2017-01-14,244189,2880550.47756719,595768,172,87.8050175000314,coinmetrics
2017-01-15,228460,2796813.54507977,540189,167,79.5126404700125,coinmetrics
2017-01-16,273717,2830308.31807474,642798,169,106.330952970067,coinmetrics
2017-01-17,287927,2646087.06660242,652459,158,107.572191780084,coinmetrics
2017-01-18,300621,2512107.97462255,651983,150,108.68879839009,coinmetrics
2017-01-19,301202,2914045.25056216,687454,174,113.709831460059,coinmetrics
2017-01-20,297795,3165256.04802441,659337,189,103.765632190085,coinmetrics
2017-01-21,259231,3031276.95604454,629947,181,93.3381114400421,coinmetrics
2017-01-22,238139,2950275.25252868,572531,174,88.384957400021,coinmetrics
2017-01-23,232043,2695734.74214349,619539,138,110.880881030026,coinmetrics
2017-01-24,281463,2910612.14912595,724707,149,143.792723340119,coinmetrics
2017-01-25,307727,2910612.14912595,707539,149,134.391290270208,coinmetrics
2017-01-26,311685,3027818.00748001,719958,155,121.930556940107,coinmetrics
2017-01-27,261285,3320832.65336517,660526,170,115.66584467002,coinmetrics
2017-01-28,247025,2969215.07830298,669387,152,121.64002043004,coinmetrics
2017-01-29,240802,3262229.72418814,636175,167,118.906953870012,coinmetrics
2017-01-30,252820,2812940.60049756,649149,144,138.070037850041,coinmetrics
2017-01-31,310555,2832474.91022324,686217,145,143.713312710244,coinmetrics
2017-02-01,344963,3750587.46733008,780918,192,154.485473030198,coinmetrics
2017-02-02,258254,3066886.62693136,637933,157,145.238275180062,coinmetrics
2017-02-03,323167,2910612.14912595,713302,149,160.00418284024,coinmetrics
2017-02-04,285173,2824555.82436805,655245,144,137.890957020201,coinmetrics
2017-02-05,293960,3336807.82080876,694185,159,137.880496000239,coinmetrics
2017-02-06,227270,2623276.58868614,612564,125,156.427073190084,coinmetrics
2017-02-07,329143,3168918.11913285,721269,151,169.367973800293,coinmetrics
2017-02-08,308637,3063987.05558541,668157,146,156.418925070199,coinmetrics
2017-02-09,342842,3546669.94790366,753077,169,173.680670140304,coinmetrics
2017-02-10,304305,3084973.26829489,659353,147,141.435431220165,coinmetrics
2017-02-11,259144,2917083.56661898,623589,139,115.041410690112,coinmetrics
2017-02-12,233606,2938069.77932847,562366,140,100.895258860038,coinmetrics
2017-02-13,292905,3420752.67164672,674942,163,138.306961430143,coinmetrics
2017-02-14,315969,3546669.94790366,676693,169,141.940366180176,coinmetrics
2017-02-15,288117,2917083.56661898,630353,139,137.345332690143,coinmetrics
2017-02-16,291591,3168918.11913285,677760,151,166.766936530165,coinmetrics
2017-02-17,320136,3168918.11913285,697160,151,165.533239090261,coinmetrics
2017-02-18,282844,3254025.02653876,688930,151,153.184510560221,coinmetrics
2017-02-19,251635,2936112.56385841,592596,134,128.712789330105,coinmetrics
2017-02-20,282397,3242870.59291824,656025,148,160.658349140207,coinmetrics
2017-02-21,279162,3023757.71501836,644640,138,168.598236630138,coinmetrics
2017-02-22,279252,3023757.71501836,627239,138,181.549898010039,coinmetrics
2017-02-23,328502,3286693.16849821,702266,150,212.619141329672,coinmetrics
2017-02-24,343931,3571539.90976806,763642,163,223.610575229659,coinmetrics
2017-02-25,321609,3659185.06092801,741893,167,188.503289169841,coinmetrics
2017-02-26,271193,3900209.22661788,663264,178,165.385325899972,coinmetrics
2017-02-27,283200,3155225.44175829,661526,144,198.138442159718,coinmetrics
2017-02-28,327840,3352427.03186818,704366,153,224.486492449445,coinmetrics
2017-03-01,313728,3155225.44175829,680418,144,231.028099399609,coinmetrics
2017-03-02,330853,3440072.18302813,735015,157,252.324192299293,coinmetrics
2017-03-03,335165,3349345.38703688,732359,151,259.212572589357,coinmetrics
2017-03-04,267483,3023455.91166441,626694,132,220.927535629674,coinmetrics
2017-03-05,278466,3367030.44708082,695966,147,217.630128749661,coinmetrics
2017-03-06,287019,3252505.60194202,675606,142,238.074862379608,coinmetrics
2017-03-07,327507,3504460.26124739,738688,153,268.774432029545,coinmetrics
2017-03-08,298430,3252505.60194202,686030,142,235.927375359579,coinmetrics
2017-03-09,304802,3389935.41610858,705017,148,236.830002029546,coinmetrics
2017-03-10,307987,3573175.16833067,747049,156,255.244075449606,coinmetrics
2017-03-11,278371,3412840.38513634,690924,149,219.575806899683,coinmetrics
2017-03-12,221735,3550270.19930291,598360,155,187.812129089776,coinmetrics
2017-03-13,270973,3321220.5090253,681914,145,222.526486609734,coinmetrics
2017-03-14,313365,3573175.16833067,747825,156,255.670761769559,coinmetrics
2017-03-15,291717,3252505.60194202,673841,142,238.332057509706,coinmetrics
2017-03-16,323892,3504460.26124739,729304,153,261.925193499544,coinmetrics
2017-03-17,294408,3600869.26330221,711639,154,245.932205489744,coinmetrics
2017-03-18,263681,3712647.13922961,689478,157,216.530886059787,coinmetrics
2017-03-19,265099,3901826.61129226,664913,165,210.573897279835,coinmetrics
2017-03-20,281905,3216051.02506514,658172,136,242.848460549638,coinmetrics
2017-03-21,285044,3357935.62911213,686680,142,249.65402219964,coinmetrics
2017-03-22,316577,3759942.00724527,742361,159,263.422602259612,coinmetrics
2017-03-23,288453,3499820.23315912,680140,148,236.807895019681,coinmetrics
2017-03-24,287687,4161948.38537841,702675,176,231.153563469748,coinmetrics
2017-03-25,245888,3145108.72304164,622498,133,182.61045615988,coinmetrics
2017-03-26,214093,3925474.04530009,573816,166,149.594930239935,coinmetrics
2017-03-27,239466,3121461.28903381,610984,132,201.442964059865,coinmetrics
2017-03-28,294201,3665352.27121395,738882,155,231.597112499451,coinmetrics
2017-03-29,281428,3263345.8930808,677629,138,211.945280079667,coinmetrics
2017-03-30,286076,3942417.72740472,689337,164,206.532085019629,coinmetrics
2017-03-31,264354,3352999.96635802,634568,135,214.047151009667,coinmetrics
2017-04-01,255318,3278488.85599451,642373,132,192.370090819802,coinmetrics
2017-04-02,239768,3924251.81247828,648586,158,176.524110409852,coinmetrics
2017-04-03,291271,4371318.47465935,736529,176,224.745803889691,coinmetrics
2017-04-04,255190,3104629.59847965,634031,125,201.554453409555,coinmetrics
2017-04-05,318285,4023599.95962963,739640,162,235.627874899574,coinmetrics
2017-04-06,288456,3651044.40781207,700828,147,219.954780669673,coinmetrics
2017-04-07,295790,4023599.95962963,717479,162,226.70098489969,coinmetrics
2017-04-08,228220,3402674.03993369,599739,137,172.08671040988,coinmetrics
2017-04-09,235725,3949088.84926612,654193,159,165.350190459867,coinmetrics
2017-04-10,275186,3651044.40781207,691112,147,199.319499989732,coinmetrics
2017-04-11,308804,4147785.14356882,754368,167,226.465257109706,coinmetrics
2017-04-12,276453,3526859.22387288,687363,142,212.202640519734,coinmetrics
2017-04-13,228734,3274289.42119579,611405,127,218.775535779716,coinmetrics
2017-04-14,286708,3598646.52693503,696528,139,230.966147729499,coinmetrics
2017-04-15,268816,3883431.50388672,681237,150,199.837724639838,coinmetrics
2017-04-16,212360,3779873.33044974,589650,146,159.577581839948,coinmetrics
2017-04-17,249157,3572756.98357579,613136,138,182.415826199866,coinmetrics
2017-04-18,306095,3779873.33044974,713650,146,220.758207779664,coinmetrics
2017-04-19,309186,3702204.70037201,718648,143,210.525963119655,coinmetrics
2017-04-20,266967,3572756.98357579,687821,138,228.860993929619,coinmetrics
2017-04-21,323583,4323553.74099389,782123,167,238.790253949642,coinmetrics
2017-04-22,272882,3753983.7870905,691453,145,183.897082999856,coinmetrics
2017-04-23,241154,3961100.13396446,637701,153,166.558159319859,coinmetrics
2017-04-24,228745,3210303.37654636,616696,124,193.860695839813,coinmetrics
2017-04-25,323754,3831652.41716823,740074,148,270.801629279345,coinmetrics
2017-04-26,333528,3961100.13396446,769382,153,252.545723829498,coinmetrics
2017-04-27,298425,3813586.2247299,718553,147,257.826720139669,coinmetrics
2017-04-28,305139,3528859.19852578,726149,136,249.902821169552,coinmetrics
2017-04-29,342279,4488916.48047764,827017,173,254.114903569457,coinmetrics
2017-04-30,277080,3918071.61012788,726257,151,198.882320489826,coinmetrics
2017-05-01,298563,3892124.11602107,713866,150,231.422348959668,coinmetrics
2017-05-02,331695,4099704.06887553,782531,158,271.764430689391,coinmetrics
2017-05-03,295724,3425069.22209855,691453,132,250.393298059619,coinmetrics
2017-05-04,355309,4359179.0099436,851617,168,303.518070089235,coinmetrics
2017-05-05,267934,3347226.73977813,660727,129,262.114039679705,coinmetrics
2017-05-06,359458,4359179.0099436,867643,168,296.347357808965,coinmetrics
2017-05-07,318416,4333231.5158368,790638,167,277.50366332955,coinmetrics
2017-05-08,364313,4670548.93922529,887445,180,316.150834339482,coinmetrics
2017-05-09,333631,4021861.58655511,805373,155,306.155049839621,coinmetrics
2017-05-10,310417,4093329.66292194,730268,148,300.567066839721,coinmetrics
2017-05-11,295913,3757901.04949698,703146,135,280.558192009522,coinmetrics
2017-05-12,314538,4286790.8268336,742648,154,320.073601689626,coinmetrics
2017-05-13,330132,4398136.04311499,793427,158,301.920241179357,coinmetrics
2017-05-14,369462,4565153.86753708,894445,164,297.196334708987,coinmetrics
2017-05-15,329004,4732171.69195917,824667,170,328.676992239616,coinmetrics
2017-05-16,231042,3674392.13728594,653146,132,355.176228039867,coinmetrics
2017-05-17,320079,4314627.13090395,765393,155,478.868108459782,coinmetrics
2017-05-18,291987,3952755.17798942,742869,142,394.377241839853,coinmetrics
2017-05-19,316411,4565153.86753708,805861,164,438.05673976985,coinmetrics
2017-05-20,354493,4592990.17160743,854533,165,386.957179509263,coinmetrics
2017-05-21,320625,4091936.69834116,778746,147,349.421995759465,coinmetrics
2017-05-22,331686,4064100.39427081,781440,146,412.278060219658,coinmetrics
2017-05-23,368715,4887381.02634698,872972,168,468.743446829565,coinmetrics
2017-05-24,337146,4562009.63318436,811722,154,472.689668359321,coinmetrics
2017-05-25,350534,4828620.58577306,847501,163,499.581496869323,coinmetrics
2017-05-26,333093,4532386.19400784,814316,153,471.571472389502,coinmetrics
2017-05-27,330950,4976737.78165567,892105,168,523.557204519597,coinmetrics
2017-05-28,303645,4887867.46412611,848084,165,423.418552889744,coinmetrics
2017-05-29,326916,4473139.3156548,771791,151,497.488703220111,coinmetrics
2017-05-30,348103,5302595.61259742,851137,179,589.401491399827,coinmetrics
2017-05-31,320406,4858244.02494958,818815,164,572.215677879758,coinmetrics
2017-06-01,319348,5035984.66000872,837922,170,569.987235569847,coinmetrics
2017-06-02,263831,4325022.11977219,723130,146,473.752936559917,coinmetrics
2017-06-03,306209,5687700.3218922,879242,192,541.66108367975,coinmetrics
2017-06-04,271578,5049391.51326877,739511,161,439.711265539934,coinmetrics
2017-06-05,289269,5533581.08611424,767010,164,477.576016159868,coinmetrics
2017-06-06,299724,5094943.56099544,802549,151,512.136533199822,coinmetrics
2017-06-07,338421,5567322.43420031,877184,165,664.01060492,coinmetrics
2017-06-08,307355,5567322.43420031,823165,165,495.634162329807,coinmetrics
2017-06-09,280990,5094943.56099544,762294,151,451.721017229976,coinmetrics
2017-06-10,252722,4757530.08013481,696034,141,386.310260380023,coinmetrics
2017-06-11,225018,4926236.82056512,670073,146,359.100271440077,coinmetrics
2017-06-12,270146,4959978.16865119,726296,147,412.415898220029,coinmetrics
2017-06-13,291856,4757530.08013481,768501,141,478.0338010998,coinmetrics
2017-06-14,284904,4723788.73204875,740847,140,452.839605839918,coinmetrics
2017-06-15,293498,5162426.25716756,797366,153,430.907675799863,coinmetrics
2017-06-16,271022,4993719.51673725,730161,148,379.795973280072,coinmetrics
2017-06-17,233555,4907231.27624732,659616,145,308.366946970033,coinmetrics
2017-06-18,209445,5129905.64430105,628753,145,279.297079040021,coinmetrics
2017-06-19,268231,5342177.60199627,725338,151,384.378473290004,coinmetrics
2017-06-20,272588,4882255.02698997,745087,138,394.828902089979,coinmetrics
2017-06-21,279662,4953012.34622171,755305,140,462.564274939964,coinmetrics
2017-06-22,267507,4917633.68660584,728948,139,441.855919029859,coinmetrics
2017-06-23,263398,5660585.53853909,718091,160,345.595058390051,coinmetrics
2017-06-24,220439,5165284.30391692,638287,146,295.303439100075,coinmetrics
2017-06-25,185434,4316196.47313606,537762,122,268.37863844998,coinmetrics
2017-06-26,261094,5023769.66545344,705488,142,373.798231609988,coinmetrics
2017-06-27,261113,4634604.40967888,696698,131,365.528313129927,coinmetrics
2017-06-28,277158,5554449.55969148,738521,157,382.584561379939,coinmetrics
2017-06-29,232122,4245439.15390432,628876,120,345.33975045004,coinmetrics
2017-06-30,266457,5448313.58084387,715545,154,354.995099209895,coinmetrics
2017-07-01,220267,5801798.16405462,641147,164,251.59998671,coinmetrics
2017-07-02,196813,6622798.79067703,604820,188,199.447963570015,coinmetrics
2017-07-03,250562,5988701.03412285,660964,170,279.956147440056,coinmetrics
2017-07-04,256743,5389830.93071056,718284,153,294.804227929903,coinmetrics
2017-07-05,235034,5248920.31814296,649605,149,224.422603649975,coinmetrics
2017-07-06,229220,5002326.74614967,637761,142,250.804613149965,coinmetrics
2017-07-07,243553,5213692.66500107,733315,148,239.330639029925,coinmetrics
2017-07-08,217777,5812562.76841335,630307,165,184.901822839981,coinmetrics
2017-07-09,185614,4861416.13358208,547682,138,155.065497499999,coinmetrics
2017-07-10,254337,6939847.66895412,778061,197,207.45134057001,coinmetrics
2017-07-11,269057,6094383.99354854,773747,173,211.194173089992,coinmetrics
2017-07-12,255592,6235294.60611614,746872,177,221.97124645006,coinmetrics
2017-07-13,243905,5530741.54327816,675427,157,209.66311755998,coinmetrics
2017-07-14,231329,5287415.70544483,647312,139,215.860811059986,coinmetrics
2017-07-15,216276,5079131.87191812,624607,127,376.092645150051,coinmetrics
2017-07-16,205409,6518885.78836735,617297,163,169.270994930023,coinmetrics
2017-07-17,232141,5918988.32318017,690739,148,199.590782950015,coinmetrics
2017-07-18,260132,6598872.11705897,809612,165,222.574712909971,coinmetrics
2017-07-19,253602,5958981.48752598,713341,149,200.478462320003,coinmetrics
2017-07-20,230755,6478892.62402153,660126,162,232.780766059938,coinmetrics
2017-07-21,269668,6158947.30925504,744868,154,246.554883099917,coinmetrics
2017-07-22,214900,6398906.29532991,633583,160,167.154944030022,coinmetrics
2017-07-23,183120,6878824.26747965,536910,172,126.028197130023,coinmetrics
2017-07-24,243957,7118783.25355452,681339,178,169.085307180039,coinmetrics
2017-07-25,242360,5918988.32318017,702031,148,169.444070079998,coinmetrics
2017-07-26,236393,5878995.15883436,652653,147,165.292233970005,coinmetrics
2017-07-27,225488,6416436.63634687,686889,154,166.604041630008,coinmetrics
2017-07-28,249112,6414280.01814893,683771,150,189.152650869997,coinmetrics
2017-07-29,207797,6713613.08566255,634637,157,154.958318810012,coinmetrics
2017-07-30,193936,6285994.41778595,583526,147,144.593984949994,coinmetrics
2017-07-31,220968,6200470.68421063,692282,145,189.357151579958,coinmetrics
2017-08-01,131368,6371518.15136127,473639,149,74.0234784999857,coinmetrics
2017-08-02,214635,6499803.75172425,599118,152,133.669084959987,coinmetrics
2017-08-03,212356,5901137.61669702,592805,138,123.672046710022,coinmetrics
2017-08-04,234256,7654374.15499106,668144,179,114.956868070001,coinmetrics
2017-08-05,235105,7568850.42141574,642015,177,108.63575873999,coinmetrics
2017-08-06,203085,5986661.35027234,547079,140,89.3378902799826,coinmetrics
2017-08-07,250307,6542565.61851191,692078,153,125.497938829976,coinmetrics
2017-08-08,275494,7012946.15317617,786340,164,157.699240779945,coinmetrics
2017-08-09,257449,6107869.28310813,711839,138,160.442777880009,coinmetrics
2017-08-10,262413,6149818.07832045,730801,134,193.842923659967,coinmetrics
2017-08-11,278906,6608759.7259563,729508,144,230.887812060014,coinmetrics
2017-08-12,261652,6195712.24308403,695821,135,212.133214049986,coinmetrics
2017-08-13,263937,6792336.38501064,717839,148,188.915755710019,coinmetrics
2017-08-14,258450,5966241.41926611,681161,130,255.769717319971,coinmetrics
2017-08-15,309155,6975913.04406499,817719,152,349.631053089968,coinmetrics
2017-08-16,276520,5966241.41926611,688962,130,349.750087259858,coinmetrics
2017-08-17,348484,8215055.49268179,863099,179,359.886644829643,coinmetrics
2017-08-18,306485,6838230.54977423,727394,149,335.262790629666,coinmetrics
2017-08-19,264904,6930018.8793014,708914,151,265.592767120014,coinmetrics
2017-08-20,215808,5966241.41926611,627940,130,218.354525810064,coinmetrics
2017-08-21,238146,5277828.94781232,632318,115,298.781317089867,coinmetrics
2017-08-22,196446,4084580.6639591,530992,89,338.845556209979,coinmetrics
2017-08-23,313788,7297172.19741008,839588,159,538.500339769884,coinmetrics
2017-08-24,201411,4467992.01920994,542527,101,386.440831650013,coinmetrics
2017-08-25,212865,4459277.50765201,587663,101,433.007813719923,coinmetrics
2017-08-26,224662,4635882.55746001,617917,105,414.828200059944,coinmetrics
2017-08-27,257198,6843445.68006004,753881,155,353.175748149918,coinmetrics
2017-08-28,227603,5695512.85630802,661017,129,386.820278969898,coinmetrics
2017-08-29,276967,6578538.10534803,789243,149,457.092717699919,coinmetrics
2017-08-30,275731,7417412.09193603,805068,168,391.625665960099,coinmetrics
2017-08-31,281321,7196655.77967604,797023,163,416.185331099956,coinmetrics
2017-09-01,275267,7682319.66664803,767441,174,369.145481689886,coinmetrics
2017-09-02,241028,7240807.04212804,709832,164,297.113431829994,coinmetrics
2017-09-03,195123,6799294.41760804,587110,154,236.08970506008,coinmetrics
2017-09-04,270702,7726470.92910003,760792,175,325.457121789867,coinmetrics
2017-09-05,277339,8697798.70304403,780357,197,281.992059300052,coinmetrics
2017-09-06,277211,7283044.48578657,777010,162,275.427757799992,coinmetrics
2017-09-07,256625,8072925.27664423,767722,176,255.392391000043,coinmetrics
2017-09-08,271237,8027056.38302694,809056,175,210.534305659976,coinmetrics
2017-09-09,218820,7751843.02132316,625612,169,145.271261119997,coinmetrics
2017-09-10,199466,6329907.31918695,581564,138,146.229206540007,coinmetrics
2017-09-11,249732,7981187.48940964,724503,174,158.435195870039,coinmetrics
2017-09-12,254127,8623352.0000518,700869,188,147.753200349961,coinmetrics
2017-09-13,261808,8715089.78728639,715683,190,132.313726659974,coinmetrics
2017-09-14,274235,7981187.48940964,786448,174,159.51692854998,coinmetrics
2017-09-15,291839,8256400.85111342,831698,180,172.896426839995,coinmetrics
2017-09-16,224435,7751843.02132316,637532,169,118.225496209964,coinmetrics
2017-09-17,195890,8072925.27664423,582453,176,98.1445481299738,coinmetrics
2017-09-18,224367,6687570.05931123,694432,127,174.461636539986,coinmetrics
2017-09-19,283774,8556655.83040941,784159,156,171.948152389999,coinmetrics
2017-09-20,234110,6417491.87280707,619406,117,146.147783250018,coinmetrics
2017-09-21,253479,9653662.9881542,684987,176,134.293312509961,coinmetrics
2017-09-22,224128,7624199.74632635,642171,139,115.100442969958,coinmetrics
2017-09-23,203754,9105159.4092818,571954,166,100.024465939957,coinmetrics
2017-09-24,190216,7953301.89364978,549507,145,88.9211599199813,coinmetrics
2017-09-25,226331,6856294.73590499,655510,125,146.022838849976,coinmetrics
2017-09-26,258284,7569349.3884391,722077,138,146.504338749997,coinmetrics
2017-09-27,265442,8063002.60942426,702387,147,148.52968792997,coinmetrics
2017-09-28,270458,9708513.34604144,753933,177,132.13699794994,coinmetrics
2017-09-29,255919,9269710.48294352,741184,169,115.053412449927,coinmetrics
2017-09-30,211916,7569349.3884391,631821,138,102.104908979987,coinmetrics
2017-10-01,205006,7133598.09247187,628817,130,119.657503509967,coinmetrics
2017-10-02,289356,8380132.03962018,800519,150,179.995629429974,coinmetrics
2017-10-03,283080,10223761.0883366,787242,183,149.049145909988,coinmetrics
2017-10-04,239021,7486251.28872736,655363,134,139.60463353995,coinmetrics
2017-10-05,272044,6983443.36635015,725883,125,160.68672877999,coinmetrics
2017-10-06,284714,8882939.96199739,818384,159,149.582443119994,coinmetrics
2017-10-07,223629,8827072.41506659,651679,158,103.739904559964,coinmetrics
2017-10-08,243087,10167893.5414058,699283,182,114.923997469948,coinmetrics
2017-10-09,296123,8994675.05585899,797851,161,147.94837794996,coinmetrics
2017-10-10,304468,8938807.50892819,833834,160,168.909528009976,coinmetrics
2017-10-11,294651,7765589.02338137,778349,139,148.373371359981,coinmetrics
2017-10-12,293950,8547734.68041258,784446,153,176.246428139948,coinmetrics
2017-10-13,307306,7597986.38258896,818187,136,282.458402889963,coinmetrics
2017-10-14,291820,7877324.11724297,789672,141,228.812488669992,coinmetrics
2017-10-15,285265,11485102.1666364,825816,195,158.049922120037,coinmetrics
2017-10-16,312096,10351762.4275094,844162,174,194.26197060011,coinmetrics
2017-10-17,337105,9756833.55236517,878509,164,210.237741990004,coinmetrics
2017-10-18,330289,8983426.0146777,824566,151,192.893877810133,coinmetrics
2017-10-19,354271,10589733.9775671,906491,178,188.385659590097,coinmetrics
2017-10-20,313394,10649226.8650815,850614,179,165.15826421008,coinmetrics
2017-10-21,309587,9102411.78970654,800937,153,164.296733249962,coinmetrics
2017-10-22,290846,10827705.5276248,907439,182,158.525388580008,coinmetrics
2017-10-23,316323,10173283.7649661,880240,171,185.78456628001,coinmetrics
2017-10-24,346088,9935312.21490844,955565,167,196.346616169976,coinmetrics
2017-10-25,310122,11006184.190168,911228,185,140.539000019988,coinmetrics
2017-10-26,272615,11103293.0112987,742163,180,118.217868459943,coinmetrics
2017-10-27,246216,7510989.9435995,668740,104,167.371263570037,coinmetrics
2017-10-28,208616,6138789.8577496,555227,85,179.589113789981,coinmetrics
2017-10-29,330193,11122042.8010992,905041,154,277.225794209893,coinmetrics
2017-10-30,316082,10616495.4010493,894901,147,258.960214269935,coinmetrics
2017-10-31,280319,9966505.88669932,827896,138,238.224686910032,coinmetrics
2017-11-01,351487,11266484.9153992,961473,156,293.71974584997,coinmetrics
2017-11-02,341608,10833158.5724993,916882,150,278.183011799912,coinmetrics
2017-11-03,277903,8594305.80084942,820113,119,276.152295170034,coinmetrics
2017-11-04,290835,9388737.42949936,800708,130,264.942788249938,coinmetrics
2017-11-05,251752,10183169.0581493,805781,141,196.393381149976,coinmetrics
2017-11-06,273071,9605400.60094935,831790,133,248.539446169964,coinmetrics
2017-11-07,332632,11266484.9153992,937089,156,287.546336409977,coinmetrics
2017-11-08,303382,10399832.2295993,871573,144,269.053335369964,coinmetrics
2017-11-09,339565,11049821.7439492,948030,153,362.664500379857,coinmetrics
2017-11-10,274118,8468739.81561046,786879,120,323.476486460107,coinmetrics
2017-11-11,192216,5426063.16330811,579558,80,325.302934229968,coinmetrics
2017-11-12,187788,5426063.16330811,586355,80,589.524886979619,coinmetrics
2017-11-13,308819,9495610.5357892,920515,140,777.16416065988,coinmetrics
2017-11-14,272441,8681701.06129298,819127,128,620.692119980058,coinmetrics
2017-11-15,319586,10309520.0102854,944172,152,589.046710779751,coinmetrics
2017-11-16,311127,10309520.0102854,907472,152,504.643666249696,coinmetrics
2017-11-17,305425,11326906.8534057,982559,167,395.581891899781,coinmetrics
2017-11-18,268902,9224307.3776238,843076,136,284.182992949983,coinmetrics
2017-11-19,267096,10852126.3266162,913898,160,251.729666249873,coinmetrics
2017-11-20,332821,11869513.1697365,979917,175,323.784034039828,coinmetrics
2017-11-21,373326,11733861.5906538,981593,173,308.964817299878,coinmetrics
2017-11-22,311835,10038216.85212,869698,148,258.491514049909,coinmetrics
2017-11-23,352980,10648648.9579922,959240,157,267.644453959902,coinmetrics
2017-11-24,307294,10083527.0255049,905792,149,230.386248359897,coinmetrics
2017-11-25,332515,10445729.4715118,922777,156,193.763828949858,coinmetrics
2017-11-26,330936,10244850.0585982,941512,153,190.864782750085,coinmetrics
2017-11-27,381576,11383166.7317757,1061044,170,240.59432048994,coinmetrics
2017-11-28,365153,10445729.4715118,1025283,156,245.599506370083,coinmetrics
2017-11-29,398873,11584046.1446894,1132724,173,290.663316229969,coinmetrics
2017-11-30,383941,11182287.318862,1086490,167,270.234673649997,coinmetrics
2017-12-01,412472,12253644.187735,1115596,183,243.417992840052,coinmetrics
2017-12-02,325296,10780528.4930347,943132,161,189.410996459989,coinmetrics
2017-12-03,347132,11784925.5576031,1008744,176,186.705590529956,coinmetrics
2017-12-04,407287,12119724.5791259,1155119,181,229.898988580042,coinmetrics
2017-12-05,404804,11918845.1662122,1146460,178,220.325260779914,coinmetrics
2017-12-06,442897,13218896.9761819,1228561,188,258.594912359883,coinmetrics
2017-12-07,374945,12020755.1114562,1065803,152,369.842475549847,coinmetrics
2017-12-08,385493,12337090.772284,1126652,156,646.024403329879,coinmetrics
2017-12-09,401509,13760601.2460091,1182172,174,561.830778389885,coinmetrics
2017-12-10,336561,12969762.0939396,1073634,164,453.76817824992,coinmetrics
2017-12-11,376572,13523349.5003882,1163072,171,493.020471419927,coinmetrics
2017-12-12,372599,12337090.772284,1099485,156,541.210219650058,coinmetrics
2017-12-13,417596,14709608.2284925,1251052,186,593.33537203007,coinmetrics
2017-12-14,498142,14630524.3132855,1290363,185,652.489752019877,coinmetrics
2017-12-15,400877,13365181.6699743,1179313,169,594.083090249908,coinmetrics
2017-12-16,366938,13523349.5003882,1132973,171,532.009568159946,coinmetrics
2017-12-17,389211,14630524.3132855,1175732,185,532.369267059864,coinmetrics
2017-12-18,398048,15613766.2496263,1204183,182,591.631992379936,coinmetrics
2017-12-19,378510,13035760.9505203,1046267,140,673.608711840131,coinmetrics
2017-12-20,370374,12663310.6376483,1027644,136,920.784714080414,coinmetrics
2017-12-21,334454,12290860.3247763,998866,132,1138.20801564005,coinmetrics
2017-12-22,380012,14432449.6237903,1110734,155,1495.74891579819,coinmetrics
2017-12-23,307204,12942648.3723023,979504,139,1055.0770848589,coinmetrics
2017-12-24,274389,14153111.8891363,1020552,152,863.176477279302,coinmetrics
2017-12-25,229330,12570198.0594303,878323,135,693.695577419986,coinmetrics
2017-12-26,247416,13221986.1069563,911656,142,722.074368759762,coinmetrics
2017-12-27,311934,14525562.2020083,1037747,156,796.827958609928,coinmetrics
2017-12-28,303032,13873774.1544823,999488,149,774.89241591009,coinmetrics
2017-12-29,356789,15363575.4059704,1096215,165,793.416485959806,coinmetrics
2017-12-30,338045,13687548.9980463,998615,147,764.871759980285,coinmetrics
2017-12-31,292987,15177350.2495343,1007208,163,543.71958477991,coinmetrics
2018-01-01,241625,14923655.7184224,972783,156,477.225169619912,coinmetrics
2018-01-02,343664,16415540.6673567,1142721,171,649.878137690269,coinmetrics
2018-01-03,396942,15071578.273538,1130917,157,750.020447369625,coinmetrics
2018-01-04,424762,16127548.7258241,1253986,168,777.017867470151,coinmetrics
2018-01-05,339441,13727615.8797194,1069525,143,704.313737199907,coinmetrics
2018-01-06,356470,16127548.7258241,1163503,168,684.205947189797,coinmetrics
2018-01-07,372566,15551564.842759,1130388,162,695.879614219857,coinmetrics
2018-01-08,345855,15935554.0981357,1157303,166,696.368606160105,coinmetrics
2018-01-09,354874,15743559.4704474,1145338,164,742.972170539623,coinmetrics
2018-01-10,347701,15935554.0981357,1118949,166,719.013413799781,coinmetrics
2018-01-11,334581,18527481.5719289,1222969,193,693.928541369795,coinmetrics
2018-01-12,304727,17087521.864266,1153290,178,624.091638499808,coinmetrics
2018-01-13,264304,15881806.2094572,939348,149,526.791851459727,coinmetrics
2018-01-14,236042,17165770.5545811,971840,155,491.921600399913,coinmetrics
2018-01-15,272139,16612036.0205623,949563,150,508.823838099861,coinmetrics
2018-01-16,306170,17608758.1817961,1001819,159,613.988490299934,coinmetrics
2018-01-17,314242,18494733.4362261,1090483,167,674.358294110125,coinmetrics
2018-01-18,307893,19159214.8770486,1050790,173,650.505323029856,coinmetrics
2018-01-19,242661,18273239.6226186,1027992,165,489.855409630015,coinmetrics
2018-01-20,236313,19712949.4110673,970060,178,421.738487139915,coinmetrics
2018-01-21,217475,20709671.572301,988506,187,344.253363409941,coinmetrics
2018-01-22,250083,18494733.4362261,946599,167,315.01725095,coinmetrics
2018-01-23,266082,19602202.5042636,893416,177,289.826688999801,coinmetrics
2018-01-24,251628,19491455.5974598,940167,176,277.623298569931,coinmetrics
2018-01-25,238459,19419246.3436515,854029,158,224.486405389939,coinmetrics
2018-01-26,218851,20056949.5413983,807029,155,204.25700943996,coinmetrics
2018-01-27,192395,20315748.8903196,860840,157,167.848701199986,coinmetrics
2018-01-28,213698,20445148.5647802,765711,158,153.961550490004,coinmetrics
2018-01-29,230013,19151151.8201739,775230,148,144.442770990016,coinmetrics
2018-01-30,239554,21609745.6349259,845185,167,162.67806227002,coinmetrics
2018-01-31,208360,15139761.9118942,685452,117,166.40186562,coinmetrics
2018-02-01,252498,20703947.9137015,833934,160,213.449741970016,coinmetrics
2018-02-02,237739,21739145.3093865,853582,168,273.104638069968,coinmetrics
2018-02-03,190833,20445148.5647802,714800,158,142.447815080011,coinmetrics
2018-02-04,172621,23033142.0539929,711645,178,111.550814449986,coinmetrics
2018-02-05,221421,23938939.7752173,915758,185,177.20558858999,coinmetrics
2018-02-06,245035,22105953.9129441,999753,170,163.030349949983,coinmetrics
2018-02-07,207672,20149017.2119133,804119,141,120.424378079992,coinmetrics
2018-02-08,177469,18720008.8990117,753618,131,89.8096832499717,coinmetrics
2018-02-09,178845,19291612.2241723,781921,135,91.7777684199725,coinmetrics
2018-02-10,176305,20434818.8744937,737187,143,82.9716152600033,coinmetrics
2018-02-11,147871,21578025.524815,814528,151,62.3056564299968,coinmetrics
2018-02-12,185649,23721537.9941675,912131,166,69.3926832499977,coinmetrics
2018-02-13,188299,23435736.3315871,868109,164,70.6922143699877,coinmetrics
2018-02-14,197735,25579248.8009396,937769,179,63.4316987699764,coinmetrics
2018-02-15,195903,18720008.8990117,779005,131,63.5001879499818,coinmetrics
2018-02-16,185173,22435430.512556,773561,157,57.7839009799647,coinmetrics
2018-02-17,172015,21292223.8622346,765638,149,47.8522047299848,coinmetrics
2018-02-18,160325,23149934.6690068,730130,162,44.8561414699746,coinmetrics
2018-02-19,191633,23149934.6690068,857787,162,52.0389936499951,coinmetrics
2018-02-20,194005,20835108.4972582,703065,141,50.7371851099647,coinmetrics
2018-02-21,208330,25265138.8267234,713740,169,40.8897928999831,coinmetrics
2018-02-22,182712,22275181.569123,719848,149,36.9860549800038,coinmetrics
2018-02-23,180733,22125683.706243,732287,148,78.10460371999,coinmetrics
2018-02-24,153121,21677190.1176029,690001,145,92.1518017399844,coinmetrics
2018-02-25,143945,25564134.5524835,526879,171,41.1415458699944,coinmetrics
2018-02-26,191999,21079198.6660828,688379,141,46.9046019099932,coinmetrics
2018-02-27,215369,23919658.0608032,699046,160,49.929180839985,coinmetrics
2018-02-28,190181,23172168.7464031,817155,155,52.6046103599846,coinmetrics
2018-03-01,236700,24667147.3752033,821011,165,51.7921593099827,coinmetrics
2018-03-02,192887,23321666.6092831,752300,156,41.3842913299883,coinmetrics
2018-03-03,179832,26909615.3184037,934083,180,38.7617781299916,coinmetrics
2018-03-04,154847,22125683.706243,792569,148,32.2838815000022,coinmetrics
2018-03-05,205776,24020983.5292903,857168,149,45.5775757899888,coinmetrics
2018-03-06,208778,25517998.1075581,834323,156,37.2934472799955,coinmetrics
2018-03-07,212833,25681575.018504,922143,157,34.5537600699843,coinmetrics
2018-03-08,189879,26499459.5732334,903578,162,34.6060684299991,coinmetrics
2018-03-09,202179,23882228.9980992,888997,146,35.4612884100025,coinmetrics
2018-03-10,149505,22900767.5324239,803717,140,44.8131746399881,coinmetrics
2018-03-11,157234,25027267.3747204,889324,153,35.2370615300002,coinmetrics
2018-03-12,185230,26335882.6622875,828676,161,32.737691980001,coinmetrics
2018-03-13,199201,25845151.9294498,773506,158,61.7702299599863,coinmetrics
2018-03-14,193089,23555075.1762074,580666,144,36.7920910099955,coinmetrics
2018-03-15,201087,23555075.1762074,602746,144,36.0996260400045,coinmetrics
2018-03-16,188256,25517998.1075581,601517,156,29.724336150009,coinmetrics
2018-03-17,151432,24372959.7309369,452543,149,21.2328163300065,coinmetrics
2018-03-18,164511,25426608.9713916,535510,151,25.2423178600044,coinmetrics
2018-03-19,193494,26679206.959874,587514,155,31.0200564900029,coinmetrics
2018-03-20,193222,21859737.3155097,567891,127,31.4568863800064,coinmetrics
2018-03-21,199262,26162835.2122636,586910,152,31.3534767100065,coinmetrics
2018-03-22,180421,24613719.9694322,577941,143,27.0233167300041,coinmetrics
2018-03-23,177341,22892480.8107306,619608,133,25.9931719600086,coinmetrics
2018-03-24,159401,26851330.8757442,543804,156,22.0879642300034,coinmetrics
2018-03-25,137632,23236728.6424709,454187,135,20.7481862900052,coinmetrics
2018-03-26,187477,25818587.3805233,582295,150,27.0169179800017,coinmetrics
2018-03-27,185428,26162835.2122636,598612,152,26.9710762700054,coinmetrics
2018-03-28,181035,23236728.6424709,552755,135,24.7177586900046,coinmetrics
2018-03-29,189556,26162835.2122636,559619,152,26.666857030004,coinmetrics
2018-03-30,183947,27884074.3709651,571020,162,25.6654379800051,coinmetrics
2018-03-31,149294,22031861.2313799,475498,128,20.1572426400027,coinmetrics
2018-04-01,133901,28151789.8209148,425276,162,18.0739767900056,coinmetrics
2018-04-02,167141,27227579.616214,485666,156,21.2542943400059,coinmetrics
2018-04-03,203600,28449329.9836082,605514,163,25.7169891300051,coinmetrics
2018-04-04,183926,25656757.7152785,565002,147,24.633346420007,coinmetrics
2018-04-05,181407,27227579.616214,534893,156,24.3870624400079,coinmetrics
2018-04-06,169899,24085935.8143431,631476,138,34.2843650699993,coinmetrics
2018-04-07,155865,31416438.0187084,502038,180,27.3350410000043,coinmetrics
2018-04-08,139770,28100258.450067,414992,161,21.1375823700071,coinmetrics
2018-04-09,174115,25656757.7152785,535496,147,22.1659777400028,coinmetrics
2018-04-10,188256,28623865.7503788,569509,164,23.2492304600089,coinmetrics
2018-04-11,179955,28100258.450067,533732,161,22.3847017799989,coinmetrics
2018-04-12,216526,26878508.0826727,629328,154,36.6644390699919,coinmetrics
2018-04-13,213311,28798401.5171494,638968,165,35.6312716799955,coinmetrics
2018-04-14,165043,25934796.2703183,502546,137,24.286991860004,coinmetrics
2018-04-15,170677,31109116.9538305,590187,163,23.9083682000045,coinmetrics
2018-04-16,194303,26910340.4324546,721332,141,25.3454955100068,coinmetrics
2018-04-17,204094,30918263.4755861,614295,162,26.496317040007,coinmetrics
2018-04-18,200441,30536556.5190974,588686,160,25.2445572700091,coinmetrics
2018-04-19,215282,33971919.1274958,657714,178,27.9884897000054,coinmetrics
2018-04-20,210669,26146926.5194772,661833,137,29.4795850000087,coinmetrics
2018-04-21,191121,30345703.0408531,602722,159,27.9662946200067,coinmetrics
2018-04-22,168980,30536556.5190974,502665,160,21.4043770800046,coinmetrics
2018-04-23,227377,29200582.1713869,642298,153,28.9208729200034,coinmetrics
2018-04-24,253956,30345703.0408531,776436,159,66.818996379977,coinmetrics
2018-04-25,217684,23474977.8240562,701507,123,93.8910172400037,coinmetrics
2018-04-26,217258,26910340.4324546,661663,141,67.5356912899714,coinmetrics
2018-04-27,212647,27882432.4329455,674680,142,54.7089081099762,coinmetrics
2018-04-28,194970,25592018.8297845,541764,128,39.772943419989,coinmetrics
2018-04-29,183812,31590148.2430152,549120,158,35.4516891699972,coinmetrics
2018-04-30,215603,30990335.3016921,645424,155,36.6695535199975,coinmetrics
2018-05-01,198167,31590148.2430152,634217,158,31.7345911300078,coinmetrics
2018-05-02,210896,27991270.5950767,673769,140,38.4549047899953,coinmetrics
2018-05-03,227954,30190584.7132614,660104,151,39.3671206099955,coinmetrics
2018-05-04,224579,27591395.3008614,710689,138,40.6185858699947,coinmetrics
2018-05-05,195965,32189961.1843383,606625,161,31.2311985600114,coinmetrics
2018-05-06,172671,27391457.6537537,535825,137,30.8409621700016,coinmetrics
2018-05-07,204816,29990647.0661537,662775,150,35.9166375599982,coinmetrics
2018-05-08,219628,27791332.9479691,665870,139,35.0553271499987,coinmetrics
2018-05-09,204710,31990023.5372306,603396,160,29.7366871700082,coinmetrics
2018-05-10,215367,30790397.6545844,633729,154,27.49013678,coinmetrics
2018-05-11,207053,26155095.4999563,772234,127,38.14838368,coinmetrics
2018-05-12,181270,33988897.1882542,563749,165,28.0897675,coinmetrics
2018-05-13,159530,30487010.8112825,488836,148,23.48131033,coinmetrics
2018-05-14,211328,27191117.7506033,641192,132,35.49278732,coinmetrics
2018-05-15,208197,30075024.1786976,624136,146,36.97293637,coinmetrics
2018-05-16,213978,36872803.6163485,617403,179,33.00292855,coinmetrics
2018-05-17,190427,27191117.7506033,635676,132,58.60777404,coinmetrics
2018-05-18,216419,30487010.8112825,701918,148,66.88060023,coinmetrics
2018-05-19,167502,31722970.7090372,500408,154,29.9909499,coinmetrics
2018-05-20,159863,29663037.5461127,483041,144,24.85185587,coinmetrics
2018-05-21,201185,32340950.6579146,620329,157,31.14895886,coinmetrics
2018-05-22,207023,31104990.7601599,595706,151,27.0929604,coinmetrics
2018-05-23,222546,33370917.2393768,636565,162,30.75196457,coinmetrics
2018-05-24,202902,30032592.1199289,559734,143,29.32149238,coinmetrics
2018-05-25,198774,37681533.9302757,624713,176,30.66905461,coinmetrics
2018-05-26,155834,34684139.1858219,459370,162,22.28223089,coinmetrics
2018-05-27,143384,35112338.4350296,441802,164,19.22285004,coinmetrics
2018-05-28,192951,33399541.4381989,598556,156,31.6009076,coinmetrics
2018-05-29,204915,29759847.8199336,600021,139,26.55897795,coinmetrics
2018-05-30,204891,37253334.681068,596173,174,22.62953788,coinmetrics
2018-05-31,206264,36396936.1826526,620191,170,21.80760182,coinmetrics
2018-06-01,201858,35540537.6842373,683588,166,19.70753491,coinmetrics
2018-06-02,175813,32543142.9397835,524370,152,16.3285705,coinmetrics
2018-06-03,167198,34898238.8104258,542740,163,15.73954686,coinmetrics
2018-06-04,205524,39180231.3025025,694350,183,20.35728666,coinmetrics
2018-06-05,214242,38570079.4652277,655014,175,18.57627282,coinmetrics
2018-06-06,207161,36103754.4868986,653426,147,19.55938049,coinmetrics
2018-06-07,207335,35121339.3988197,635530,143,20.6210189,coinmetrics
2018-06-08,197681,35612546.9428592,640966,145,17.75668801,coinmetrics
2018-06-09,176022,35121339.3988197,503993,143,19.08714063,coinmetrics
2018-06-10,178072,31191679.0465042,527886,127,16.61912053,coinmetrics
2018-06-11,213701,34384528.0827606,586393,140,25.1461433,coinmetrics
2018-06-12,216723,35612546.9428592,662032,145,21.70811986,coinmetrics
2018-06-13,212718,35121339.3988197,660241,143,37.96206259,coinmetrics
2018-06-14,212115,37577377.119017,586144,153,28.31163688,coinmetrics
2018-06-15,201252,37577377.119017,613937,153,22.29352665,coinmetrics
2018-06-16,155858,40770226.1552733,434955,166,16.47953769,coinmetrics
2018-06-17,145540,38559792.2070958,439145,157,23.19379314,coinmetrics
2018-06-18,194397,40279018.6112339,569167,164,17.33148901,coinmetrics
2018-06-19,192770,38748592.0678864,628857,155,92.9988897,coinmetrics
2018-06-20,199288,39122596.1405431,590701,155,196.11075826,coinmetrics
2018-06-21,200306,42908653.8315634,556428,170,73.83299395,coinmetrics
2018-06-22,202454,38112980.756271,616964,151,67.64930914,coinmetrics
2018-06-23,159934,40384615.3708832,473376,160,31.0352267,coinmetrics
2018-06-24,160718,43161057.6776314,465159,171,27.37988107,coinmetrics
2018-06-25,202227,39627403.8326791,618481,157,35.01767538,coinmetrics
2018-06-26,189209,36850961.5259309,601757,146,31.51739433,coinmetrics
2018-06-27,189544,30540865.3742304,591319,121,32.26533869,coinmetrics
2018-06-28,195746,39627403.8326791,566389,157,28.16051973,coinmetrics
2018-06-29,194630,38112980.756271,584573,151,26.96211653,coinmetrics
2018-06-30,177709,35588942.2955908,560237,141,23.0949968,coinmetrics
2018-07-01,153443,37103365.3719989,476547,147,16.61894132,coinmetrics
2018-07-02,206702,36328697.2314513,662310,141,24.13373068,coinmetrics
2018-07-03,217338,30929068.6931176,655359,116,27.75112345,coinmetrics
2018-07-04,201935,35728406.9386013,594400,134,21.20815182,coinmetrics
2018-07-05,202507,36528296.646182,555588,137,20.13343071,coinmetrics
2018-07-06,200485,42660784.4043001,640591,160,21.52862303,coinmetrics
2018-07-07,164668,41594264.7941926,460458,156,16.48971307,coinmetrics
2018-07-08,157910,42127524.5992464,501981,158,15.69046793,coinmetrics
2018-07-09,206977,36261666.7436551,627774,136,19.77161579,coinmetrics
2018-07-10,215433,39727855.4765045,669373,149,22.81549222,coinmetrics
2018-07-11,201326,35995036.8411282,636817,135,20.35991472,coinmetrics
2018-07-12,207840,37594816.2562895,923421,141,18.95121563,coinmetrics
2018-07-13,206358,38128076.0613432,941540,143,19.5134421,coinmetrics
2018-07-14,175324,35461777.0360745,793757,133,14.82622597,coinmetrics
2018-07-15,158295,35461777.0360745,502106,133,15.1200841,coinmetrics
2018-07-16,213849,31995588.3032251,602482,120,23.99583834,coinmetrics
2018-07-17,232829,41051426.467194,681518,159,25.24649934,coinmetrics
2018-07-18,233249,44793365.5190134,762246,174,31.17720006,coinmetrics
2018-07-19,225038,44021066.1135132,626926,171,28.78501864,coinmetrics
2018-07-20,226470,39644702.8156786,653321,154,23.22018338,coinmetrics
2018-07-21,186978,35268339.5178439,511119,137,17.51557302,coinmetrics
2018-07-22,167495,46852830.6003474,459458,182,14.75350962,coinmetrics
2018-07-23,229101,42733900.4376795,716690,166,26.23258898,coinmetrics
2018-07-24,259522,40931868.4915123,717759,159,29.73865751,coinmetrics
2018-07-25,248976,45565664.9245137,771199,177,26.57097779,coinmetrics
2018-07-26,230206,42476467.3025127,641543,165,23.82141828,coinmetrics
2018-07-27,232444,42991333.5728462,721812,167,20.94840018,coinmetrics
2018-07-28,181696,37327804.5991779,545883,145,16.25319194,coinmetrics
2018-07-29,172401,47480188.0482407,494042,170,16.07428338,coinmetrics
2018-07-30,231060,39630250.2088987,638966,134,24.51004937,coinmetrics
2018-07-31,243458,43474975.9754336,696566,147,25.63977852,coinmetrics
2018-08-01,238104,44362220.3830956,698015,150,21.06900152,coinmetrics
2018-08-02,222669,45249464.7907575,622521,153,25.16269047,coinmetrics
2018-08-03,232465,49094190.5572924,694601,166,23.32861222,coinmetrics
2018-08-04,192558,52051671.9161655,547308,176,17.25220709,coinmetrics
2018-08-05,171233,47319701.7419686,495532,160,13.57730016,coinmetrics
2018-08-06,219051,38743005.8012368,651894,131,17.78668065,coinmetrics
2018-08-07,236513,44657968.5189829,710766,151,18.98471793,coinmetrics
2018-08-08,229381,46432457.3343067,634443,157,20.23613005,coinmetrics
2018-08-09,224091,44066472.2472083,636143,149,20.87046383,coinmetrics
2018-08-10,224863,52051671.9161655,656819,176,20.45771617,coinmetrics
2018-08-11,192213,52485702.5441051,523641,170,15.22242073,coinmetrics
2018-08-12,168546,49230273.0794214,486939,155,12.98326306,coinmetrics
2018-08-13,217348,47642199.7542788,602328,150,19.66605039,coinmetrics
2018-08-14,252662,43195594.4438794,672592,136,26.91572329,coinmetrics
2018-08-15,246292,51135961.0695926,677460,161,22.2772166,coinmetrics
2018-08-16,231430,50183117.074507,621029,158,24.3385493,coinmetrics
2018-08-17,235627,48277429.0843358,650774,152,24.50056146,coinmetrics
2018-08-18,189867,50818346.404564,498238,160,16.47857689,coinmetrics
2018-08-19,160808,46054126.4291361,502449,145,16.51525786,coinmetrics
2018-08-20,219696,47642199.7542788,639365,150,29.5145455,coinmetrics
2018-08-21,219552,47006970.4242217,589991,148,25.09646576,coinmetrics
2018-08-22,224396,50818346.404564,622189,160,23.6116034,coinmetrics
2018-08-23,217634,47324585.0892502,574017,149,19.35149518,coinmetrics
2018-08-24,221813,47295605.0753526,633016,146,19.25929543,coinmetrics
2018-08-25,194213,45145645.9144945,540988,135,20.98045241,coinmetrics
2018-08-26,170466,57853309.2089448,495145,173,27.61924553,coinmetrics
2018-08-27,227920,61866255.5124554,675295,185,33.15715349,coinmetrics
2018-08-28,236793,51165065.3697604,676219,153,45.32048221,coinmetrics
2018-08-29,235130,46483294.6823314,643056,139,23.44494959,coinmetrics
2018-08-30,233686,51499477.5617197,626114,154,23.99861017,coinmetrics
2018-08-31,238587,51833889.7536789,658225,155,25.4753141,coinmetrics
2018-09-01,211324,50496240.985842,556577,151,18.83677255,coinmetrics
2018-09-02,184405,48155355.6421275,491997,144,16.30852658,coinmetrics
2018-09-03,224964,48155355.6421275,616107,144,19.99971314,coinmetrics
2018-09-04,239053,42135936.1868616,646393,126,24.87269699,coinmetrics
2018-09-05,239620,44142409.3386169,644928,132,31.30250199,coinmetrics
2018-09-06,251946,50161828.7938828,659910,150,31.08773806,coinmetrics
2018-09-07,230315,52746513.6394839,694327,152,27.88312159,coinmetrics
2018-09-08,204695,52338942.9548858,541935,150,19.01300141,coinmetrics
2018-09-09,189529,56874984.6776426,506971,163,18.25755811,coinmetrics
2018-09-10,222834,47105048.6593973,620579,135,20.09336022,coinmetrics
2018-09-11,235440,49198606.3775927,642145,141,22.97864568,coinmetrics
2018-09-12,234777,58619616.1094721,602958,168,23.97565107,coinmetrics
2018-09-13,238597,51641090.382154,618775,148,20.64203412,coinmetrics
2018-09-14,222661,46058269.8002995,615099,132,21.00044989,coinmetrics
2018-09-15,207837,48849680.0912268,547938,140,15.55612803,coinmetrics
2018-09-16,183118,48500753.8048609,479019,139,13.50872276,coinmetrics
2018-09-17,234503,47105048.6593973,616149,135,16.93383786,coinmetrics
2018-09-18,243846,49547532.6639586,640750,142,18.97957253,coinmetrics
2018-09-19,254819,54432500.6730812,638350,156,17.38418461,coinmetrics
2018-09-20,256241,53860675.976615,628755,154,18.46013053,coinmetrics
2018-09-21,271751,51200543.8778614,713347,144,25.61820665,coinmetrics
2018-09-22,219158,55111696.535198,550844,155,18.20492135,coinmetrics
2018-09-23,207166,53333899.8727723,524121,150,14.78029907,coinmetrics
2018-09-24,232771,52622781.207802,601707,148,15.23465419,coinmetrics
2018-09-25,252662,60089527.1899902,653042,169,20.77325104,coinmetrics
2018-09-26,244200,49422747.2154357,624467,139,19.81706404,coinmetrics
2018-09-27,251227,50844984.5453763,642476,143,24.16169895,coinmetrics
2018-09-28,248966,54756137.2027129,654875,154,28.27719803,coinmetrics
2018-09-29,222847,54045018.5377426,564628,152,19.39987634,coinmetrics
2018-09-30,202606,57956171.1950792,514766,163,15.06859153,coinmetrics
2018-10-01,246557,56178374.5326535,688212,158,22.05844917,coinmetrics
2018-10-02,240379,48711628.5504654,660448,137,25.50791438,coinmetrics
2018-10-03,243276,51556103.2103466,695230,145,21.54960314,coinmetrics
2018-10-04,248357,54987108.4738221,653916,150,18.89461098,coinmetrics
2018-10-05,241297,48176505.2061282,686857,130,21.27413336,coinmetrics
2018-10-06,211031,46323562.6982002,569596,125,17.15907123,coinmetrics
2018-10-07,227911,52623567.2251554,618542,142,13.38058947,coinmetrics
2018-10-08,248404,50029447.7140562,643328,135,17.00189723,coinmetrics
2018-10-09,227800,48176505.2061282,604271,130,16.15876645,coinmetrics
2018-10-10,248451,53364744.2283266,651334,144,15.89766558,coinmetrics
2018-10-11,262974,58923571.7521107,689144,159,18.53988743,coinmetrics
2018-10-12,241875,48917682.2092994,699176,132,18.32054777,coinmetrics
2018-10-13,203529,52252978.7235698,553344,141,13.17029413,coinmetrics
2018-10-14,189268,42247089.1807586,522288,114,12.34559059,coinmetrics
2018-10-15,275017,60035337.2568675,711826,162,23.47542749,coinmetrics
2018-10-16,253557,50029447.7140562,674140,135,19.1257659,coinmetrics
2018-10-17,255908,51141213.218813,662174,138,18.59522114,coinmetrics
2018-10-18,261959,50884200.6681646,673350,138,18.57290731,coinmetrics
2018-10-19,251721,50702736.5834671,684662,142,17.51923019,coinmetrics
2018-10-20,225898,51059798.1087028,583046,143,14.20909825,coinmetrics
2018-10-21,204835,49274490.4825244,540049,138,12.07912045,coinmetrics
2018-10-22,258515,55344536.411531,687801,155,16.90795,coinmetrics
2018-10-23,259288,54987474.8862954,688951,154,17.03439798,coinmetrics
2018-10-24,249113,40347952.3516322,630269,113,16.64281009,coinmetrics
2018-10-25,258172,48917428.9572887,664579,137,17.89006509,coinmetrics
2018-10-26,252435,51059798.1087028,681997,143,17.73815234,coinmetrics
2018-10-27,234281,48560367.432053,578121,136,12.99458987,coinmetrics
2018-10-28,215502,49988613.5329958,547630,140,16.2812264,coinmetrics
2018-10-29,268291,52130982.6844099,708860,146,19.61250266,coinmetrics
2018-10-30,287764,54987474.8862954,697640,154,19.02159826,coinmetrics
2018-10-31,283381,58201028.6134165,694833,163,16.34407169,coinmetrics
2018-11-01,287126,54989095.6997791,702856,154,17.72123704,coinmetrics
2018-11-02,290925,51070835.0767113,764821,143,18.38907623,coinmetrics
2018-11-03,247512,57499331.799654,635423,161,13.29336276,coinmetrics
2018-11-04,227689,43928060.9401084,619152,123,13.10981552,coinmetrics
2018-11-05,295977,51427973.7835415,709024,144,18.7266689,coinmetrics
2018-11-06,287608,45713754.4742591,698165,128,19.22689768,coinmetrics
2018-11-07,296293,46428031.8879194,708634,130,20.47664006,coinmetrics
2018-11-08,276879,43213783.5264481,702459,121,21.13343264,coinmetrics
2018-11-09,283042,45356615.767429,696353,127,22.08237359,coinmetrics
2018-11-10,247175,46785170.5947495,583550,131,16.41366222,coinmetrics
2018-11-11,252172,52142251.1972018,601176,146,14.57063064,coinmetrics
2018-11-12,298929,49999418.9562209,680949,140,18.95329276,coinmetrics
2018-11-13,273801,42856644.8196179,637890,120,17.7424345,coinmetrics
2018-11-14,298332,48213725.4220701,734241,135,27.33091933,coinmetrics
2018-11-15,291290,45356615.767429,709708,127,38.66961652,coinmetrics
2018-11-16,281416,44814668.5643965,704543,126,36.15620087,coinmetrics
2018-11-17,261511,47956936.4976081,587644,145,21.21198663,coinmetrics
2018-11-18,238029,40680711.6496951,543353,123,17.81181123,coinmetrics
2018-11-19,269543,41672924.128956,680899,126,41.92983395,coinmetrics
2018-11-20,289046,43657349.0874777,769611,132,69.75086729,coinmetrics
2018-11-21,256543,34727436.77413,620393,105,48.76677702,coinmetrics
2018-11-22,264718,40349974.1566082,653846,122,39.65618397,coinmetrics
2018-11-23,273038,41342186.635869,624434,125,35.94158309,coinmetrics
2018-11-24,251955,47295461.5114342,578522,143,31.36532497,coinmetrics
2018-11-25,241502,42003661.622043,577253,127,32.84381732,coinmetrics
2018-11-26,255328,36711861.7326517,628614,111,38.12914927,coinmetrics
2018-11-27,262477,43326611.5943908,627815,131,36.17547287,coinmetrics
2018-11-28,262267,39027024.1842604,630438,118,40.76151167,coinmetrics
2018-11-29,245371,34727436.77413,612685,105,44.47194145,coinmetrics
2018-11-30,248304,33404486.8017821,597612,101,40.54970247,coinmetrics
2018-12-01,242745,41011449.1427821,579421,124,30.14756877,coinmetrics
2018-12-02,221524,37704074.2119126,502649,114,23.33655571,coinmetrics
2018-12-03,241785,34851039.8061178,586010,114,31.88668705,coinmetrics
2018-12-04,268150,38734427.5898648,671416,138,30.53976983,coinmetrics
2018-12-05,256736,36488953.5266842,609238,130,26.79014826,coinmetrics
2018-12-06,280512,37892374.8161721,655016,135,28.8469166,coinmetrics
2018-12-07,256146,31998005.4003231,658859,114,30.83524789,coinmetrics
2018-12-08,231269,35646900.7529915,531426,127,19.5837117,coinmetrics
2018-12-09,237071,35927585.0108891,518114,128,16.79261899,coinmetrics
2018-12-10,253368,34804847.9792988,600210,124,22.45193471,coinmetrics
2018-12-11,255759,35085532.2371964,635401,125,23.5339005,coinmetrics
2018-12-12,258638,33682110.9477085,616176,120,22.16279154,coinmetrics
2018-12-13,266702,36769637.7845818,638713,131,22.11378158,coinmetrics
2018-12-14,278774,40979901.6530454,701381,146,25.21741393,coinmetrics
2018-12-15,263117,41821954.4267381,594065,149,18.26744053,coinmetrics
2018-12-16,225399,32278689.6582207,539434,115,14.97018143,coinmetrics
2018-12-17,296295,44909481.2636114,682984,160,20.76549699,coinmetrics
2018-12-18,269609,35632316.4387212,656410,128,27.23136161,coinmetrics
2018-12-19,302963,37822407.4037366,701481,149,32.64506125,coinmetrics
2018-12-20,282826,34268624.1577479,641537,135,27.33283862,coinmetrics
2018-12-21,280679,35537832.4598867,656212,140,30.94962483,coinmetrics
2018-12-22,251236,44422290.5748584,551516,175,18.60323577,coinmetrics
2018-12-23,249032,44676132.2352862,520086,176,15.42552063,coinmetrics
2018-12-24,278193,38583932.3850198,583425,152,23.52803471,coinmetrics
2018-12-25,259581,40360824.0080142,481186,159,17.8645655,coinmetrics
2018-12-26,281142,39853140.6871587,536230,157,15.97681092,coinmetrics
2018-12-27,302098,44168448.9144307,624625,174,17.3424626,coinmetrics
2018-12-28,312462,42391557.2914363,644439,167,18.08179501,coinmetrics
2018-12-29,265401,35030149.1390311,572182,138,15.3735851,coinmetrics
2018-12-30,259817,44676132.2352862,514111,176,13.27720853,coinmetrics
2018-12-31,262001,40567549.5659183,557851,155,16.13595059,coinmetrics
2019-01-01,235813,41615985.2733756,433715,149,11.26348285,coinmetrics
2019-01-02,271103,42174589.1025484,578607,151,18.19523851,coinmetrics
2019-01-03,287081,43291796.7608941,598436,155,19.07117994,coinmetrics
2019-01-04,283490,41615985.2733756,580495,149,19.35680045,coinmetrics
2019-01-05,269637,45526212.0775854,519070,163,12.55146445,coinmetrics
2019-01-06,251485,39381569.9566843,498140,141,16.27735965,coinmetrics
2019-01-07,288254,39381569.9566843,613474,141,24.30263189,coinmetrics
2019-01-08,317666,47202023.5651039,607366,169,20.662824,coinmetrics
2019-01-09,320698,45805513.9921718,619701,164,24.57361448,coinmetrics
2019-01-10,322365,43571098.6754805,634499,156,25.31026548,coinmetrics
2019-01-11,308638,41336683.3587892,623617,148,24.37337421,coinmetrics
2019-01-12,288972,38543664.212925,521168,138,17.34751923,coinmetrics
2019-01-13,273864,38264362.2983386,477843,137,13.97802989,coinmetrics
2019-01-14,328198,43489353.9009638,604549,149,20.10803157,coinmetrics
2019-01-15,303591,38609293.9848548,621686,132,21.69496074,coinmetrics
2019-01-16,300170,38901788.6362552,639811,133,24.64584824,coinmetrics
2019-01-17,301704,37146820.7278527,619396,127,24.00866647,coinmetrics
2019-01-18,301071,40364261.8932572,606378,138,20.18583816,coinmetrics
2019-01-19,278030,38901788.6362552,519467,133,17.39761572,coinmetrics
2019-01-20,298153,45921660.2698651,518578,157,14.55515962,coinmetrics
2019-01-21,317864,43874197.7100622,604061,150,20.19668429,coinmetrics
2019-01-22,293737,38024304.6820539,594573,130,20.7819068,coinmetrics
2019-01-23,294680,42704219.1044605,685141,146,22.83135483,coinmetrics
2019-01-24,304938,47384133.5268671,619376,162,22.80567337,coinmetrics
2019-01-25,301170,40364261.8932572,629078,138,24.88866124,coinmetrics
2019-01-26,291468,43874197.7100622,585285,150,19.84461392,coinmetrics
2019-01-27,269916,40071767.2418568,487233,137,15.57255856,coinmetrics
2019-01-28,314000,42053315.6218028,650793,145,24.94335531,coinmetrics
2019-01-29,322797,42201068.2451955,607365,146,22.53753118,coinmetrics
2019-01-30,326328,39310584.1188122,622377,136,21.71721508,coinmetrics
2019-01-31,355308,44802503.9589404,632855,155,30.63013691,coinmetrics
2019-02-01,336300,45669649.1968553,654356,158,31.3733019,coinmetrics
2019-02-02,326634,41622971.4199188,560738,144,18.97403435,coinmetrics
2019-02-03,296555,39888680.9440889,518121,138,14.58804954,coinmetrics
2019-02-04,333136,42490116.6578338,610696,147,16.99461248,coinmetrics
2019-02-05,355590,42490116.6578338,645414,147,17.19570167,coinmetrics
2019-02-06,349372,47403939.6726853,686774,164,21.84138191,coinmetrics
2019-02-07,348678,50294423.7990685,645404,174,16.74721864,coinmetrics
2019-02-08,338602,47114891.260047,691966,163,21.04186133,coinmetrics
2019-02-09,311894,43357261.8957488,561955,150,17.52526049,coinmetrics
2019-02-10,300848,41080343.9102215,501124,140,14.40198512,coinmetrics
2019-02-11,306149,43691361.6410391,709903,145,22.80689865,coinmetrics
2019-02-12,280287,38568926.1382966,809914,128,34.99484013,coinmetrics
2019-02-13,351610,46101919.5246827,758224,153,34.87820414,coinmetrics
2019-02-14,355246,42486082.6992174,617275,141,26.13967392,coinmetrics
2019-02-15,293872,38267606.4028412,621340,127,26.42301092,coinmetrics
2019-02-16,328238,45197960.3183164,587666,150,21.90521087,coinmetrics
2019-02-17,333183,47909837.9374153,526787,159,19.40747687,coinmetrics
2019-02-18,340577,46704558.9955936,693311,155,29.94112352,coinmetrics
2019-02-19,350653,47005878.731049,713530,156,36.85830647,coinmetrics
2019-02-20,314347,39171565.6092075,690103,130,37.54216157,coinmetrics
2019-02-21,294962,35857048.5191977,643083,119,35.06613912,coinmetrics
2019-02-22,348456,48813797.1437817,728261,162,38.18278176,coinmetrics
2019-02-23,332241,43088722.1701283,581866,143,26.05377263,coinmetrics
2019-02-24,319278,41300825.1419887,558515,137,28.93570516,coinmetrics
2019-02-25,336764,43162133.9136362,679440,143,39.63579312,coinmetrics
2019-02-26,366379,48595129.7908771,702086,161,35.73293876,coinmetrics
2019-02-27,346851,42558467.7050539,668278,141,32.42938675,coinmetrics
2019-02-28,363432,45274965.6436743,688385,150,30.13119001,coinmetrics
2019-03-01,358837,48896962.8951683,727984,162,30.69616759,coinmetrics
2019-03-02,333961,39841969.7664334,616539,132,24.75996191,coinmetrics
2019-03-03,355233,44067633.2265097,553981,146,21.51558757,coinmetrics
2019-03-04,298916,41351135.2878892,687289,137,28.47943824,coinmetrics
2019-03-05,286974,44973132.5393832,701551,149,29.52705767,coinmetrics
2019-03-06,276931,38634637.3492687,734311,128,38.61010643,coinmetrics
2019-03-07,284201,42860300.809345,689254,142,37.80854653,coinmetrics
2019-03-08,281209,44067633.2265097,698786,146,34.31245624,coinmetrics
2019-03-09,242010,41652968.3921804,604793,138,24.66941988,coinmetrics
2019-03-10,213175,41044308.6239489,525757,136,19.09289678,coinmetrics
2019-03-11,295205,42839445.3543402,749756,142,30.91768148,coinmetrics
2019-03-12,283351,43141131.5892299,696573,143,31.60142277,coinmetrics
2019-03-13,289611,40727641.7101121,720085,135,36.75807301,coinmetrics
2019-03-14,296141,46761366.4079065,735928,155,36.58198234,coinmetrics
2019-03-15,296890,46157993.938127,715166,153,30.93583876,coinmetrics
2019-03-16,257699,49174856.2870242,602121,163,21.98218954,coinmetrics
2019-03-17,229399,44046190.293899,548345,146,16.98183493,coinmetrics
2019-03-18,295707,48571483.8172448,720573,161,22.69579382,coinmetrics
2019-03-19,299996,52493404.8708111,739893,174,22.12280789,coinmetrics
2019-03-20,309808,48571483.8172448,745772,161,28.23352491,coinmetrics
2019-03-21,299110,43141131.5892299,705159,143,34.83033827,coinmetrics
2019-03-22,300913,48571483.8172448,726789,161,26.98731749,coinmetrics
2019-03-23,243553,43744504.0590093,566705,145,17.41882305,coinmetrics
2019-03-24,225704,47567250.8442935,569884,150,15.99091114,coinmetrics
2019-03-25,331828,46933020.8330363,715056,148,29.56529774,coinmetrics
2019-03-26,364225,42493410.7542356,688572,134,37.36289128,coinmetrics
2019-03-27,382838,47250135.8386649,778566,149,47.81262217,coinmetrics
2019-03-28,391284,46298790.821779,765998,146,48.31912699,coinmetrics
2019-03-29,372063,46615905.8274077,759323,147,63.15524207,coinmetrics
2019-03-30,380746,44078985.7823787,683748,139,55.24699081,coinmetrics
2019-03-31,380878,44078985.7823787,623888,139,44.331277,coinmetrics
2019-04-01,368694,43127640.7654928,697929,136,63.21354757,coinmetrics
2019-04-02,399631,49787055.8836939,879271,157,115.44123629,coinmetrics
2019-04-03,359553,45030330.7992646,856707,142,143.31802389,coinmetrics
2019-04-04,355050,44396100.7880073,802957,140,153.90346439,coinmetrics
2019-04-05,389172,50104170.8893225,873077,158,112.38893608,coinmetrics
2019-04-06,358555,44084457.1991955,677458,139,80.89306044,coinmetrics
2019-04-07,350634,44809649.5150318,623548,141,86.1434017,coinmetrics
2019-04-08,371209,47034242.0441469,778923,148,131.1579794,coinmetrics
2019-04-09,346875,41949459.1204553,776284,132,115.19247077,coinmetrics
2019-04-10,396407,47034242.0441469,773468,148,110.55773184,coinmetrics
2019-04-11,402681,49894432.4387234,813510,157,115.70604825,coinmetrics
2019-04-12,370652,47987638.842339,763723,151,98.52367857,coinmetrics
2019-04-13,372612,42902855.9186475,602847,135,67.13011148,coinmetrics
2019-04-14,337631,38771469.7931481,596510,122,58.71620219,coinmetrics
2019-04-15,378373,46080845.2459547,767910,145,77.68832081,coinmetrics
2019-04-16,360057,46080845.2459547,777026,145,77.27892749,coinmetrics
2019-04-17,350486,43856252.7168397,734917,138,75.52409926,coinmetrics
2019-04-18,383772,47352040.9768776,739768,149,72.40456857,coinmetrics
2019-04-19,361175,48305437.7750698,798377,152,78.81638604,coinmetrics
2019-04-20,316867,41631660.1877246,689643,131,58.77730482,coinmetrics
2019-04-21,391493,51189192.6714095,673424,162,49.49574881,coinmetrics
2019-04-22,343644,42318655.5416624,646342,134,71.51840171,coinmetrics
2019-04-23,308585,36634060.0211406,714325,116,97.36883575,coinmetrics
2019-04-24,408325,51477170.5469476,875920,163,130.66908643,coinmetrics
2019-04-25,381671,45160953.3019233,751975,143,94.08393559,coinmetrics
2019-04-26,382165,47687440.199933,761966,151,90.11573282,coinmetrics
2019-04-27,360931,43266088.128416,619281,137,54.3605619,coinmetrics
2019-04-28,370571,51477170.5469476,574359,163,46.20375289,coinmetrics
2019-04-29,375559,51477170.5469476,807672,163,72.24066977,coinmetrics
2019-04-30,343390,44213520.7151697,839425,140,86.33574164,coinmetrics
2019-05-01,441332,54003657.4449573,760187,171,64.62554969,coinmetrics
2019-05-02,453346,58109198.654223,787748,184,64.83338936,coinmetrics
2019-05-03,380134,48003251.0621842,803354,152,81.52893951,coinmetrics
2019-05-04,355688,43092854.4112328,658798,132,59.80065176,coinmetrics
2019-05-05,329799,42978500.6950409,613917,129,63.82187695,coinmetrics
2019-05-06,379526,50308167.4802416,776590,151,78.36215013,coinmetrics
2019-05-07,331131,42312167.3509317,754405,127,91.58449481,coinmetrics
2019-05-08,392431,50641334.1522962,839633,152,113.14795335,coinmetrics
2019-05-09,362109,49975000.808187,831454,150,107.37920947,coinmetrics
2019-05-10,322692,41645834.0068226,775704,125,124.19920705,coinmetrics
2019-05-11,342753,43311667.3670955,773667,130,123.97289428,coinmetrics
2019-05-12,335831,52640334.1846237,819732,158,102.32400741,coinmetrics
2019-05-13,395478,55638834.2331149,882729,167,113.56495921,coinmetrics
2019-05-14,365699,50641334.1522962,896277,152,133.52144325,coinmetrics
2019-05-15,367621,49641834.1361325,879106,149,195.70299721,coinmetrics
2019-05-16,376258,48642334.1199687,882945,146,227.03341629,coinmetrics
2019-05-17,360950,50308167.4802416,903650,151,226.43686085,coinmetrics
2019-05-18,356335,50987355.5821806,845558,153,131.4477971,coinmetrics
2019-05-19,349207,54326123.0260991,750954,163,127.38515857,coinmetrics
2019-05-20,382185,53659544.8294598,836865,161,187.38216221,coinmetrics
2019-05-21,381653,50993232.0429028,888770,153,205.51156682,coinmetrics
2019-05-22,394258,55659279.4193776,862194,167,174.00538693,coinmetrics
2019-05-23,386213,52659677.5345009,825753,158,160.86562412,coinmetrics
2019-05-24,375098,50993232.0429028,862849,153,192.85102269,coinmetrics
2019-05-25,336585,46660473.7647477,701431,140,127.1323125,coinmetrics
2019-05-26,378005,54992701.2227383,670124,165,97.24013064,coinmetrics
2019-05-27,397195,55659279.4193776,884928,167,188.78604627,coinmetrics
2019-05-28,387999,54659412.1244187,944118,164,192.45777964,coinmetrics
2019-05-29,405506,57992303.107615,887870,174,187.323601,coinmetrics
2019-05-30,380276,53851726.7142329,862822,160,191.65095051,coinmetrics
2019-05-31,297215,43386260.5763855,766989,117,207.10162051,coinmetrics
2019-06-01,332532,55994233.7353351,850116,151,155.88379801,coinmetrics
2019-06-02,296672,48577778.935953,690143,131,115.39168074,coinmetrics
2019-06-03,298454,44127906.0563237,727530,119,204.32272902,coinmetrics
2019-06-04,375104,57106701.9552424,911280,154,218.64977283,coinmetrics
2019-06-05,372790,59331638.395057,874396,160,156.66545465,coinmetrics
2019-06-06,364084,58219170.1751497,812486,157,120.63550697,coinmetrics
2019-06-07,350679,58589992.9151188,864227,158,107.01289521,coinmetrics
2019-06-08,289229,45982019.7561692,617675,124,70.54839674,coinmetrics
2019-06-09,303848,54510942.7754586,580387,147,63.32369989,coinmetrics
2019-06-10,353081,58219170.1751497,809202,157,104.42139057,coinmetrics
2019-06-11,342338,53027651.8155822,835542,143,110.37674445,coinmetrics
2019-06-12,327686,48577778.935953,795814,131,108.92575247,coinmetrics
2019-06-13,364181,55994233.7353351,892695,151,107.95231204,coinmetrics
2019-06-14,366631,62251625.6357354,1041358,169,120.06982253,coinmetrics
2019-06-15,328798,53775192.2320143,860753,146,77.32786947,coinmetrics
2019-06-16,290875,47882020.4805607,689588,130,73.57815499,coinmetrics
2019-06-17,324974,48986990.1839583,805931,133,119.42797713,coinmetrics
2019-06-18,395670,60036687.2179338,950212,163,115.37501311,coinmetrics
2019-06-19,393499,65193212.5004558,892254,177,104.24751274,coinmetrics
2019-06-20,335359,53038545.7630826,839162,144,113.99594253,coinmetrics
2019-06-21,340137,48986990.1839583,842659,133,128.08740502,coinmetrics
2019-06-22,348735,51933576.0596851,848072,141,119.25352355,coinmetrics
2019-06-23,379617,66666505.4383192,875010,181,80.52992218,coinmetrics
2019-06-24,389565,65193212.5004558,978017,177,102.72793698,coinmetrics
2019-06-25,362627,53775192.2320143,911584,146,121.88767558,coinmetrics
2019-06-26,400110,60773333.6868655,1035885,165,187.18671172,coinmetrics
2019-06-27,361594,55670540.6800857,891448,142,200.07318916,coinmetrics
2019-06-28,402045,64293187.5738047,1008973,163,178.31281553,coinmetrics
2019-06-29,359234,68631991.6432025,846946,174,109.19949552,coinmetrics
2019-06-30,331336,59954383.5044069,675915,152,105.41894605,coinmetrics
2019-07-01,334925,56404452.9021723,836709,143,127.96943929,coinmetrics
2019-07-02,372380,62321003.9058966,894242,158,115.86048631,coinmetrics
2019-07-03,397650,67843118.1760393,883931,172,94.13735145,coinmetrics
2019-07-04,367092,65870934.5081312,814107,167,83.1571909,coinmetrics
2019-07-05,383936,74548542.6469268,837154,189,78.24611304,coinmetrics
2019-07-06,343762,70209738.577529,654703,178,48.46231842,coinmetrics
2019-07-07,317421,60348820.2379885,614084,153,46.22370164,coinmetrics
2019-07-08,382393,70209738.577529,834590,178,68.04749391,coinmetrics
2019-07-09,360758,66020895.9353463,815561,154,70.10346,coinmetrics
2019-07-10,319829,58125055.93338185,802293,129,87.83838394,coinmetrics
2019-07-11,324853,58125055.93338185,778056,129,79.75072002,coinmetrics
2019-07-12,358858,73895419.94631507,899488,164,65.59104107,coinmetrics
2019-07-13,304776,63532037.880673245,645726,141,44.07356593,coinmetrics
2019-07-14,303453,65334365.19643704,592612,145,41.01575216,coinmetrics
2019-07-15,349052,65784947.02537798,757007,146,63.82421216,coinmetrics
2019-07-16,363942,72994256.28843316,794106,162,64.0050136,coinmetrics
2019-07-17,325893,59927383.24914565,739298,133,64.42962526,coinmetrics
2019-07-18,316059,54520401.301854275,740918,121,72.7331277,coinmetrics
2019-07-19,295703,53168655.81503144,732618,118,68.95390302,coinmetrics
2019-07-20,316713,79752983.72254743,702633,177,49.16011057,coinmetrics
2019-07-21,290166,67136692.51220085,558672,149,38.76320899,coinmetrics
2019-07-22,319856,71191928.97266938,708667,158,53.5000016,coinmetrics
2019-07-23,318384,64200324.93722811,702928,143,51.5849806,coinmetrics
2019-07-24,297882,62282811.34553916,733358,139,50.49958347,coinmetrics
2019-07-25,332671,67211666.91964662,764542,150,55.66599589,coinmetrics
2019-07-26,321796,74380911.39107564,750605,166,46.28908255,coinmetrics
2019-07-27,285151,68107822.47857523,587410,152,33.01944888,coinmetrics
2019-07-28,270123,78413611.40625447,521206,175,26.0906632,coinmetrics
2019-07-29,336634,75277066.95000428,738306,168,40.28511753,coinmetrics
2019-07-30,325262,63627044.68393211,737831,142,60.87568653,coinmetrics
2019-07-31,365194,76621300.28839722,786236,171,53.74546567,coinmetrics
2019-08-01,333913,63627044.68393211,752575,142,45.98827683,coinmetrics
2019-08-02,351743,75725144.72946858,775949,169,44.85070974,coinmetrics
2019-08-03,321871,77517455.84732585,612854,173,26.51199904,coinmetrics
2019-08-04,298741,74828989.17053996,583300,167,19.71626979,coinmetrics
2019-08-05,339296,70546861.81990622,807955,143,42.54627716,coinmetrics
2019-08-06,371039,79916269.03403816,850550,161,46.11675595,coinmetrics
2019-08-07,370946,75945274.29942758,819832,153,73.42653669,coinmetrics
2019-08-08,337539,70485156.53933802,815367,142,69.0523852,coinmetrics
2019-08-09,340632,72967028.24846964,749568,147,65.27047063,coinmetrics
2019-08-10,296009,74952525.61577493,596821,151,37.98790924,coinmetrics
2019-08-11,273676,75945274.29942758,550565,153,30.44368288,coinmetrics
2019-08-12,303296,66017787.46290111,660039,133,53.06476795,coinmetrics
2019-08-13,372239,77930771.66673285,873566,157,74.46917116,coinmetrics
2019-08-14,360140,75448899.95760125,750768,152,57.83331871,coinmetrics
2019-08-15,347508,77930771.66673285,701215,157,52.79450937,coinmetrics
2019-08-16,329465,72967028.24846964,706459,147,52.42472517,coinmetrics
2019-08-17,288730,63535915.753769495,565674,128,34.80798761,coinmetrics
2019-08-18,272544,62789407.41868819,526730,126,28.71825577,coinmetrics
2019-08-19,333840,82514504.79037575,711022,163,42.34524189,coinmetrics
2019-08-20,329880,77452265.23268399,743636,153,46.60562052,coinmetrics
2019-08-21,310110,68846457.984608,784357,136,52.75660419,coinmetrics
2019-08-22,321501,71377577.76345386,808723,141,53.33079656,coinmetrics
2019-08-23,341649,77452265.23268399,791057,153,41.25596635,coinmetrics
2019-08-24,302706,80995832.92306823,700721,160,29.77666527,coinmetrics
2019-08-25,288354,78464713.14422233,513916,155,21.4151521,coinmetrics
2019-08-26,320470,69352681.94037716,759470,137,33.76225794,coinmetrics
2019-08-27,324695,68340234.02883881,726784,135,33.91975743,coinmetrics
2019-08-28,339895,76439817.32114564,705437,151,33.68642163,coinmetrics
2019-08-29,346467,83526952.7019141,735396,165,33.77763975,coinmetrics
2019-08-30,353926,80995832.92306823,734849,160,34.72614932,coinmetrics
2019-08-31,334787,84033176.65768328,596235,166,23.62302465,coinmetrics
2019-09-01,286147,76105398.3346369,574358,143,20.2899689,coinmetrics
2019-09-02,332061,79786349.93155265,728155,149,28.99943648,coinmetrics
2019-09-03,370996,87818532.81056806,799532,164,38.78318742,coinmetrics
2019-09-04,324650,72825124.76973927,750620,136,37.57757625,coinmetrics
2019-09-05,354399,88354011.66916907,744004,165,36.83823511,coinmetrics
2019-09-06,361399,84605659.65896188,775304,158,36.97465158,coinmetrics
2019-09-07,313050,80321828.79015365,617013,150,26.77418786,coinmetrics
2019-09-08,288498,94779757.97238144,567664,177,21.6787786,coinmetrics
2019-09-09,316630,78179913.35574953,769573,146,32.88557616,coinmetrics
2019-09-10,338913,97457152.26538657,807975,182,37.43813532,coinmetrics
2019-09-11,335304,98528109.9825886,783950,184,34.61414561,coinmetrics
2019-09-12,339021,84605659.65896188,757805,158,29.37365806,coinmetrics
2019-09-13,304604,81990003.47587636,759154,150,27.2416988,coinmetrics
2019-09-14,305924,91618125.62606,652357,155,21.36946606,coinmetrics
2019-09-15,269747,86889448.17439239,554317,147,17.94707387,coinmetrics
2019-09-16,349425,96346803.07772762,779631,163,29.55001769,coinmetrics
2019-09-17,344330,87480532.85585083,777701,148,34.65289284,coinmetrics
2019-09-18,360321,102848734.57377057,855706,174,33.88577734,coinmetrics
2019-09-19,347535,87480532.85585083,733322,148,36.65973971,coinmetrics
2019-09-20,346533,89253786.90022619,742828,151,32.48868188,coinmetrics
2019-09-21,327703,98120057.12210296,625288,166,22.68372754,coinmetrics
2019-09-22,320368,98120057.12210296,606415,166,21.19514176,coinmetrics
2019-09-23,291156,67383653.68626347,735518,114,32.21229382,coinmetrics
2019-09-24,354704,92800294.9889769,840208,157,39.39312435,coinmetrics
2019-09-25,344325,92209210.30751845,783948,156,41.51101114,coinmetrics
2019-09-26,351788,102371761.97619785,739854,171,32.42606061,coinmetrics
2019-09-27,307940,83726816.31844728,714047,132,34.566148,coinmetrics
2019-09-28,314444,100852756.01994783,619808,159,23.03030148,coinmetrics
2019-09-29,288605,86263992.57052143,564381,136,21.19838469,coinmetrics
2019-09-30,310433,82458228.1924102,750859,130,42.3444204,coinmetrics
2019-10-01,331458,90704051.0116512,750562,143,46.8113573,coinmetrics
2019-10-02,329482,93875521.32674389,717573,148,37.24441562,coinmetrics
2019-10-03,327406,93241227.26372536,708956,147,38.11919539,coinmetrics
2019-10-04,336945,93241227.26372536,712900,147,27.4226199,coinmetrics
2019-10-05,327164,100218461.9569293,636638,158,19.12426052,coinmetrics
2019-10-06,271853,94509815.38976245,555377,149,16.34275049,coinmetrics
2019-10-07,329430,98315579.76787366,734959,155,24.70789654,coinmetrics
2019-10-08,332738,102755638.20900345,715311,162,27.54548003,coinmetrics
2019-10-09,313118,87532580.6965585,701690,138,30.55367406,coinmetrics
2019-10-10,349406,103742972.6980896,743456,162,33.77448814,coinmetrics
2019-10-11,346995,100875176.08460964,726820,156,27.79369901,coinmetrics
2019-10-12,294174,86002553.969571,578474,133,20.26668629,coinmetrics
2019-10-13,286586,91822275.66676003,555407,142,16.47569727,coinmetrics
2019-10-14,304204,87295825.4578352,694167,135,24.11943875,coinmetrics
2019-10-15,343443,98935268.85221331,712296,153,26.31916762,coinmetrics
2019-10-16,333799,92468911.41089214,733220,143,28.52811709,coinmetrics
2019-10-17,335681,96995361.61981696,730671,150,25.64717902,coinmetrics
2019-10-18,336621,103461719.06113812,673650,160,24.68669695,coinmetrics
2019-10-19,309836,91822275.66676003,643714,142,18.7267923,coinmetrics
2019-10-20,281555,94408818.6432885,546144,146,15.33117915,coinmetrics
2019-10-21,356016,102815083.317006,749935,159,21.05682496,coinmetrics
2019-10-22,343436,109281440.75832719,732596,169,22.17224471,coinmetrics
2019-10-23,342228,109314233.41859664,736263,168,30.72843106,coinmetrics
2019-10-24,308626,90520752.85884188,719988,133,29.90063186,coinmetrics
2019-10-25,329616,93923788.68060285,786680,138,36.39262077,coinmetrics
2019-10-26,303527,95285003.00930724,761194,140,47.50993569,coinmetrics
2019-10-27,259835,78269823.90050235,598714,115,33.85698681,coinmetrics
2019-10-28,305938,91201360.02319407,753434,134,38.62711701,coinmetrics
2019-10-29,309538,90520752.85884188,728736,133,34.74436063,coinmetrics
2019-10-30,308902,91201360.02319407,711325,134,33.05208778,coinmetrics
2019-10-31,300632,89840145.69448967,721957,132,36.60882594,coinmetrics
2019-11-01,315875,88478931.36578529,790414,130,39.84588331,coinmetrics
2019-11-02,284358,91201360.02319407,634816,134,27.27518395,coinmetrics
2019-11-03,288785,93923788.68060285,610943,138,25.67509242,coinmetrics
2019-11-04,310329,89840145.69448967,757129,132,48.70898899,coinmetrics
2019-11-05,335704,98007431.66671602,782184,144,43.61722185,coinmetrics
2019-11-06,310101,89840145.69448967,831199,132,38.39127647,coinmetrics
2019-11-07,331125,91495629.00498703,799136,135,40.58992089,coinmetrics
2019-11-08,312840,80936306.11613324,728522,128,41.34964558,coinmetrics
2019-11-09,296119,91053344.3806499,709807,144,27.92855803,coinmetrics
2019-11-10,305653,104964271.99436028,594556,166,24.29015957,coinmetrics
2019-11-11,327772,95479548.62137593,704180,151,29.72540037,coinmetrics
2019-11-12,301363,85362510.35685928,682025,135,29.43688924,coinmetrics
2019-11-13,316690,85362510.35685928,746140,135,33.14115824,coinmetrics
2019-11-14,346544,106861216.66895717,746968,169,29.48174335,coinmetrics
2019-11-15,328438,99905752.86210199,779428,158,30.10627686,coinmetrics
2019-11-16,280324,93582603.94677904,666406,148,22.55663644,coinmetrics
2019-11-17,267492,97376493.29597281,598140,154,21.08702459,coinmetrics
2019-11-18,306782,88524084.81452073,696269,140,28.67488306,coinmetrics
2019-11-19,325197,92950289.05524676,823018,147,33.74912621,coinmetrics
2019-11-20,320826,89788714.59758532,702168,142,27.40442548,coinmetrics
2019-11-21,326131,87206195.79641934,803455,137,37.61620988,coinmetrics
2019-11-22,303688,85127203.65307556,790198,132,38.88136686,coinmetrics
2019-11-23,312324,111568229.03016719,681817,173,21.7052758,coinmetrics
2019-11-24,264419,84482300.59509772,557217,131,16.9030352,coinmetrics
2019-11-25,283328,80612882.24723066,678695,125,33.29565689,coinmetrics
2019-11-26,319461,78678173.07329711,784964,122,39.22009621,coinmetrics
2019-11-27,312560,89641525.05892047,812540,139,33.50223775,coinmetrics
2019-11-28,316000,105119198.45038874,716192,163,26.52736725,coinmetrics
2019-11-29,305085,87706815.88498695,730014,136,32.57996189,coinmetrics
2019-11-30,284912,81257785.3052085,683831,126,27.73794039,coinmetrics
2019-12-01,268135,89641525.05892047,593329,139,21.14391287,coinmetrics
2019-12-02,318601,93510943.40678756,749060,145,26.29735921,coinmetrics
2019-12-03,333969,101894683.16049953,744688,158,25.41092659,coinmetrics
2019-12-04,332204,107698810.68230015,749562,167,29.28244482,coinmetrics
2019-12-05,319133,93362398.66941905,746859,145,23.51212497,coinmetrics
2019-12-06,311069,92816137.37716064,748047,145,25.0666879,coinmetrics
2019-12-07,282629,99217250.29972345,642350,155,17.67538179,coinmetrics
2019-12-08,278763,94736471.25392947,587017,148,14.40476798,coinmetrics
2019-12-09,316995,94736471.25392947,803439,148,22.5574718,coinmetrics
2019-12-10,321466,94736471.25392947,803226,148,23.31467953,coinmetrics
2019-12-11,288155,84494690.57782899,771631,132,23.89650554,coinmetrics
2019-12-12,310072,85134801.87008528,722853,133,22.58029974,coinmetrics
2019-12-13,329512,97296916.4229546,746512,152,23.17111236,coinmetrics
2019-12-14,291279,96656805.13069834,623464,151,14.73090744,coinmetrics
2019-12-15,258366,79373800.23977876,657604,124,20.48160067,coinmetrics
2019-12-16,330126,100497472.884236,777556,157,22.33105231,coinmetrics
2019-12-17,314849,90255692.20813552,875713,141,22.63123773,coinmetrics
2019-12-18,318200,85774913.16234156,751472,134,27.75214475,coinmetrics
2019-12-19,319162,100640144.00517273,725702,157,28.67218463,coinmetrics
2019-12-20,332107,100413778.96363248,708265,156,25.26868884,coinmetrics
2019-12-21,305042,113287340.36922646,610208,176,16.33587037,coinmetrics
2019-12-22,282133,108781593.87726857,589250,169,12.84999447,coinmetrics
2019-12-23,313917,92045964.0499964,727796,143,19.27416664,coinmetrics
2019-12-24,283750,80459758.78496182,649535,125,17.33769944,coinmetrics
2019-12-25,241535,82390792.9958009,537049,128,12.94986444,coinmetrics
2019-12-26,302825,107494237.73670918,653003,167,19.25040961,coinmetrics
2019-12-27,325259,93333320.1905558,721861,145,17.66168583,coinmetrics
2019-12-28,291276,95908032.4716746,611206,149,13.08987557,coinmetrics
2019-12-29,281440,99770100.89335278,589993,155,12.62531842,coinmetrics
2019-12-30,326626,106850559.66642946,735877,166,16.05903803,coinmetrics
2019-12-31,289968,93333320.1905558,657164,145,14.72448457,coinmetrics
2020-01-01,251867,112929774.50430365,524360,174,9.88624584,coinmetrics
2020-01-02,291935,96717718.31238091,671016,141,13.72092988,coinmetrics
2020-01-03,323153,115924073.72193182,721747,169,16.61093093,coinmetrics
2020-01-04,282301,115238132.457305,611397,168,12.14848956,coinmetrics
2020-01-05,288212,111808426.13417092,597061,163,11.89008149,coinmetrics
2020-01-06,297843,92602070.72462001,724219,135,20.52394116,coinmetrics
2020-01-07,347212,120725662.57431954,775757,176,25.8148978,coinmetrics
2020-01-08,318633,97403659.57700774,754553,142,31.09413688,coinmetrics
2020-01-09,322838,107692778.54641,773570,157,29.98803411,coinmetrics
2020-01-10,332463,102205248.42939548,792103,149,32.45580749,coinmetrics
2020-01-11,303555,111808426.13417092,640445,163,17.8069863,coinmetrics
2020-01-12,278853,103577130.9586491,581504,151,14.32472421,coinmetrics
2020-01-13,299786,98089600.84163456,705443,143,18.08368461,coinmetrics
2020-01-14,346978,99850250.9686384,850757,145,26.53385378,coinmetrics
2020-01-15,328833,110915119.36618419,759192,151,31.00065728,coinmetrics
2020-01-16,326587,116791417.08094886,739283,159,23.75953935,coinmetrics
2020-01-17,323884,116791417.08094886,756728,159,24.37864596,coinmetrics
2020-01-18,290970,96958912.29361789,649187,132,18.18036187,coinmetrics
2020-01-19,282105,110180582.1518386,622774,150,16.02521748,coinmetrics
2020-01-20,312967,111649656.58052978,741539,152,17.8483709,coinmetrics
2020-01-21,311835,112384193.79487537,756250,153,20.60207064,coinmetrics
2020-01-22,326380,114587805.43791209,771727,156,21.32645178,coinmetrics
2020-01-23,337280,116791417.08094886,789764,159,21.59230675,coinmetrics
2020-01-24,311823,111649656.58052978,720051,152,15.67738221,coinmetrics
2020-01-25,283292,120464103.15267676,665971,164,11.37557861,coinmetrics
2020-01-26,256739,105038821.65141945,544915,143,10.36229717,coinmetrics
2020-01-27,285400,94755300.65058112,726725,129,20.76459228,coinmetrics
2020-01-28,339784,107492950.68599442,812560,142,22.34831969,coinmetrics
2020-01-29,340075,123011831.71279211,767507,160,20.28226774,coinmetrics
2020-01-30,332584,119936535.91997233,765495,156,19.90003677,coinmetrics
2020-01-31,329369,110710648.54151301,762130,144,22.2899417,coinmetrics
2020-02-01,304884,116092416.17894764,743933,151,17.75920966,coinmetrics
2020-02-02,292383,109941824.59330806,706042,143,16.59845485,coinmetrics
2020-02-03,336226,113785944.3343328,879860,148,21.95770671,coinmetrics
2020-02-04,307816,101484761.16305356,764885,132,23.85357125,coinmetrics
2020-02-05,363153,122243007.76458718,823713,159,24.99615264,coinmetrics
2020-02-06,321928,103791233.00766842,765225,135,28.15307607,coinmetrics
2020-02-07,333319,106866528.80048823,865396,139,30.87725014,coinmetrics
2020-02-08,315526,106866528.80048823,709380,139,20.96670859,coinmetrics
2020-02-09,318974,117630064.07535753,695691,153,20.02549756,coinmetrics
2020-02-10,295461,93796521.681004,703356,122,28.26855498,coinmetrics
2020-02-11,361869,114210895.7545908,885934,148,33.94424776,coinmetrics
2020-02-12,350973,109742275.1892226,822547,142,38.29046921,coinmetrics
2020-02-13,336765,108969442.26535484,815808,141,34.63479347,coinmetrics
2020-02-14,329123,104332444.72214827,741471,135,32.91772289,coinmetrics
2020-02-15,316931,109742275.1892226,736640,142,27.63375097,coinmetrics
2020-02-16,299527,109742275.1892226,655188,142,22.16629317,coinmetrics
2020-02-17,337935,121334769.04723918,773751,157,24.86386761,coinmetrics
2020-02-18,327054,115924938.58016479,783570,150,30.70683728,coinmetrics
2020-02-19,340104,108969442.26535484,792783,141,31.31333496,coinmetrics
2020-02-20,311982,97376948.40733843,766448,126,27.26710294,coinmetrics
2020-02-21,341390,119016270.27563587,768521,154,23.7836571,coinmetrics
2020-02-22,300166,114379272.73242924,660812,148,17.90379811,coinmetrics
2020-02-23,289114,109742275.1892226,622397,142,16.93047175,coinmetrics
2020-02-24,328045,108969442.26535484,758122,141,22.98117293,coinmetrics
2020-02-25,339313,111005384.3400511,743278,144,25.13210161,coinmetrics
2020-02-26,328537,104700775.42728595,778003,136,29.4826701,coinmetrics
2020-02-27,338194,113169220.49861053,777389,147,26.8926774,coinmetrics
2020-02-28,361653,121637665.56993525,778213,158,25.33222814,coinmetrics
2020-02-29,309086,107010351.35582903,679597,139,18.45936649,coinmetrics
2020-03-01,312717,136264979.78404152,674209,177,14.47682229,coinmetrics
2020-03-02,341655,114708937.78430595,829550,149,23.27773824,coinmetrics
2020-03-03,346828,117788372.35569674,840712,153,24.9233851,coinmetrics
2020-03-04,350503,128566393.35556455,857423,167,23.66006776,coinmetrics
2020-03-05,350421,125486958.78417374,793221,163,24.49823848,coinmetrics
2020-03-06,338758,119328089.64139213,804945,155,26.72650429,coinmetrics
2020-03-07,313782,120867806.92708752,682432,157,18.43739742,coinmetrics
2020-03-08,304534,121637665.56993525,654911,158,16.31170846,coinmetrics
2020-03-09,347351,120142063.4511651,809850,150,25.76748365,coinmetrics
2020-03-10,329508,108616241.39191228,807778,132,27.85651202,coinmetrics
2020-03-11,290284,97919187.31543607,728889,119,30.50425847,coinmetrics
2020-03-12,346057,124250397.34983888,909601,151,60.27268581,coinmetrics
2020-03-13,279662,102856289.19688664,786409,125,84.53514729,coinmetrics
2020-03-14,276029,105324840.13761191,772769,128,53.38664899,coinmetrics
2020-03-15,224876,97919187.31543607,629326,119,42.20753235,coinmetrics
2020-03-16,269587,97919187.31543607,725120,119,61.87674265,coinmetrics
2020-03-17,279277,101210588.56973645,765477,123,62.61810511,coinmetrics
2020-03-18,233212,82285031.35750929,633373,100,60.56676788,coinmetrics
2020-03-19,265543,88044983.55253497,709786,107,68.82659617,coinmetrics
2020-03-20,282852,89690684.17968515,734614,109,79.23757339,coinmetrics
2020-03-21,238359,102033438.88331154,637554,124,44.31800726,coinmetrics
2020-03-22,215499,104501989.82403682,579901,127,35.51525371,coinmetrics
2020-03-23,256978,92159235.12041043,667486,112,50.41681163,coinmetrics
2020-03-24,280363,108616241.39191228,736233,132,44.46381529,coinmetrics
2020-03-25,219772,75702228.84890854,587460,92,46.56217239,coinmetrics
2020-03-26,286521,111836546.3991491,889704,160,53.57566262,coinmetrics
2020-03-27,273175,107197274.86378047,807651,155,40.79857662,coinmetrics
2020-03-28,241957,93365368.42974424,627230,135,28.732255,coinmetrics
2020-03-29,234751,104430893.57697324,591287,151,21.32088094,coinmetrics
2020-03-30,278279,101664512.29016598,770915,147,26.21496686,coinmetrics
2020-03-31,288338,109963656.15058772,816889,159,28.94855293,coinmetrics
2020-04-01,285331,105814084.22037683,824108,153,27.42464444,coinmetrics
2020-04-02,300020,105814084.22037683,798186,153,24.55164987,coinmetrics
2020-04-03,276158,91290582.4646388,750332,132,25.84589966,coinmetrics
2020-04-04,255653,108580465.50718409,657862,157,16.47818248,coinmetrics
2020-04-05,237774,121029181.2978167,596364,175,13.48082669,coinmetrics
2020-04-06,282652,88524201.17783155,780832,128,21.49900893,coinmetrics
2020-04-07,310534,116188014.04590404,938358,168,25.02642565,coinmetrics
2020-04-08,283150,103260704.52088556,760207,144,22.45575263,coinmetrics
2020-04-09,289249,112650577.82639459,730620,154,23.38032638,coinmetrics
2020-04-10,286082,119234053.15391117,735297,163,20.58873326,coinmetrics
2020-04-11,249141,116308064.11945938,634944,159,13.78333895,coinmetrics
2020-04-12,232510,111919080.56778164,618062,153,13.10795615,coinmetrics
2020-04-13,281944,125086031.2228148,764583,171,16.39071572,coinmetrics
2020-04-14,303129,122891539.44697595,843493,168,23.37958223,coinmetrics
2020-04-15,309402,123623036.70558889,926278,169,26.05087792,coinmetrics
2020-04-16,321911,112650577.82639459,880665,154,28.55316429,coinmetrics
2020-04-17,287202,92900151.8438449,844316,127,25.52914511,coinmetrics
2020-04-18,285552,115576566.86084642,847811,158,19.1355429,coinmetrics
2020-04-19,254065,111187583.3091687,718815,152,15.68324255,coinmetrics
2020-04-20,307154,117771058.63668527,842251,161,21.88057006,coinmetrics
2020-04-21,311455,116039619.81187667,818062,149,23.40630527,coinmetrics
2020-04-22,283681,103923467.23346883,762361,131,26.32081641,coinmetrics
2020-04-23,327396,112649865.24543951,935989,142,41.22774666,coinmetrics
2020-04-24,317682,114236483.06579782,893187,144,36.24518432,coinmetrics
2020-04-25,278517,107890011.7843646,813456,136,27.58160072,coinmetrics
2020-04-26,257046,108683320.69454375,724250,137,21.33607092,coinmetrics
2020-04-27,311090,111856556.33526036,876229,141,28.07740054,coinmetrics
2020-04-28,326468,122169572.16758937,926669,154,27.51674127,coinmetrics
2020-04-29,330308,115029791.97597697,911617,145,53.53878,coinmetrics
2020-04-30,320861,107096702.87418543,947585,135,108.68255065,coinmetrics
2020-05-01,330551,111856556.33526036,955523,141,106.72348118,coinmetrics
2020-05-02,292646,117409718.70651443,970554,148,68.955651,coinmetrics
2020-05-03,283545,133275896.91009754,909805,168,57.64103813,coinmetrics
2020-05-04,324017,125342807.80830598,889636,158,66.64723602,coinmetrics
2020-05-05,327645,126330903.87563805,970464,158,71.76537045,coinmetrics
2020-05-06,334650,123288445.65559772,972369,154,68.71352199,coinmetrics
2020-05-07,343684,117684425.39852506,1020443,147,90.91447074,coinmetrics
2020-05-08,324693,109678682.17413558,949216,137,104.01051198,coinmetrics
2020-05-09,310119,108878107.85169664,906900,136,85.19552167,coinmetrics
2020-05-10,283795,136097634.81462088,869262,170,62.21652357,coinmetrics
2020-05-11,311653,125690168.62291455,999192,157,92.13805594,coinmetrics
2020-05-12,342304,116883851.07608612,954129,146,107.9413384,coinmetrics
2020-05-13,299956,95268344.37023449,858458,119,112.15347886,coinmetrics
2020-05-14,268116,91265472.75803976,880861,114,146.44154829,coinmetrics
2020-05-15,311224,100071790.3048682,895670,125,159.72724081,coinmetrics
2020-05-16,295280,100872364.62730715,880534,126,107.92182736,coinmetrics
2020-05-17,236007,81658580.88877237,763444,102,99.24350293,coinmetrics
2020-05-18,275691,102473513.27218504,970423,128,169.12818517,coinmetrics
2020-05-19,272964,92066047.08047871,890493,115,182.03040512,coinmetrics
2020-05-20,276199,86731596.76375672,865708,115,191.32284729,coinmetrics
2020-05-21,302259,98579623.70355071,928630,131,203.92754802,coinmetrics
2020-05-22,278942,83529299.47400093,797526,111,157.24802245,coinmetrics
2020-05-23,267042,89549429.16582084,848702,119,103.09663982,coinmetrics
2020-05-24,216545,87291880.53138837,807939,116,74.66233418,coinmetrics
2020-05-25,267395,94064526.43468578,828919,125,92.89316062,coinmetrics
2020-05-26,286759,93312010.2232083,852839,124,76.69532051,coinmetrics
2020-05-27,299984,103847237.18389316,913075,138,79.93457174,coinmetrics
2020-05-28,299064,98579623.70355071,866559,131,89.19391746,coinmetrics
2020-05-29,282773,95569558.85764076,852420,127,93.15375088,coinmetrics
2020-05-30,284116,117392528.99048796,902498,156,67.87440774,coinmetrics
2020-05-31,258529,112877431.72162303,801889,150,62.06383519,coinmetrics
2020-06-01,302044,100837172.33798319,870833,134,78.16103408,coinmetrics
2020-06-02,308948,97074591.28059575,899961,129,98.97509068,coinmetrics
2020-06-03,311153,104599753.39537065,950153,139,80.4854491,coinmetrics
2020-06-04,315771,108319274.22458893,884109,151,61.68654873,coinmetrics
2020-06-05,331389,122192367.72521374,918647,179,56.36753873,coinmetrics
2020-06-06,281291,133797229.46448,771819,196,31.22535054,coinmetrics
2020-06-07,254724,108539589.20842996,690992,159,26.73099427,coinmetrics
2020-06-08,316297,110587505.98594747,986341,162,41.62373052,coinmetrics
2020-06-09,328115,109222228.13426913,910121,160,35.03621968,coinmetrics
2020-06-10,324907,111952783.83762586,909669,164,38.80315253,coinmetrics
2020-06-11,336672,126288201.28024888,1048342,185,38.65136462,coinmetrics
2020-06-12,309817,111270144.91178666,909615,163,29.24512633,coinmetrics
2020-06-13,283164,107856950.28259078,800767,158,21.00629044,coinmetrics
2020-06-14,279097,116048617.392661,698545,170,16.54032953,coinmetrics
2020-06-15,292792,94204171.7658072,867844,138,35.15348673,coinmetrics
2020-06-16,343031,106884937.53919552,986219,150,51.12808062,coinmetrics
2020-06-17,330975,108283617.57348618,918592,138,46.74662944,coinmetrics
2020-06-18,283106,96513659.14158547,854866,123,45.46982149,coinmetrics
2020-06-19,345029,112206937.0507864,947402,143,49.09985578,coinmetrics
2020-06-20,281510,107498953.67802612,760742,137,29.45312391,coinmetrics
2020-06-21,256980,114560928.73716654,710176,146,24.76545336,coinmetrics
2020-06-22,307776,112206937.0507864,850006,143,37.15312529,coinmetrics
2020-06-23,351192,123976895.48268713,1034537,158,45.34851055,coinmetrics
2020-06-24,311143,109068281.46894622,917620,139,41.88712373,coinmetrics
2020-06-25,315538,110637609.25986633,901033,141,40.70263507,coinmetrics
2020-06-26,328405,128684878.8554474,929963,164,33.82777488,coinmetrics
2020-06-27,272210,108283617.57348618,761896,138,22.83566607,coinmetrics
2020-06-28,265941,117699584.31900674,686270,150,19.62706147,coinmetrics
2020-06-29,314488,113776264.8417065,962232,145,33.58240058,coinmetrics
2020-06-30,306323,115344545.21897343,926238,147,44.57266433,coinmetrics
2020-07-01,378081,127111309.03923196,1078007,162,62.00664121,coinmetrics
2020-07-02,339419,128680584.45946935,951042,164,55.86321829,coinmetrics
2020-07-03,327948,127895946.74935065,944676,163,53.37312751,coinmetrics
2020-07-04,292761,123188120.4886384,799989,157,31.92033391,coinmetrics
2020-07-05,273114,127895946.74935065,771473,163,25.05190941,coinmetrics
2020-07-06,337284,120834207.3582823,989688,154,36.81814867,coinmetrics
2020-07-07,349022,126326671.32911325,969354,161,41.41658898,coinmetrics
2020-07-08,347004,118480294.22792618,1024085,151,48.54780381,coinmetrics
2020-07-09,360126,128680584.45946935,1033334,164,53.8696232,coinmetrics
2020-07-10,345294,126326671.32911325,976205,161,48.38790157,coinmetrics
2020-07-11,310565,122403482.7785197,885970,156,33.38960187,coinmetrics
2020-07-12,280425,119264931.93804488,745665,152,23.79991734,coinmetrics
2020-07-13,311275,121474836.12740125,909653,147,41.91947706,coinmetrics
2020-07-14,357160,124167138.54257391,993499,144,62.00847811,coinmetrics
2020-07-15,318436,118993507.76996668,971186,138,66.36944265,coinmetrics
2020-07-16,347671,117268964.1790976,966383,136,78.42071329,coinmetrics
2020-07-17,290533,101748071.86127587,847984,118,77.54075651,coinmetrics
2020-07-18,313304,112095333.40649036,892684,130,74.50556433,coinmetrics
2020-07-19,274629,112957605.20192489,872974,131,46.59487063,coinmetrics
2020-07-20,312187,121580323.1562703,940265,141,79.51494325,coinmetrics
2020-07-21,313100,107783974.42931765,927506,125,104.7056034,coinmetrics
2020-07-22,362798,124167138.54257391,1017627,144,142.10036019,coinmetrics
2020-07-23,336506,117268964.1790976,977856,136,134.74488564,coinmetrics
2020-07-24,369218,138825759.0649611,1083981,161,123.60039598,coinmetrics
2020-07-25,290603,122442594.95170484,972156,142,88.52578136,coinmetrics
2020-07-26,301312,136238943.6786575,999311,158,76.19883384,coinmetrics
2020-07-27,325521,128082098.07778554,1022491,149,124.39804418,coinmetrics
2020-07-28,354433,121437040.3952344,1059084,145,188.97272261,coinmetrics
2020-07-29,348023,123949530.88617033,1039672,148,175.19797667,coinmetrics
2020-07-30,329417,113062072.09211469,968423,135,179.7369445,coinmetrics
2020-07-31,355688,128137015.03773022,1062923,153,171.2763798,coinmetrics
2020-08-01,292274,114737065.75273862,954055,137,123.59327892,coinmetrics
2020-08-02,287133,118087053.07398653,950873,141,106.96085099,coinmetrics
2020-08-03,334722,135674486.51053798,1080975,162,130.13640793,coinmetrics
2020-08-04,331448,121437040.3952344,1003351,145,113.52550008,coinmetrics
2020-08-05,291603,108037091.11024292,957619,129,138.97675331,coinmetrics
2020-08-06,355285,130649505.52866612,1120216,156,191.7937623,coinmetrics
2020-08-07,327415,127299518.20741823,1049182,152,136.31258215,coinmetrics
2020-08-08,277399,118924549.9042985,951540,142,77.86909416,coinmetrics
2020-08-09,275199,130649505.52866612,911571,156,64.51935152,coinmetrics
2020-08-10,307280,114926419.49958968,967780,137,134.0279181,coinmetrics
2020-08-11,348465,129741892.84212302,1086328,154,151.46100591,coinmetrics
2020-08-12,342524,132269332.31307347,1049344,157,123.88813011,coinmetrics
2020-08-13,330257,123844534.076572,952528,147,111.10851906,coinmetrics
2020-08-14,364429,140694130.54957497,1086754,167,104.97094339,coinmetrics
2020-08-15,309355,131426852.48942332,973628,156,65.83429852,coinmetrics
2020-08-16,293129,128056933.19482274,892624,152,62.0881681,coinmetrics
2020-08-17,289826,105309977.95626877,878796,125,84.36692232,coinmetrics
2020-08-18,345122,117947175.31102097,1008612,140,157.16400815,coinmetrics
2020-08-19,336660,116262215.6637207,988648,138,149.28061929,coinmetrics
2020-08-20,331546,123002054.25292186,994559,146,128.9816647,coinmetrics
2020-08-21,313078,130584372.66577318,1095556,155,138.27114309,coinmetrics
2020-08-22,308966,114577256.0164204,950674,136,88.82807921,coinmetrics
2020-08-23,287940,132269332.31307347,906460,157,58.90756952,coinmetrics
2020-08-24,334304,128593100.89647324,944242,149,79.47876827,coinmetrics
2020-08-25,301021,111720008.69546545,951716,128,92.25996052,coinmetrics
2020-08-26,328396,123939384.64653216,1030264,142,108.35942946,coinmetrics
2020-08-27,324735,112592821.26339878,947577,129,121.61482967,coinmetrics
2020-08-28,352344,142268448.5731322,1080096,163,102.85521471,coinmetrics
2020-08-29,291205,127430634.91826549,972062,146,64.38627267,coinmetrics
2020-08-30,266126,110847196.12753214,821271,127,63.86730363,coinmetrics
2020-08-31,310357,130921885.18999885,935410,150,94.76992915,coinmetrics
2020-09-01,371778,134413135.46173215,1074307,154,123.86992608,coinmetrics
2020-09-02,320017,125685009.78239882,1029017,144,129.63903054,coinmetrics
2020-09-03,309835,112592821.26339878,983249,129,136.01387206,coinmetrics
2020-09-04,300021,117829696.6709988,1004854,135,155.41992666,coinmetrics
2020-09-05,324594,123066572.07859881,984198,141,117.95895392,coinmetrics
2020-09-06,258964,130921885.18999885,988383,150,68.47597667,coinmetrics
2020-09-07,328020,151709442.06778005,1086059,175,97.73599556,coinmetrics
2020-09-08,329714,133652505.32879294,974053,155,81.98502093,coinmetrics
2020-09-09,321941,128478859.9612268,968245,149,93.03114274,coinmetrics
2020-09-10,343183,136239328.01257607,1103924,158,110.61035344,coinmetrics
2020-09-11,308280,118993843.45402217,951505,138,91.52153463,coinmetrics
2020-09-12,297027,146586618.7477084,890683,170,57.79315128,coinmetrics
2020-09-13,256977,139688424.92428684,803998,162,49.54046694,coinmetrics
2020-09-14,353963,151760264.11527455,1016193,176,76.15743176,coinmetrics
2020-09-15,335248,134514779.55672064,976024,156,77.9277518,coinmetrics
2020-09-16,340027,133652505.32879294,1064243,155,76.27787119,coinmetrics
2020-09-17,347774,153484812.57112998,1101957,178,70.92270701,coinmetrics
2020-09-18,326660,142275247.6080699,974291,165,70.31945472,coinmetrics
2020-09-19,292875,128478859.9612268,892685,149,45.95832196,coinmetrics
2020-09-20,261651,135654384.57842135,820833,142,33.79408106,coinmetrics
2020-09-21,299730,139219832.7594406,946997,145,62.31195942,coinmetrics
2020-09-22,311008,123857644.31701958,968239,129,74.59113089,coinmetrics
2020-09-23,349540,136339422.42648664,1013565,142,96.51095568,coinmetrics
2020-09-24,318555,131538738.53823009,943668,137,81.64235754,coinmetrics
2020-09-25,345399,162263115.42307213,1140261,169,75.64534972,coinmetrics
2020-09-26,281747,144020516.64769718,952990,150,42.28706526,coinmetrics
2020-09-27,258919,145940790.2029998,784428,152,36.87713689,coinmetrics
2020-09-28,297685,123857644.31701958,884124,129,58.79373725,coinmetrics
2020-09-29,345931,135379285.64883533,998051,141,83.15732602,coinmetrics
2020-09-30,351403,149781337.31360504,1118241,156,93.96886874,coinmetrics
2020-10-01,304377,119056960.428763,922880,124,104.92605554,coinmetrics
2020-10-02,315938,130578601.76057877,996361,136,121.31761787,coinmetrics
2020-10-03,303899,144980653.4253485,1002444,151,69.1389914,coinmetrics
2020-10-04,274508,151587945.74942547,923546,158,57.06685152,coinmetrics
2020-10-05,295868,134303836.4311297,946902,140,100.04754586,coinmetrics
2020-10-06,318289,124710705.25747761,978521,130,114.46013121,coinmetrics
2020-10-07,369576,144856280.72214702,1063425,151,108.33383901,coinmetrics
2020-10-08,329472,155408725.0131643,1033122,162,103.39374193,coinmetrics
2020-10-09,339374,136222462.66586015,1006667,142,110.16141041,coinmetrics
2020-10-10,294652,137181775.7832253,917402,143,75.12837831,coinmetrics
2020-10-11,257292,134303836.4311297,791020,140,51.72072143,coinmetrics
2020-10-12,315903,142937654.4874166,945894,149,75.1001319,coinmetrics
2020-10-13,330320,159245977.48262516,1049377,166,73.30905492,coinmetrics
2020-10-14,318750,142937654.4874166,952949,149,74.9332009,coinmetrics
2020-10-15,337702,144856280.72214702,1035214,151,76.76943659,coinmetrics
2020-10-16,319791,148693533.19160783,973228,155,63.13531232,coinmetrics
2020-10-17,278655,152593470.69353917,851147,157,35.50804748,coinmetrics
2020-10-18,234650,119288755.69898535,744786,120,37.25801212,coinmetrics
2020-10-19,303148,124259120.51977639,930306,125,51.19663268,coinmetrics
2020-10-20,331386,143146506.83878234,1011847,144,78.26525349,coinmetrics
2020-10-21,308240,129229485.34056745,1013298,130,119.36065891,coinmetrics
2020-10-22,341549,136187996.0896749,1048775,137,166.80996828,coinmetrics
2020-10-23,321018,130223558.30472566,977710,131,140.25215872,coinmetrics
2020-10-24,304224,151099090.55204803,1098917,152,93.3237912,coinmetrics
2020-10-25,242596,116306536.80651072,851199,117,63.99985103,coinmetrics
2020-10-26,255058,109348026.05740325,825846,110,117.7810379,coinmetrics
2020-10-27,255102,98413223.45166297,827512,99,195.65821025,coinmetrics
2020-10-28,259212,99407296.41582118,817505,100,226.40877873,coinmetrics
2020-10-29,277836,107359880.12908687,887772,108,261.20613671,coinmetrics
2020-10-30,267995,110342099.02156149,901403,111,264.8941163,coinmetrics
2020-10-31,274513,112330244.9498779,875335,113,255.82083537,coinmetrics
2020-11-01,276664,124259120.51977639,897445,125,179.25705954,coinmetrics
2020-11-02,225214,94436931.59503014,777173,95,215.46989198,coinmetrics
2020-11-03,330051,123534519.48211516,1029970,140,283.29122639,coinmetrics
2020-11-04,319925,132689483.09191571,1175181,159,205.82925032,coinmetrics
2020-11-05,319993,122675182.48120517,1071518,147,266.01134465,coinmetrics
2020-11-06,334639,127682332.786560301594257560297699025,1080743,153,228.91087168,coinmetrics
2020-11-07,273328,121840657.43031262,1055012,146,136.73902777,coinmetrics
2020-11-08,243396,115164457.02317227,920529,138,93.51738948,coinmetrics
2020-11-09,320528,154387134.41512182,1188873,185,141.12679205,coinmetrics
2020-11-10,308276,122675182.48120517,1026623,147,156.33777491,coinmetrics
2020-11-11,318925,122675182.48120517,1004339,147,105.98483935,coinmetrics
2020-11-12,329630,133524008.14280823,1064270,160,105.30762673,coinmetrics
2020-11-13,301426,115998982.341112604008503904519886168433096,999523,139,100.3890895,coinmetrics
2020-11-14,272079,118502557.093218232552515851680993803283452,915336,142,56.23647606,coinmetrics
2020-11-15,248137,125178757.6338828,845204,150,42.34032535,coinmetrics
2020-11-16,312340,135735925.23468184,1041491,160,84.52964229,coinmetrics
2020-11-17,350945,137334451.150486295540826120288331810171956,1142716,157,91.44362315,coinmetrics
2020-11-18,362407,147831351.5740522,1197076,169,98.6483144,coinmetrics
2020-11-19,309724,119839616.504722658545603407843570361335978,1052034,137,92.83101157,coinmetrics
2020-11-20,346562,146956610.268637700109096471548569496507934,1177776,168,74.90910661,coinmetrics
2020-11-21,308830,147831351.5740522,1007240,169,46.76982834,coinmetrics
2020-11-22,273653,152205060.20050347,875364,174,32.02519045,coinmetrics
2020-11-23,301519,128587033.61766668,1014814,147,58.86318321,coinmetrics
2020-11-24,330918,118964874.63947392,1052398,136,86.72336781,coinmetrics
2020-11-25,362628,135584967.559947123399508130212617886335978,1127776,155,97.856615,coinmetrics
2020-11-26,321713,131211259.213413235255191749179521971507934,1115848,150,103.38698218,coinmetrics
2020-11-27,323696,134710225.69469845,1099990,154,84.44098525,coinmetrics
2020-11-28,292638,134710225.69469845,1038684,154,55.62880464,coinmetrics
2020-11-29,259705,135787629.27682322,875712,150,39.65689557,coinmetrics
2020-11-30,262264,107610727.91731204,903580,113,75.91554544,coinmetrics
2020-12-01,378285,144750713.6586849,1179012,152,147.17867432,coinmetrics
2020-12-02,327335,124752259.7979457,1015318,131,128.55952506,coinmetrics
2020-12-03,343706,149512250.29219425,1165469,157,145.3310132,coinmetrics
2020-12-04,315591,137132255.04506996,1070208,144,106.80439393,coinmetrics
2020-12-05,283933,137132255.04506996,1077064,144,71.55543218,coinmetrics
2020-12-06,256611,129513796.43145503,906549,136,46.2850412,coinmetrics
2020-12-07,305857,142846099.0052812,1017188,150,69.46375134,coinmetrics
2020-12-08,329557,137132255.04506996,1057637,144,72.56967384,coinmetrics
2020-12-09,323845,132370718.716298855792566057019677772096088,1059284,139,73.17642539,coinmetrics
2020-12-10,311527,123799952.47124383,995137,130,72.52959727,coinmetrics
2020-12-11,304342,131418411.08485878,1078069,138,71.18650492,coinmetrics
2020-12-12,296177,125704567.12464757,962538,132,48.85952084,coinmetrics
2020-12-13,274709,148342069.0427936,938739,156,38.59964076,coinmetrics
2020-12-14,313940,134574370.800974739387185866461403088406192,977389,145,59.86704038,coinmetrics
2020-12-15,322798,129933875.82961448,1047043,140,70.23419998,coinmetrics
2020-12-16,313973,132718173.762804250021973325005810511593808,1098912,143,83.08817579,coinmetrics
2020-12-17,308001,119724785.58585908,1066159,129,164.4657575,coinmetrics
2020-12-18,377227,145711560.75178188,1194851,157,195.70631342,coinmetrics
2020-12-19,339766,146639659.567859257174437068197530581703096,1158142,158,114.96731243,coinmetrics
2020-12-20,282293,140142965.924874375939508331965568690851548,1075417,151,73.67000639,coinmetrics
2020-12-21,274086,126221478.783356645968149641728052663406192,1126710,136,142.0157836,coinmetrics
2020-12-22,322307,132718173.762804250021973325005810511593808,1095221,143,133.41413968,coinmetrics
2020-12-23,337585,142927263.4125759,1138302,154,142.74145818,coinmetrics
2020-12-24,271363,116940488.24665305,969168,126,106.72663836,coinmetrics
2020-12-25,298020,133646272.28188917,1021183,144,88.26712103,coinmetrics
2020-12-26,277615,127149578.49040844,957062,137,71.30821168,coinmetrics
2020-12-27,304240,137344635.42361856,1049825,148,89.69825858,coinmetrics
2020-12-28,314503,147934525.66917643,1154354,160,102.75293568,coinmetrics
2020-12-29,334580,140537799.38571763,1146131,152,104.81623265,coinmetrics
2020-12-30,340919,159029615.0943647,1221579,172,107.45673782,coinmetrics
2020-12-31,338444,153482070.677639541788407976074272574926684,1193822,166,109.73464271,coinmetrics
2021-01-01,261318,137764026.733551449125853441822306987573316,1001890,149,48.65132609,coinmetrics
2021-01-02,297595,139613208.60028526,1140633,151,81.97052081,coinmetrics
2021-01-03,359641,146085344.09831175,1184688,158,85.00530179,coinmetrics
2021-01-04,370865,159954206.027731482583992964579016162463342,1270082,173,109.54747814,coinmetrics
2021-01-05,355008,145160753.608748370619429078420084587426684,1230529,157,114.15544995,coinmetrics
2021-01-06,398455,163652569.02152643,1344921,177,128.44155786,coinmetrics
2021-01-07,402123,155331252.396438772161801885223716974890026,1292297,168,122.79717236,coinmetrics
2021-01-08,358440,136839436.2439882,1237271,148,135.8746709,coinmetrics
2021-01-09,318922,134307072.19635198,1094947,139,108.18061856,coinmetrics
2021-01-10,332604,162879650.92477036,1177151,159,91.96246653,coinmetrics
2021-01-11,333441,157757649.32336253,1211948,154,137.49163569,coinmetrics
2021-01-12,336350,151611247.729481136121225611494754763502772,1202314,148,163.45319692,coinmetrics
2021-01-13,320071,155708849.338415536817576001913262127005544,1163164,152,137.09102501,coinmetrics
2021-01-14,338553,150586847.08139154,1167975,147,142.05322602,coinmetrics
2021-01-15,345053,158782049.807548106737105117602766544251386,1209589,155,146.268094,coinmetrics
2021-01-16,308421,150586846.589679305344404336765751817245842,1115276,147,87.66722907,coinmetrics
2021-01-17,268872,136245242.433545364112645324549728255748614,1002014,133,64.49934386,coinmetrics
2021-01-18,313873,148538046.4408284,1077578,145,85.27979158,coinmetrics
2021-01-19,326366,152635647.7219547,1095890,149,98.06347951,coinmetrics
2021-01-20,315516,144440445.15970212,1107233,141,95.2507255,coinmetrics
2021-01-21,288464,132147640.824610963416294934131220892245842,1059467,129,121.05707506,coinmetrics
2021-01-22,326671,144440445.15970212,1115180,141,114.46279896,coinmetrics
2021-01-23,303320,160859266.69140872,1128728,156,73.30004331,coinmetrics
2021-01-24,254109,143884925.71895775357160619164473073640886,1004162,139,58.54660223,coinmetrics
2021-01-25,312958,144920068.40457904590282799279455657609114,1121794,140,100.70751127,coinmetrics
2021-01-26,335923,166658079.04619855,1182517,161,82.21951972,coinmetrics
2021-01-27,323598,146990355.43205088,1106142,142,83.11742251,coinmetrics
2021-01-28,325159,150095785.47638997,1097896,145,86.63632959,coinmetrics
2021-01-29,339577,157341788.91318125,1208741,152,169.10207572,coinmetrics
2021-01-30,313065,140779494.68088103401239963233012615218228,1087755,136,138.18802212,coinmetrics
2021-01-31,287082,149060642.12827694,1063553,144,98.23914303,coinmetrics
2021-02-01,283467,123182058.42545108,999221,119,131.19975697,coinmetrics
2021-02-02,363397,158376932.26129428,1202183,153,145.95035951,coinmetrics
2021-02-03,345764,155271502.21695518,1187019,150,136.15536292,coinmetrics
2021-02-04,367536,165622935.53246268407219921718414516304557,1226684,160,165.7297522,coinmetrics
2021-02-05,360061,174939225.66548000018427773926283185054557,1257476,169,145.13815235,coinmetrics
2021-02-06,328082,169173097.2862372960022462332331304270290579958,1147256,159,113.57962539,coinmetrics
2021-02-07,286807,166219497.492111666232010240405779750775382,1159518,156,84.7209373,coinmetrics
2021-02-08,340919,172612555.619077670684249620988308575,1249543,162,138.95588944,coinmetrics
2021-02-09,359788,152367873.851852731506527191600295578132824,1174227,143,195.65241814,coinmetrics
2021-02-10,340736,152367873.851852731506527191600295578132824,1191329,143,170.13010658,coinmetrics
2021-02-11,301861,137450738.222265387784635303574394988275382,1052110,129,186.19209735,coinmetrics
2021-02-12,347247,151302363.396858150235253202906542458591794,1157108,142,200.91605395,coinmetrics
2021-02-13,333184,167285007.947106247503284229099532870316412,1217682,157,141.32937643,coinmetrics
2021-02-14,297041,157695421.523824154687492583489071282816412,1122976,148,107.39254078,coinmetrics
2021-02-15,312281,161957460.275134824322318837210757165632824,1140491,152,120.87031658,coinmetrics
2021-02-16,293716,128926662.253977876240117646657686520316412,989854,121,120.26319298,coinmetrics
2021-02-17,318209,147040324.645547480600426949184856575775382,1134666,138,143.18250904,coinmetrics
2021-02-18,317446,145974815.724886727054287811017766753908206,1138881,137,147.39607271,coinmetrics
2021-02-19,340244,163253417.20803393928241613130762864675875,1248515,153,160.89002525,coinmetrics
2021-02-20,321732,157667240.26214834789478134694387211940943,1187083,146,147.5233192,coinmetrics
2021-02-21,272006,152267677.59096139701672296839661192072829,1047141,141,114.8744249,coinmetrics
2021-02-22,284119,143628376.07300295655055966049507144309057,1094544,133,133.0178034,coinmetrics
2021-02-23,288011,137148899.93453412620093717956891608486228,1054613,127,183.70472996,coinmetrics
2021-02-24,354258,171706104.45129373923900303339267279572829,1230122,159,186.14182683,coinmetrics
2021-02-25,328850,168466365.60452224965089810403839251677171,1217040,156,156.28767244,coinmetrics
2021-02-26,305149,150107852.21147178690018214142122680131886,1114180,139,145.08174198,coinmetrics
2021-02-27,322758,169546279.07180412912246220641728767631886,1202477,157,104.57838827,coinmetrics
2021-02-28,252499,141468550.69351334643401883351968632368114,1033508,131,82.67390202,coinmetrics
2021-03-01,278708,140388638.78130561578904210892319636381886,1073523,130,124.44157775,coinmetrics
2021-03-02,340722,154427502.97045100713326379537199704013772,1119669,143,131.05953998,coinmetrics
2021-03-03,332985,164146716.40061717824440382787002747763772,1185450,152,133.69680132,coinmetrics
2021-03-04,290966,138228813.40181600567250128194781124440943,1042797,128,111.7907491,coinmetrics
2021-03-05,315193,160906977.55384568865629889851574719868114,1154593,149,113.5738441,coinmetrics
2021-03-06,288073,162185767.0079193946306464748757271137928677544,1147083,152,78.13119123,coinmetrics
2021-03-07,259265,155665152.077238134768946957578905821252066,1043256,146,69.79926905,coinmetrics
2021-03-08,294249,165260949.112579338106384834868084533752066,1164249,155,91.72593738,coinmetrics
2021-03-09,299423,149267953.541901490659124194722766557495868,1088598,140,106.24817877,coinmetrics
2021-03-10,342661,158863750.577242693996562072011945269995868,1165773,149,109.35097211,coinmetrics
2021-03-11,293471,140738357.030113490833953044904641238756198,1084417,132,112.24475589,coinmetrics
2021-03-12,320069,159929951.100795897508828799482998663756198,1186618,150,116.41990764,coinmetrics
2021-03-13,276253,152466553.577233575541331843145866372508264,1104466,143,116.32658912,coinmetrics
2021-03-14,305716,167393348.624358219476325755820130955004132,1155175,157,88.24994026,coinmetrics
2021-03-15,295380,157797551.589017016138887878530952242504132,1167577,148,113.71255622,coinmetrics
2021-03-16,319854,158863750.577242693996562072011945269995868,1161912,149,109.85439687,coinmetrics
2021-03-17,290856,145003154.518343727919242352818673714991736,1110541,136,106.30343068,coinmetrics
2021-03-18,335857,162062350.612574778878769720435045085008264,1219716,152,138.31022438,coinmetrics
2021-03-19,315088,158461331.2834583132369334608941909286726987988,1158820,148,114.63938618,coinmetrics
2021-03-20,281882,167389188.348342386212765234740081974401632,1124513,154,81.5996043,coinmetrics
2021-03-21,240660,169563074.094253047157850528690583205801224,1112554,156,62.35263528,coinmetrics
2021-03-22,295471,164128360.512075200715070760450358618600408,1144113,151,84.14870376,coinmetrics
2021-03-23,316687,174997789.241628505440497230202864775598368,1234149,161,83.26441284,coinmetrics
2021-03-24,301818,165215304.167629337107546874061637725598368,1153475,152,81.68687628,coinmetrics
2021-03-25,320449,167389188.348342386212765234740081974401632,1218346,154,84.68911096,coinmetrics
2021-03-26,293636,147824218.200344049546864522457627874401632,1085835,136,80.31693783,coinmetrics
2021-03-27,286113,172823903.495717844495411936252363544198776,1149403,159,66.62915965,coinmetrics
2021-03-28,244181,172823903.495717844495411936252363544198776,1063472,159,56.27167365,coinmetrics
2021-03-29,307500,164128360.512075200715070760450358618600408,1115525,151,83.21122777,coinmetrics
2021-03-30,323613,158693646.929897354272290992210134031399592,1154381,146,96.5604676,coinmetrics
2021-03-31,330775,170650017.749807183550326642301862312799184,1234495,157,100.75446315,coinmetrics
2021-04-01,315091,157606703.274343217879814878598854924401632,1145125,145,91.53904026,coinmetrics
2021-04-02,302587,160833893.9076464270123722632374965643044138836,1103476,140,90.08651483,coinmetrics
2021-04-03,278911,150672055.363055477090210694170840412180816,1020968,131,82.3372467,coinmetrics
2021-04-04,247000,167924581.380530492786483934160696718909592,1032167,146,66.82380236,coinmetrics
2021-04-05,289931,179426264.288018873465437242719770143271224,1229289,156,95.87102016,coinmetrics
2021-04-06,310254,165624244.4677843277151246170186328,1180036,144,105.93561433,coinmetrics
2021-04-07,318898,180576433.572513178340038539866425187819184,1246138,157,101.65904198,coinmetrics
2021-04-08,280374,154122561.560295947036171308459559375638368,1092604,134,92.97359248,coinmetrics
2021-04-09,322101,174825592.118768988000561885586888475638368,1222362,152,114.11974893,coinmetrics
2021-04-10,300140,180576433.572513178340038539866425187819184,1163952,157,90.60469985,coinmetrics
2021-04-11,254567,166774412.096036187911882637014041674361632,1043812,145,62.87370326,coinmetrics
2021-04-12,291473,165624244.4677843277151246170186328,1126723,144,92.07152174,coinmetrics
2021-04-13,310996,163323907.555038162643765299876568881090408,1178027,142,103.19219415,coinmetrics
2021-04-14,295564,155272729.18854780723292932845496825,1149773,135,136.06365792,coinmetrics
2021-04-15,358905,198624496.428595815684773409083874840759648,1366494,172,155.969935,coinmetrics
2021-04-16,218612,120743465.939566941708485133981051120868368,933121,103,144.49069834,coinmetrics
2021-04-17,195677,106676264.942605521480733375000101808263264,828375,91,163.61708924,coinmetrics
2021-04-18,276174,145361065.152153450221673222032595014565816,1057891,124,215.78695653,coinmetrics
2021-04-19,207290,113709865.441086231594609254490576464565816,884672,97,217.61944285,coinmetrics
2021-04-20,280365,150050132.151140590297590475026244785434184,1126908,128,302.58440416,coinmetrics
2021-04-21,226747,118398932.440073371670526507484226235434184,918079,101,255.12244946,coinmetrics
2021-04-22,269958,167634132.553310373287154343697392291736736,1114976,143,295.10844137,coinmetrics
2021-04-23,296653,158255998.55533609313531983771009275,1114180,135,268.53007604,coinmetrics
2021-04-24,291934,169978664.364739958734861310084138908263264,1125210,145,168.04298337,coinmetrics
2021-04-25,241657,165289599.053816803249195717200567406302552,1026103,141,115.17065981,coinmetrics
2021-04-26,241837,133638399.342749584622131749658548856302552,943203,114,169.69908618,coinmetrics
2021-04-27,297541,166461864.959531595973049200393940714565816,1092574,142,160.90589258,coinmetrics
2021-04-28,276370,166461864.959531595973049200393940714565816,1113474,142,136.99695418,coinmetrics
2021-04-29,256358,143016531.652659880183714595535770129131632,986056,122,142.35402283,coinmetrics
2021-04-30,292939,169978664.364739958734861310084138908263264,1122022,145,145.11131759,coinmetrics
2021-05-01,260173,158215613.4606975571700096090946130479128646672,1040203,139,98.81034028,coinmetrics
2021-05-02,235137,189527186.172450416513650610724305295026904,1248724,185,84.38782013,coinmetrics
2021-05-03,288071,181331416.764988251083722153359704969959644,1268856,177,113.2496722,coinmetrics
2021-05-04,300350,185429300.731100013365159449995750765053808,1293836,181,97.53002835,coinmetrics
2021-05-05,309762,160841991.033474876208320213809441054973096,1208973,157,100.29671031,coinmetrics
2021-05-06,310841,174160117.980244366007389554130988909946192,1228892,170,109.21372074,coinmetrics
2021-05-07,306397,176209059.225680926714581270402757440053808,1187763,172,104.2027543,coinmetrics
2021-05-08,275777,175184588.602962646360985412266873175,1169650,171,87.09333133,coinmetrics
2021-05-09,246707,190551658.270407337734300332952698294959644,1234486,186,68.83308148,coinmetrics
2021-05-10,305887,184404830.1083817330115635918598665,1315147,180,102.50388293,coinmetrics
2021-05-11,309496,176209059.225680926714581270402757440053808,1258920,172,81.30313479,coinmetrics
2021-05-12,301570,176209059.225680926714581270402757440053808,1245595,172,77.2088848,coinmetrics
2021-05-13,274151,186999513.8623470761756284909683058526229940704,1187747,161,71.54922349,coinmetrics
2021-05-14,267317,166839066.08152365773492973282359566919772,1066269,134,73.11896291,coinmetrics
2021-05-15,231360,153143321.71715250538470230898402284564829,953308,123,61.6694623,coinmetrics
2021-05-16,219486,164348930.57955641021810431273055328314829,971649,132,53.24761006,coinmetrics
2021-05-17,252917,150653186.21518525786787688889098045959886,962984,121,76.96149261,coinmetrics
2021-05-18,220564,124506764.34097786793352236458619570580228,856695,100,67.70649625,coinmetrics
2021-05-19,264932,155633457.21911975290152772907706523169772,1031147,125,124.84309741,coinmetrics
2021-05-20,226451,139447577.35278135303447488514445002209886,943686,112,131.97151192,coinmetrics
2021-05-21,225921,136957441.85081410551764946505140763604943,942736,110,131.84301153,coinmetrics
2021-05-22,221219,144427848.35671584806812572533053479419772,918673,116,98.81884261,coinmetrics
2021-05-23,195260,148163050.71321801035105146879793807354943,957018,119,81.12379396,coinmetrics
2021-05-24,236897,156878524.073654667667628052451426125,975836,126,98.20728103,coinmetrics
2021-05-25,232254,153143321.71715250538470230898402284564829,968674,123,86.01523025,coinmetrics
2021-05-26,228063,151898253.06972017263397721226534135290114,933622,122,76.84605634,coinmetrics
2021-05-27,217523,145672915.2112507628342260487048956875,864432,117,66.47903988,coinmetrics
2021-05-28,217451,148163050.71321801035105146879793807354943,972164,119,68.98533519,coinmetrics
2021-05-29,192912,144427848.35671584806812572533053479419772,863265,116,45.39305918,coinmetrics
2021-05-30,182281,150864303.39569444771333606867138225046,990443,144,36.75241843,coinmetrics
2021-05-31,229620,147526659.522837919178026072824073271218776,977895,141,46.93975809,coinmetrics
2021-06-01,231423,148572947.215061732882241159496868626260408,914351,142,46.21381566,coinmetrics
2021-06-02,252343,173683868.401640913461509388398865247479184,1090605,166,50.74028197,coinmetrics
2021-06-03,253523,153804388.689491283526608619907192328781224,1015474,147,50.31519761,coinmetrics
2021-06-04,235300,137063775.067323576827645138480252402520816,907519,131,41.83791933,coinmetrics
2021-06-05,192819,137063775.067323576827645138480252402520816,762659,131,28.98173143,coinmetrics
2021-06-06,188480,156943254.779473206762545906971925321218776,737174,150,23.01663051,coinmetrics
2021-06-07,237064,139156351.958426445297721325349016576260408,910652,133,35.42582479,coinmetrics
2021-06-08,245071,155896965.580594151996684806775956502520816,998834,149,33.90502999,coinmetrics
2021-06-09,213689,131832333.5928940261832776780699287,817282,126,35.82918778,coinmetrics
2021-06-10,252966,123462026.028482552302972930594872005041632,948298,118,44.98929156,coinmetrics
2021-06-11,212379,109860278.496296768839946736232665071218776,874050,105,40.92023852,coinmetrics
2021-06-12,223896,138110064.266202631593506238676221221218776,1013611,132,34.50468002,coinmetrics
2021-06-13,182420,136447345.8977942082160963087674519697200550404,799859,132,22.77602573,coinmetrics
2021-06-14,248537,133766696.2188995272262347279607885625,972587,135,39.54736393,coinmetrics
2021-06-15,242092,129803238.236077742789547412225690286963316,963054,131,38.10879721,coinmetrics
2021-06-16,254125,121876323.697278933584434404501997500805026,954838,123,38.60919505,coinmetrics
2021-06-17,236736,128812374.453794676514506395165167600536684,865333,130,31.44356138,coinmetrics
2021-06-18,224077,122867187.479561999859475421562520187231658,825241,124,32.53610872,coinmetrics
2021-06-19,182467,102059035.210014771069259449573009888036684,688095,103,23.01134957,coinmetrics
2021-06-20,168027,104040764.201425663287603107440559025805026,652470,105,22.47369117,coinmetrics
2021-06-21,208474,104040764.201425663287603107440559025805026,835557,105,42.25495751,coinmetrics
2021-06-22,196802,90168661.261549417759197502367715061426632,776432,91,47.89336831,coinmetrics
2021-06-23,233460,100077306.218603878850915791705460750268342,847730,101,55.05415936,coinmetrics
2021-06-24,226845,104040764.201425663287603107440559025805026,843836,105,47.28416658,coinmetrics
2021-06-25,223011,108995085.966530513999331440236179987768342,880813,110,45.55393556,coinmetrics
2021-06-26,180868,88186933.696983285209115468246669688573368,715801,89,29.53092059,coinmetrics
2021-06-27,123967,57470136.470381595327181206919413700536684,518219,58,26.7283051,coinmetrics
2021-06-28,215492,87196068.487855459265812827439643237231658,776365,88,51.90601631,coinmetrics
2021-06-29,207236,89177797.479266351484156485307192375,792995,90,54.94764079,coinmetrics
2021-06-30,217133,87196068.487855459265812827439643237231658,790273,88,61.92774978,coinmetrics
2021-07-01,232056,95122984.453499028139187458909839788305026,817115,96,72.50566552,coinmetrics
2021-07-02,189904,89177797.479266351484156485307192375,809016,90,62.93307195,coinmetrics
2021-07-03,234315,97321703.034328668290662755134097082016996676,1027108,127,57.69736962,coinmetrics
2021-07-04,169312,82108835.963278493429054506440431082062934,843475,115,42.68100557,coinmetrics
2021-07-05,223372,94246664.362125814721295670012959766311198,902032,132,47.22304028,coinmetrics
2021-07-06,232857,101386562.694521585599344649232935969562934,853332,142,47.14061869,coinmetrics
2021-07-07,220912,87820755.451711450664532289082124803811198,811614,123,37.55775412,coinmetrics
2021-07-08,228850,99244593.400431939469189605283371298374132,802085,139,29.20520209,coinmetrics
2021-07-09,223467,93532673.911998982233711822641677576625868,818441,131,26.20444929,coinmetrics
2021-07-10,193966,114952370.965477146200455258465888084248264,726034,161,19.75597862,coinmetrics
2021-07-11,160653,89248735.323819689973401734742548234248264,690684,125,18.0914044,coinmetrics
2021-07-12,225239,89962724.745801096794687333031689475,838472,126,29.64123093,coinmetrics
2021-07-13,227411,97102623.078196867672736312251665678251736,807050,136,31.50950453,coinmetrics
2021-07-14,235584,121378279.875891510257218639396723046748264,817900,170,24.24152574,coinmetrics
2021-07-15,224713,91390704.617909336103556778692112905437066,828844,128,22.47964079,coinmetrics
2021-07-16,223179,107098482.182954542834822431874629691311198,764392,150,17.43069111,coinmetrics
2021-07-17,181727,101825980.8946450943181403577774199388304998824,640355,143,12.47773765,coinmetrics
2021-07-18,163158,97872242.0886893838238468474572396,651828,144,12.23553791,coinmetrics
2021-07-19,228590,115543619.567468265186216456354116072032176,845474,170,19.32263102,coinmetrics
2021-07-20,228207,82919538.218756856653671615042723888983912,822257,122,17.31679808,coinmetrics
2021-07-21,237007,98551910.001539761928448522458595552967824,815589,145,14.85813128,coinmetrics
2021-07-22,223683,103989257.219232470312837275423317075,780869,153,13.57207142,coinmetrics
2021-07-23,234138,91755226.958146297334856419491162125,803246,135,19.43425167,coinmetrics
2021-07-24,196325,104668925.132082848417438950424673027967824,712132,154,12.89541262,coinmetrics
2021-07-25,172110,103989257.219232470312837275423317075,641796,153,9.56048467,coinmetrics
2021-07-26,269826,101950252.501958915112138412180780741524132,958347,150,18.62782094,coinmetrics
2021-07-27,251334,115543619.567468265186216456354116072032176,903400,170,15.93512278,coinmetrics
2021-07-28,255513,106707930.828078824505031651905677836016088,868607,157,15.71437773,coinmetrics
2021-07-29,261353,108746935.545352379705730515148214169491956,880689,160,15.05617547,coinmetrics
2021-07-30,250833,112824945.958621910994022079871755311016088,841162,166,14.24411318,coinmetrics
2021-07-31,204354,112670630.5738044685448287752859684526690718828,720022,158,11.1087788,coinmetrics
2021-08-01,190234,110975800.329985340810898558089373893071464,695892,154,9.80192789,coinmetrics
2021-08-02,236019,103048958.338725644700867042430587344428536,899861,143,13.33482268,coinmetrics
2021-08-03,246833,121785131.921778434897288312478084017017866,820918,169,12.82913572,coinmetrics
2021-08-04,237723,98004602.834911947749579430785133818071464,842870,136,15.02438352,coinmetrics
2021-08-05,249454,115299533.174241738366628748825963979517866,854629,160,15.08229896,coinmetrics
2021-08-06,258639,114578911.552380238576942772822630723946402,894265,159,14.12583268,coinmetrics
2021-08-07,207621,120343887.640359635712044915565887321535732,724467,167,10.13663808,coinmetrics
2021-08-08,197270,113858288.892822939181385351913767284035732,740945,158,10.08554291,coinmetrics
2021-08-09,254532,109534557.086262341231526606082707381928536,934412,152,13.69567669,coinmetrics
2021-08-10,259626,118902643.358940836526801518653690626053598,875882,165,13.91763695,coinmetrics
2021-08-11,261571,105931445.863867443465482391349450551053598,866724,147,13.11044169,coinmetrics
2021-08-12,252677,108813934.426705041835969185173843942017866,842547,151,13.0493474,coinmetrics
2021-08-13,256053,108438697.1558966416855852989382883802767143422,917929,142,23.34173343,coinmetrics
2021-08-14,211657,126820808.670615753950681822557954299479592,724702,164,10.94531891,coinmetrics
2021-08-15,181221,140740165.706249817642211228749408399479592,750378,182,9.58486987,coinmetrics
2021-08-16,270372,124500916.202526264285668619966829447918368,978773,161,17.1662457,coinmetrics
2021-08-17,254546,133007188.956703914007625394575071402081632,953226,172,15.65881585,coinmetrics
2021-08-18,247197,104395177.76725547768647054643590575,876483,135,14.75854262,coinmetrics
2021-08-19,254656,119087831.921069850316095988383617302081632,888796,154,13.06267696,coinmetrics
2021-08-20,272396,123727617.970797392496847488888219500520408,984372,160,15.88210822,coinmetrics
2021-08-21,216018,131460594.720343296131433323062556497918368,787645,170,11.01828419,coinmetrics
2021-08-22,191939,126820808.670615753950681822557954299479592,715639,164,11.80095335,coinmetrics
2021-08-23,271010,152339630.273794391668727432349737647918368,973417,197,14.28896429,coinmetrics
2021-08-24,263660,119087831.921069850316095988383617302081632,945668,154,15.04173196,coinmetrics
2021-08-25,264966,131199199.2676680467706990093393593032910744412,867743,160,12.84157954,coinmetrics
2021-08-26,254481,127844614.260042230027876419548593407756386,818959,146,11.39117027,coinmetrics
2021-08-27,260937,127844614.260042230027876419548593407756386,864176,146,12.25544326,coinmetrics
2021-08-28,212867,123466374.330662667026334375654238710769158,726381,141,10.2964037,coinmetrics
2021-08-29,196139,136601094.118801356030960507337302801730842,685753,156,8.95200448,coinmetrics
2021-08-30,249956,118212485.6588472832078613104507006875,910173,135,12.53968831,coinmetrics
2021-08-31,273720,126093318.0361037687550520644807474,930055,144,14.41472193,coinmetrics
2021-09-01,277500,119963781.882785744480685665518546695256386,954959,137,17.25535838,coinmetrics
2021-09-02,293611,130471557.965483331756594108375102096987228,1026339,149,20.24858341,coinmetrics
2021-09-03,278164,129595910.483980691300700774616439415512772,1008068,148,17.97292807,coinmetrics
2021-09-04,227677,135725446.637298715575067173578640120256386,776022,155,11.90480788,coinmetrics
2021-09-05,206820,143606279.014555201122257927608686832756386,735688,164,10.5817088,coinmetrics
2021-09-06,269949,150611462.649375865852517660329550218974456,968860,172,17.30054472,coinmetrics
2021-09-07,277913,134093473.52179763372185685540829189861,938525,153,18.85074144,coinmetrics
2021-09-08,271871,129989982.271837367560067178186024999161658,907794,142,14.70435625,coinmetrics
2021-09-09,275020,125412870.507789970425842094994583863338342,937415,137,13.7584358,coinmetrics
2021-09-10,260963,124497447.364055527552409192980576596646632,906178,136,14.70375485,coinmetrics
2021-09-11,210848,135482517.179619207567725163391473401676684,823454,148,9.95267928,coinmetrics
2021-09-12,193569,134567094.035884764694292261377466134984974,705573,147,8.65229485,coinmetrics
2021-09-13,253041,145552163.851448444709608231788362940015026,908372,159,15.1574732,coinmetrics
2021-09-14,270910,153790965.554017068515605305116769677515026,952892,168,15.10542176,coinmetrics
2021-09-15,268455,129989982.271837367560067178186024999161658,976201,142,17.07280917,coinmetrics
2021-09-16,270023,124497447.364055527552409192980576596646632,1021047,136,16.65778252,coinmetrics
2021-09-17,273808,134567094.035884764694292261377466134984974,943981,147,15.00825444,coinmetrics
2021-09-18,227894,141890473.912927218037836241651397338338342,819880,155,11.56360522,coinmetrics
2021-09-19,199632,146467585.676974615172061324842838474161658,714326,160,8.25785104,coinmetrics
2021-09-20,273371,150129275.615495841843833314979804075838342,1014971,164,14.15860665,coinmetrics
2021-09-21,245996,114073685.1540919547931140980722439940662910244,844883,123,14.70251214,coinmetrics
2021-09-22,270233,126546634.444452166098505004984865948121632,888195,134,13.87565256,coinmetrics
2021-09-23,273598,155822347.185566572195176715599308813908776,918846,165,14.37353002,coinmetrics
2021-09-24,274940,139767924.244943075283879594832827024060816,958548,148,15.59573586,coinmetrics
2021-09-25,210070,135990412.4848302084171148308273672,702530,144,8.36691295,coinmetrics
2021-09-26,192460,131268523.464641187257809917906116574060816,699993,139,8.3876489,coinmetrics
2021-09-27,262162,146378569.145188529876566889756807562030408,901586,155,13.12109037,coinmetrics
2021-09-28,262395,143545436.005055942150644358838286848121632,935822,152,13.63232636,coinmetrics
2021-09-29,240916,122769122.684339299231740240979406124060816,830989,130,11.07608957,coinmetrics
2021-09-30,289577,161488614.82573587249532386160749855,1059608,171,14.7962053,coinmetrics
2021-10-01,279255,132212900.724717341550350066821907375939184,962201,140,16.30821302,coinmetrics
2021-10-02,260972,177543039.126263494254923066545128648121632,963528,188,10.93187659,coinmetrics
2021-10-03,216090,141656680.124999508717261976835556936091224,808347,150,10.19201515,coinmetrics
2021-10-04,265740,147634521.7847933453101409407827980837563836624,1015651,156,13.52207286,coinmetrics
2021-10-05,312571,162177735.989744449111912959095302936981386,1037679,164,15.08376811,coinmetrics
2021-10-06,273475,129544410.622149644008527017587245213537228,914612,131,19.01470328,coinmetrics
2021-10-07,324741,139433297.744450932687468985220493273444158,1144142,141,26.48403813,coinmetrics
2021-10-08,280844,118666635.499618042307398370417892639055842,978503,120,20.33225831,coinmetrics
2021-10-09,241705,148333295.442522276652809238863196235944158,991926,150,14.70495483,coinmetrics
2021-10-10,212316,157233293.140593620618149492505899198444158,803826,159,12.89110735,coinmetrics
2021-10-11,277496,144377740.593601761181232451809897011981386,1009017,146,20.46942029,coinmetrics
2021-10-12,274993,132511077.470839846457917125104439922925544,937369,134,19.13086031,coinmetrics
2021-10-13,289461,167122178.838895277605676425684706675518614,975651,169,16.772475,coinmetrics
2021-10-14,284115,135477742.895530417215892198167194049481386,1007101,137,16.2725551,coinmetrics
2021-10-15,297755,139433297.744450932687468985220493273444158,1017121,141,20.70380248,coinmetrics
2021-10-16,269680,131522188.046609901744315411113894825518614,937355,133,15.43466218,coinmetrics
2021-10-17,212511,158222181.140823933640336172042003713018614,823877,160,11.31029356,coinmetrics
2021-10-18,291260,146581499.0140110231828506172014655685797944064,1003479,148,15.97124705,coinmetrics
2021-10-19,310438,154737198.888861373855770807257927233273452,1077371,155,14.85638411,coinmetrics
2021-10-20,291740,148747371.362095881562186255468610958453096,977215,149,19.0739569,coinmetrics
2021-10-21,321169,147749067.493080878556108248638984316546904,1139133,148,20.07678421,coinmetrics
2021-10-22,281476,157732111.933464874293043664683992633453096,957015,158,15.85450455,coinmetrics
2021-10-23,228432,144754153.010918886699796554275733441906192,826969,145,11.26050827,coinmetrics
2021-10-24,208278,152740589.713272876424575956661488475,737951,153,8.92363951,coinmetrics
2021-10-25,286798,181691420.602968352048343034904072258273452,1079523,182,14.10333592,coinmetrics
2021-10-26,295695,149745676.668669375987303099235423074820356,998333,150,13.75170625,coinmetrics
2021-10-27,286086,156733808.064449871286965657854365991546904,944035,157,12.25012463,coinmetrics
2021-10-28,297884,152740589.713272876424575956661488475,1055114,153,13.051825,coinmetrics
2021-10-29,307314,170710070.856010861886290775092251825,1014855,171,15.85021967,coinmetrics
2021-10-30,251998,154737198.888861373855770807257927233273452,906672,155,10.3453043,coinmetrics
2021-10-31,216741,140567236.2917176276573400792309509995833215044,893617,139,9.47162766,coinmetrics
2021-11-01,289324,159350397.350624119718577580557621460348368,1053426,148,14.71430043,coinmetrics
2021-11-02,300911,170117315.378168532718389249650505439651632,1035030,158,17.69743535,coinmetrics
2021-11-03,290879,173347392.026780892773787441905775170696736,1069212,161,16.44169348,coinmetrics
2021-11-04,286047,153966938.336851913218671746011179470696736,998917,143,15.79292177,coinmetrics
2021-11-05,282446,166887240.279992467857309421804491380174184,1037437,155,17.41766126,coinmetrics
2021-11-06,237201,165810547.546976249440737236249649579303264,825483,154,10.74787762,coinmetrics
2021-11-07,222930,164733856.36439632621848341510406345,826432,153,9.49670334,coinmetrics
2021-11-08,294064,145353402.67446734666336771920946775,1018796,135,17.08037981,coinmetrics
2021-11-09,336872,163657165.181816402996229593958477320696736,1195638,152,22.88777828,coinmetrics
2021-11-10,295892,160427088.533204042940831401703207589651632,1022756,149,18.41248483,coinmetrics
2021-11-11,293052,170117315.378168532718389249650505439651632,1037951,158,15.26061088,coinmetrics
2021-11-12,287476,152890245.603835694802099560456337669825816,975353,142,15.32233862,coinmetrics
2021-11-13,234794,164733856.36439632621848341510406345,828248,153,10.13320395,coinmetrics
2021-11-14,222847,175346393.038994035726881601008308321654622954,806451,157,8.81751712,coinmetrics
2021-11-15,291313,170197841.188036708235029180664074652743044,1083387,151,12.69006693,coinmetrics
2021-11-16,301154,169070703.887097898195017620951178966770868,1030573,150,13.05594208,coinmetrics
2021-11-17,288569,167943564.963080336032718245357435130486088,993545,149,13.27404227,coinmetrics
2021-11-18,295608,162307875.2122287815880848150312604,990087,144,11.92314855,coinmetrics
2021-11-19,283868,154417909.236420854941140449398446147256956,976682,137,13.65636609,coinmetrics
2021-11-20,248520,163435012.513167591628096374744156085972176,848464,145,12.39554839,coinmetrics
2021-11-21,218828,148782219.485569300496507019072271416770868,842004,132,9.10203294,coinmetrics
2021-11-22,286930,158926461.686333599345762320011725191770868,947435,141,12.74248227,coinmetrics
2021-11-23,282832,148782219.485569300496507019072271416770868,909010,132,11.97805296,coinmetrics
2021-11-24,295032,176960669.862905824841961986583993219513912,1071921,157,14.05593146,coinmetrics
2021-11-25,287824,146527943.260612928294196083765631894513912,973237,130,14.86599631,coinmetrics
2021-11-26,291679,148782219.485569300496507019072271416770868,996141,132,14.52545258,coinmetrics
2021-11-27,238622,161180737.911289971548073255318364714027824,777970,143,8.31476546,coinmetrics
2021-11-28,215317,155140985.0878091609463689929649828338426864956,816560,139,7.36850222,coinmetrics
2021-11-29,303388,158774565.890453517457979935969097778892176,993217,143,11.27630906,coinmetrics
2021-11-30,296340,148781761.088924240645790549508114053892176,977183,134,13.37980245,coinmetrics
2021-12-01,284941,152112695.489817743501625581678341350973044,1057704,137,20.29842941,coinmetrics
2021-12-02,315565,172098305.092876297126004354600308800973044,1184757,155,18.61142868,coinmetrics
2021-12-03,289452,186532356.828162756575763310588463477919132,1010596,168,13.38733044,coinmetrics
2021-12-04,244342,172098305.092876297126004354600308800973044,961294,155,17.86675665,coinmetrics
2021-12-05,221615,184311733.361284165256978525824878001946088,978899,166,21.21370298,coinmetrics
2021-12-06,286268,190973602.163071170968648590165332596107824,1078373,172,13.32151993,coinmetrics
2021-12-07,284544,170987992.560012617344269817243365146107824,983177,154,10.77686925,coinmetrics
2021-12-08,268196,186532356.828162756575763310588463477919132,927369,168,10.70829969,coinmetrics
2021-12-09,285532,180980797.361541894156459203704348871107824,1123743,163,11.92808444,coinmetrics
2021-12-10,270853,173208616.026891208663054602006950622080868,930831,156,11.7206627,coinmetrics
2021-12-11,222133,176623989.8605637378971029555855210345214826544,805461,151,7.61664482,coinmetrics
2021-12-12,211066,168385593.155278493501047224570724274612772,725043,140,6.38712218,coinmetrics
2021-12-13,281785,169588348.357054455517419723646779300580842,996713,141,13.55535933,coinmetrics
2021-12-14,281921,178007627.841621769694021953277780925387228,966596,148,11.68967951,coinmetrics
2021-12-15,280841,169588348.357054455517419723646779300580842,1058257,141,11.38951889,coinmetrics
2021-12-16,256019,138316737.358404912874753171324191074806386,873836,115,10.31161467,coinmetrics
2021-12-17,260119,179210381.311431626725893136378490062112772,979005,149,13.21441805,coinmetrics
2021-12-18,234236,153952542.857729684196086447485485187693614,855978,128,8.39016116,coinmetrics
2021-12-19,214374,179210381.311431626725893136378490062112772,755797,149,7.27239759,coinmetrics
2021-12-20,266803,173196610.4984501315975345889242526,1015255,144,10.98791338,coinmetrics
2021-12-21,303464,193643433.340946541015355229439075038274456,1009227,161,11.92897883,coinmetrics
2021-12-22,286626,178007627.841621769694021953277780925387228,992589,148,10.71895576,coinmetrics
2021-12-23,292194,182818645.184793407790509317631309250774456,991240,152,11.0643089,coinmetrics
2021-12-24,256631,181615889.983017445774136818555254224806386,974212,151,11.97818783,coinmetrics
2021-12-25,204665,177168715.8496908335034219185514242838069339864,866151,147,8.17559022,coinmetrics
2021-12-26,201930,161682279.298921805382590082867371696355648,774902,134,7.84779528,coinmetrics
2021-12-27,248198,178574457.266351521804577134566197548177824,992531,148,13.42241505,coinmetrics
2021-12-28,269681,161682279.298921805382590082867371696355648,1051572,134,17.78105265,coinmetrics
2021-12-29,276509,174954703.603701438229826015700168603644352,1142870,145,16.51355393,coinmetrics
2021-12-30,245011,143583516.198114993743000841245605274088912,977727,119,17.98870379,coinmetrics
2021-12-31,262509,179781040.662247414944123873586345351822176,1093396,149,17.56089976,coinmetrics
2022-01-01,188065,207532476.142664977934253380077672503644352,695722,172,9.18982843,coinmetrics
2022-01-02,194826,190640298.175235261512266328378846651822176,734444,158,9.17683366,coinmetrics
2022-01-03,241163,168921783.149259568375981418793844051822176,948843,140,11.99030933,coinmetrics
2022-01-04,274049,177367872.132974426586974944643256977733264,971141,147,13.19630276,coinmetrics
2022-01-05,274757,180987625.795624510161726063509285922266736,1023484,150,16.5224742,coinmetrics
2022-01-06,258406,176161288.737078533447428205623109174088912,937879,146,14.40247818,coinmetrics
2022-01-07,255659,168921783.149259568375981418793844051822176,961733,140,14.27397318,coinmetrics
2022-01-08,226064,174267690.69443853603418003639002870972,823193,144,9.80082014,coinmetrics
2022-01-09,203966,170826077.224204716514254831394151225620842,734904,141,7.54621252,coinmetrics
2022-01-10,269292,172037608.907282589458551691316197795626386,977953,142,11.51428992,coinmetrics
2022-01-11,285302,191422128.048775737830456737000674566252772,973363,158,12.45257517,coinmetrics
2022-01-12,266587,168403012.113442230445210356274096421247228,958871,139,11.06096283,coinmetrics
2022-01-13,276789,216864310.839478471465198348123269179994456,943218,179,10.52434377,coinmetrics
2022-01-14,262404,192633661.476460350955204352198682800620842,959705,159,9.33427454,coinmetrics
2022-01-15,234931,201114388.491825682106634637480893783747228,819060,166,7.47314692,coinmetrics
2022-01-16,217903,212018180.617953499327109397883159571247228,768912,175,6.44259112,coinmetrics
2022-01-17,258684,195056726.587222837024248827318737604994456,963405,161,9.08316192,coinmetrics
2022-01-18,267423,164768413.574995131251418265956033382505544,906852,136,9.49798342,coinmetrics
2022-01-19,267790,209595115.507191013258064922763104766873614,940760,173,8.62767357,coinmetrics
2022-01-20,272287,204748985.285666041119975972522995158126386,944092,169,10.06682072,coinmetrics
2022-01-21,272514,176007153.4708341912550020954162233736105510072,1017544,134,12.3040866,coinmetrics
2022-01-22,246984,177474950.515511319160807368723464988228264,980566,134,10.88333485,coinmetrics
2022-01-23,208492,186746029.763862785076470818942199822421198,764279,141,7.83339096,coinmetrics
2022-01-24,271583,198665989.069913739677774217253222284921198,967257,150,11.86241961,coinmetrics
2022-01-25,266941,201314869.127613228363414165345509913228264,892344,152,10.76605985,coinmetrics
2022-01-26,258696,172177190.400112341789527472538889731614132,872302,130,11.93312823,coinmetrics
2022-01-27,252850,173501629.475365341648271078480761680885868,894323,131,11.54107331,coinmetrics
2022-01-28,266473,203963747.278119228080901377229253811771736,953545,154,12.70496368,coinmetrics
2022-01-29,227066,197341548.087467250850877875102806605885868,800040,149,12.01508061,coinmetrics
2022-01-30,208908,193368228.954514762306494321068647028307066,780477,146,10.78983977,coinmetrics
2022-01-31,262993,189394909.821562273762110767034487450728264,993797,143,13.30488518,coinmetrics
2022-02-01,274556,203963747.278119228080901377229253811771736,1058396,154,14.34357795,coinmetrics
2022-02-02,275434,202639308.2028662282221577712873818625,954043,153,12.17571845,coinmetrics
2022-02-03,267726,194692668.029767762165237927010518977578802,931571,147,10.76295598,coinmetrics
2022-02-04,249753,172457231.3989618048740106045722878652166815396,885216,130,14.3240853,coinmetrics
2022-02-05,253867,157888392.03489855561109544353922525007,951087,119,13.64650025,coinmetrics
2022-02-06,221803,206979739.90370578247047611179426174979,891700,156,10.37575597,coinmetrics
2022-02-07,262908,180443875.51955136619870324486084899972,927917,136,14.56867495,coinmetrics
2022-02-08,277455,204326153.27423211880585280424372399972,1014770,154,14.64817444,coinmetrics
2022-02-09,263940,185751048.77849869352794985996192449986,998247,140,14.52683293,coinmetrics
2022-02-10,261192,195038601.02636540616690133210282424979,1029721,147,19.85041497,coinmetrics
2022-02-11,258085,188404635.40797235719257316751246224993,987669,142,16.45993748,coinmetrics
2022-02-12,224735,248110329.79467423871044706596964974993,1060262,187,12.14472908,coinmetrics
2022-02-13,212378,209633326.53317944613509941934479949986,829229,158,8.79510075,coinmetrics
2022-02-14,249689,202999360.9147863971607712547544375,899786,153,11.2434254,coinmetrics
2022-02-15,272685,232188811.92841447709716742923838800014,1013694,175,12.53663026,coinmetrics
2022-02-16,267496,206979739.90370578247047611179426174979,925324,156,10.05474546,coinmetrics
2022-02-17,256201,213573837.4035231126135171240543052043107708752,931220,157,10.08991856,coinmetrics
2022-02-18,258376,186294129.77324113791574963177924378260228,940726,134,9.18296682,coinmetrics
2022-02-19,218004,207147948.83600090124603697167614760869886,839236,149,6.69284896,coinmetrics
2022-02-20,202691,200196675.815080980135941191710513,741534,144,5.82067653,coinmetrics
2022-02-21,238620,171001327.92603725658305303503920049320171,886316,123,9.87642123,coinmetrics
2022-02-22,256251,211318714.25012626043274228074305790760228,886571,152,8.70721149,coinmetrics
2022-02-23,253563,208538204.64136494035854200848492168070171,859810,150,8.1798461,coinmetrics
2022-02-24,255800,183513620.16447981784154935952110755570171,958866,132,10.42032497,coinmetrics
2022-02-25,260990,186294129.77324113791574963177924378260228,936543,134,11.41903295,coinmetrics
2022-02-26,221994,173781837.53479857665725330729733672010228,818914,125,6.74253227,coinmetrics
2022-02-27,206112,189074637.38003569983914010267796809239772,768705,136,6.86135737,coinmetrics
2022-02-28,274389,214099221.85692082235613275164178221739772,981066,154,9.57794189,coinmetrics
2022-03-01,275460,225221260.291966102652933840674327125,1065354,162,20.38178056,coinmetrics
2022-03-02,289957,189074637.38003569983914010267796809239772,1091796,136,28.40659077,coinmetrics
2022-03-03,270823,204804563.2149038421569933621981374638146212032,1011448,148,20.25082778,coinmetrics
2022-03-04,257979,190365287.083752002729550144611808080786904,949176,139,15.17504806,coinmetrics
2022-03-05,226147,168452736.322100420955852477637148708680356,801293,123,11.20326832,coinmetrics
2022-03-06,205542,179409010.716861417707732189958392169213096,771254,131,9.34883795,coinmetrics
2022-03-07,255761,202691097.010439116744126222430814755786904,917289,148,11.28271007,coinmetrics
2022-03-08,258526,202691097.010439116744126222430814755786904,962840,148,10.60010007,coinmetrics
2022-03-09,272021,188995751.551825885466853779114044866319644,960901,138,11.37686634,coinmetrics
2022-03-10,259229,198582492.386790353225975368269697563426192,993366,145,11.55721584,coinmetrics
2022-03-11,252248,188995751.551825885466853779114044866319644,903967,138,10.94863237,coinmetrics
2022-03-12,222124,213647371.405200113496005934752058216319644,787792,156,7.79177469,coinmetrics
2022-03-13,206930,206799699.661958291992338834259759497106548,751546,151,6.71842289,coinmetrics
2022-03-14,263759,209538768.753680938247793322923113475,936153,153,10.45361332,coinmetrics
2022-03-15,266692,190365287.083752002729550144611808080786904,949102,139,9.95232555,coinmetrics
2022-03-16,276789,212277837.845403584503247811586467452893452,1014991,155,10.25185389,coinmetrics
2022-03-17,272685,217498770.491950183559860014288935428959948,1009859,159,10.32467965,coinmetrics
2022-03-18,266839,195149455.610025794062493793758482067692176,1004891,143,11.00062573,coinmetrics
2022-03-19,236675,211525632.974835705408362333015467373173044,864890,155,7.64799944,coinmetrics
2022-03-20,211211,210160950.381435751406214371600230857307824,780069,154,6.42009386,coinmetrics
2022-03-21,260248,208796269.753177159786910267002973325,941088,153,9.55709531,coinmetrics
2022-03-22,260695,203337543.309860068544006134977985228653912,920483,149,10.76904702,coinmetrics
2022-03-23,266381,197878816.866542977301102002952997132307824,972037,145,10.85476863,coinmetrics
2022-03-24,269340,195149455.610025794062493793758482067692176,966209,143,11.69969179,coinmetrics
2022-03-25,286600,212890313.603094297027666437612724905480868,1068732,156,12.70868332,coinmetrics
2022-03-26,229765,219713722.639811342272718531052949517692176,825356,161,8.04802349,coinmetrics
2022-03-27,219139,178773276.280074520333781397683517778653912,812882,131,7.5739414,coinmetrics
2022-03-28,289835,216984359.418152796651266465040455469519132,1029256,159,10.68856005,coinmetrics
2022-03-29,293194,206066906.531518614165458200990479276826956,972049,151,10.12714519,coinmetrics
2022-03-30,269490,184232002.723391611576685529708505875,940234,135,11.31232477,coinmetrics
2022-03-31,280038,194529355.776195289176825308703553702474583781,979952,138,16.96481317,coinmetrics
2022-04-01,286454,200371606.966793695980759144690724912344132,1073859,141,19.60536896,coinmetrics
2022-04-02,250576,191845154.953414713331655476128037125,932911,135,12.44713676,coinmetrics
2022-04-03,223619,197529456.295667368431057921836495649896088,794992,139,10.35102243,coinmetrics
2022-04-04,276178,224529884.601845000898584125645186025103912,985718,158,12.56121556,coinmetrics
2022-04-05,276073,206055906.262698031577071314861525025207824,952254,145,11.19517327,coinmetrics
2022-04-06,272206,213161283.963688010202869509765927387344132,919776,150,10.0718394,coinmetrics
2022-04-07,266096,196108379.936930044904662172640551812655868,927811,138,9.91456385,coinmetrics
2022-04-08,270556,190424080.641025709308350002469751699792176,929602,134,11.73099289,coinmetrics
2022-04-09,228357,217424508.947203341775876206278442075,786423,153,7.92912544,coinmetrics
2022-04-10,218201,198950530.608056372454363395494781075103912,754197,140,6.72773788,coinmetrics
2022-04-11,279217,194687305.624541040881356698982266387448044,986075,137,10.71721646,coinmetrics
2022-04-12,273114,217424508.947203341775876206278442075,970523,153,10.44351756,coinmetrics
2022-04-13,283767,198950530.608056372454363395494781075103912,960119,140,12.18062555,coinmetrics
2022-04-14,259632,194402491.2641441222765764743843317872849001256,910470,138,11.20233309,coinmetrics
2022-04-15,258904,221692722.384036701102676226303871929201632,893942,158,8.59006414,coinmetrics
2022-04-16,220729,188017879.756392289845491365702461141596736,774863,134,6.23187348,coinmetrics
2022-04-17,211027,231514551.652140540925879328526175093802448,760823,165,5.46124629,coinmetrics
2022-04-18,248528,188017879.756392289845491365702461141596736,930250,134,8.65537877,coinmetrics
2022-04-19,273229,173986693.644464919756422494982956464600816,945444,124,9.30551921,coinmetrics
2022-04-20,283298,224498959.606422175120490000447772864600816,961981,160,8.80298881,coinmetrics
2022-04-21,279919,237127026.096911488961506876813976964600816,970130,169,10.9502007,coinmetrics
2022-04-22,261784,189420997.3573397076152531454930615,945273,135,10.87692103,coinmetrics
2022-04-23,238246,228708314.429755066908065554382274158403264,857006,163,8.36060096,coinmetrics
2022-04-24,217733,239933263.3192969629793206509578779,796298,171,6.51241112,coinmetrics
2022-04-25,277416,227305196.8288076491383037745916738,1003326,162,12.93040811,coinmetrics
2022-04-26,277059,196436589.403058073420642473571463729201632,965991,140,11.49482501,coinmetrics
2022-04-27,285596,243520196.0268335056185837938099346669502524096,967943,170,11.15360634,coinmetrics
2022-04-28,272681,195503621.293934088506453487084478838195382,1003139,132,11.28281613,coinmetrics
2022-04-29,290674,222163205.918890247393856566641805663195382,1059989,150,13.50347131,coinmetrics
2022-04-30,256188,222163205.918890247393856566641805663195382,944577,150,10.38779505,coinmetrics
2022-05-01,233382,247341701.324256191900574635672477462036412,834397,167,7.81212277,coinmetrics
2022-05-02,269678,236974085.318191771221750405954877737268206,966035,160,10.57042025,coinmetrics
2022-05-03,283138,222163205.918890247393856566641805663195382,956710,150,9.8250651,coinmetrics
2022-05-04,229490,216238853.306062929864101946519678287731794,862312,146,13.02134958,coinmetrics
2022-05-05,317562,232530821.924954668072680796359405387963588,1189734,157,22.09571481,coinmetrics
2022-05-06,288758,210314500.693235612334347326397550912268206,1086467,142,17.06765506,coinmetrics
2022-05-07,234267,211795589.912825826715032336924205938427176,837217,143,13.60502393,coinmetrics
2022-05-08,223007,229568645.618541009307803486298341700231794,813799,155,12.03910615,coinmetrics
2022-05-09,287708,229568645.618541009307803486298341700231794,1067791,155,20.60049855,coinmetrics
2022-05-10,279809,227185770.43526814922330786354409864212875,978190,153,17.03896893,coinmetrics
2022-05-11,253805,225257596.897055601713899934258330748125544,981424,145,21.75626382,coinmetrics
2022-05-12,282227,209722591.1401721693868046864305493125,1058679,135,30.04329805,coinmetrics
2022-05-13,267948,236132103.611323170937070375888877739374456,1028898,152,31.42497929,coinmetrics
2022-05-14,292088,219043595.936526812080163719202768167030842,1101356,141,25.21522374,coinmetrics
2022-05-15,233949,189527081.866590929632111685487033455312772,1016251,122,16.17117466,coinmetrics
2022-05-16,272399,254774110.966991484161951967974065459843614,1094147,164,21.27839456,coinmetrics
2022-05-17,278212,228364598.495840482611686278515737032969158,1029420,147,18.69903428,coinmetrics
2022-05-18,264173,208169091.459300215018829751031471164374456,902599,134,16.80345073,coinmetrics
2022-05-19,260343,189527081.866590929632111685487033455312772,897588,122,16.81952637,coinmetrics
2022-05-20,269360,198848086.662945572325470718259252309843614,949339,128,17.21343134,coinmetrics
2022-05-21,216560,209722591.1401721693868046864305493125,758937,135,11.49816203,coinmetrics
2022-05-22,210953,189527081.866590929632111685487033455312772,749577,122,11.86705488,coinmetrics
2022-05-23,268759,248560107.769421722366379279459252890156386,939531,160,15.96576395,coinmetrics
2022-05-24,237379,186420080.267806048734325341229627170469158,841611,120,16.44777842,coinmetrics
2022-05-25,284400,219464677.386246814534244900615187825,1016156,144,19.14786095,coinmetrics
2022-05-26,260517,209555370.570558320892599058853251017314158,894042,141,17.47974945,coinmetrics
2022-05-27,275683,205096744.253220093388404477069978320185842,942679,138,17.596715,coinmetrics
2022-05-28,227772,219958828.410780939273109734360426786542772,783393,148,11.86693737,coinmetrics
2022-05-29,205693,221445035.756467050122797255493333475957228,751185,149,9.82325972,coinmetrics
2022-05-30,267947,228876076.765177499326366879542419551914456,925404,154,13.20245416,coinmetrics
2022-05-31,277824,216986411.579268770096168682902337093271386,998795,146,13.96528616,coinmetrics
2022-06-01,274630,202124327.421707924211463425611888626914456,962754,136,18.9987401,coinmetrics
2022-06-02,262596,185776038.058600914954636656380809785585544,945705,125,19.37788756,coinmetrics
2022-06-03,269049,212527787.402070490069540110311340710585544,932672,143,18.10616262,coinmetrics
2022-06-04,219811,206582953.739046151715658007395161324042772,776053,139,12.51949697,coinmetrics
2022-06-05,195813,216986411.579268770096168682902337093271386,721815,146,9.15242774,coinmetrics
2022-06-06,268569,222931245.242293108450050785818516479814158,952859,150,12.75982461,coinmetrics
2022-06-07,265801,240765744.091226176034131085374778325,941706,162,11.91182851,coinmetrics
2022-06-08,261456,266501680.4499476831151756862318733101440286134,888118,178,10.74681437,coinmetrics
2022-06-09,264597,219787040.620419673599904014470225151120978,914304,146,10.13805792,coinmetrics
2022-06-10,259531,221292430.344500847029207611469150359137066,900195,147,13.66335226,coinmetrics
2022-06-11,228805,231830164.916356831169174891352110420516088,831309,154,11.08947777,coinmetrics
2022-06-12,219703,191184616.353014068038609368819195383016088,762985,127,9.89591581,coinmetrics
2022-06-13,273372,200216961.200788878749273051703230236379022,1011323,133,28.93135694,coinmetrics
2022-06-14,275578,219787040.620419673599904014470225151120978,1075994,146,25.70586325,coinmetrics
2022-06-15,297032,248389462.720062689116251293157760384137066,1063571,165,25.34349663,coinmetrics
2022-06-16,258005,179141492.057076910469338491937310113620978,911369,119,23.85546959,coinmetrics
2022-06-17,248214,162582194.25337105252226209013166015,876153,108,22.07274902,coinmetrics
2022-06-18,246705,234840946.532281768072729452313455371637066,924686,156,20.3023224,coinmetrics
2022-06-19,195875,200216961.200788878749273051703230236379022,733337,133,12.53871419,coinmetrics
2022-06-20,239275,198711571.476707705319969454704305028362934,833932,132,15.40168791,coinmetrics
2022-06-21,260657,225808603.852269547407013136392915053362934,927938,150,16.78535146,coinmetrics
2022-06-22,247129,193096459.392676623821901245433077469746145528,859651,129,16.45287556,coinmetrics
2022-06-23,258973,223431041.438622166975544224109439213013368,866807,152,14.99802924,coinmetrics
2022-06-24,250666,189622395.506427806086794532015183752739974,869532,129,15.90724606,coinmetrics
2022-06-25,217926,221961099.206762349281577155159400434246658,742895,151,13.366848,coinmetrics
2022-06-26,207474,202851865.009590562802292780166934240239974,734812,138,12.75874405,coinmetrics
2022-06-27,258934,199911982.662586047920399716746576386986632,953524,136,14.60033741,coinmetrics
2022-06-28,253741,214611394.397608622329865033848365653253342,922274,146,14.31358989,coinmetrics
2022-06-29,257517,221961099.206762349281577155159400434246658,899514,151,12.92625421,coinmetrics
2022-06-30,275120,251359920.5600923775944667148832592625,967680,171,17.00810933,coinmetrics
2022-07-01,272893,196972102.432296653544547727805938238013368,946760,134,18.17324786,coinmetrics
2022-07-02,235532,202851865.009590562802292780166934240239974,844916,138,13.10583932,coinmetrics
2022-07-03,196946,227840863.900771379045363282000116140753342,701943,155,9.53446424,coinmetrics
2022-07-04,251379,210201571.935459410260045975957688725513368,883632,143,14.3049814,coinmetrics
2022-07-05,244533,173453043.656260534489403220443075411986632,864471,118,19.58042321,coinmetrics
2022-07-06,264360,186599522.8930837792248892064809912294171400904,969280,127,24.67085257,coinmetrics
2022-07-07,284162,227523378.270895744686926673361098877652772,1007259,157,24.61107664,coinmetrics
2022-07-08,264779,214480636.867937881927462826372427165152772,936111,148,22.39709481,coinmetrics
2022-07-09,219088,194191928.482634234184576406948763505305544,773277,134,15.61982789,coinmetrics
2022-07-10,198306,221726603.8502836669108853988074191125,705622,153,12.59707686,coinmetrics
2022-07-11,234215,178250799.869370332537091922683251910229158,839927,123,15.81462702,coinmetrics
2022-07-12,274945,218828216.639977628022864761530579229923614,943773,151,17.14982003,coinmetrics
2022-07-13,225738,159411284.045800392001586801140900432576386,815549,110,23.81414434,coinmetrics
2022-07-14,282646,179699992.431104039744473220564564092423614,983744,124,31.14087707,coinmetrics
2022-07-15,267630,205785475.237019765263400914541907517423614,943171,142,25.8709279,coinmetrics
2022-07-16,223950,214480636.867937881927462826372427165152772,771028,148,17.9556057,coinmetrics
2022-07-17,201095,179699992.431104039744473220564564092423614,723539,124,15.71628374,coinmetrics
2022-07-18,254873,189844346.623755863615916430276395922347228,887138,131,23.1208513,coinmetrics
2022-07-19,279366,199988700.816407687487359639988227752270842,994059,138,26.44173796,coinmetrics
2022-07-20,254748,182598379.641410078632493857841403975,905497,126,25.4408358,coinmetrics
2022-07-21,278928,198824710.5667849855518345928284406539042870024,964460,139,24.49605718,coinmetrics
2022-07-22,262220,181711863.299495812612750097460872883925356,848578,132,21.5286848,coinmetrics
2022-07-23,219584,211997172.197485757393129025667518404766192,755495,154,12.95300963,coinmetrics
2022-07-24,201963,216126988.578997608470617979329851847616904,736224,157,10.72791437,coinmetrics
2022-07-25,251613,195477912.618372039441459127950784488691548,892636,142,12.63441662,coinmetrics
2022-07-26,260791,220256802.978198230762011627347985338691548,945582,160,14.39558912,coinmetrics
2022-07-27,265290,227139827.637636344176366142592941141074644,916926,165,12.70102031,coinmetrics
2022-07-28,283820,194101308.479408908273026347159473308925356,1008866,141,15.94393098,coinmetrics
2022-07-29,280447,200984333.138847021687380862404429111308452,945142,146,15.14116206,coinmetrics
2022-07-30,228995,177582046.917983961535261143798539441074644,785742,129,12.20975627,coinmetrics
2022-07-31,215224,209243963.919559495056263464084896045233808,787873,152,11.49215553,coinmetrics
2022-08-01,248469,187218281.837659566072576526270317554766192,907238,136,14.15151466,coinmetrics
2022-08-02,267917,213373778.318760117347657112103029536308452,946865,155,15.41047824,coinmetrics
2022-08-03,282580,199607727.017572661732852775968917979766192,977386,145,15.6220485,coinmetrics
2022-08-04,278115,183293576.20328617825526917592050951053,948545,132,17.31179787,coinmetrics
2022-08-05,269270,210085555.711822375866592718272695287134644,944004,150,19.70561752,coinmetrics
2022-08-06,232291,225491829.972147198556380619263070557846192,856759,161,13.26815456,coinmetrics
2022-08-07,199770,222690689.014195291850994950218969862134644,716918,159,11.19968388,coinmetrics
2022-08-08,257482,201682132.8379666557504357111403932,918162,144,15.89323274,coinmetrics
2022-08-09,251924,200281563.367401366587576155370521407846192,941249,143,22.63063634,coinmetrics
2022-08-10,270675,207284414.753870469161207049228594591423096,1035793,148,19.4663578,coinmetrics
2022-08-11,284126,196079850.922062842339664373052191808576904,1002846,140,18.4381356,coinmetrics
2022-08-12,269215,215687835.610904860897697498856539567153808,948381,154,16.98546166,coinmetrics
2022-08-13,239894,194679281.451497553176804817282320016423096,834925,139,11.68151403,coinmetrics
2022-08-14,202156,186275858.577641833060647810150017929288452,811197,133,7.6854451,coinmetrics
2022-08-15,245572,203082702.308531944913295266910264992153808,922140,145,10.72646248,coinmetrics
2022-08-16,269531,207284414.753870469161207049228594591423096,1020819,148,11.73698683,coinmetrics
2022-08-17,255933,180673576.661738019649876472061816537865356,915870,129,15.55733617,coinmetrics
2022-08-18,292682,202447354.27677863782509104045972625972,1009836,144,14.79958235,coinmetrics
2022-08-19,276337,250867150.56061098055822775426602407018057,982140,178,13.53336601,coinmetrics
2022-08-20,226096,209995535.88119569474590861104691057786114,841648,149,8.94198715,coinmetrics
2022-08-21,201437,205767438.51073447984784565049332167981943,753797,146,7.8864978,coinmetrics
2022-08-22,250080,204358071.36758936652228255873524121822228,880923,145,10.612358,coinmetrics
2022-08-23,257650,242410953.79020148822278867579852003072228,930754,172,11.45792651,coinmetrics
2022-08-24,260385,205767438.51073447984784565049332167981943,930584,146,9.95411646,coinmetrics
2022-08-25,255143,224089197.16521151530497374182608397695829,898274,159,10.67640461,coinmetrics
2022-08-26,265467,248048418.30380781644641472811018939036114,937226,176,11.46921892,coinmetrics
2022-08-27,221784,204358071.36758936652228255873524121822228,830874,145,8.57697937,coinmetrics
2022-08-28,204472,226907929.42201467941678676798191865677772,776186,161,7.66443866,coinmetrics
2022-08-29,253563,221270464.90840835119316071567024929713886,939245,157,11.05466883,coinmetrics
2022-08-30,263101,228317294.535672730203036702379672875,951380,162,12.11978636,coinmetrics
2022-08-31,258575,220515247.0319977402651533206270269110264352344,916812,146,13.41263163,coinmetrics
2022-09-01,270341,212503107.418256587557341120537057886577908,969786,138,14.60997864,coinmetrics
2022-09-02,270262,198644209.060165424514588741222893661577908,996822,129,18.53467979,coinmetrics
2022-09-03,235843,226362005.776347750600093499851222111577908,916603,147,13.82420616,coinmetrics
2022-09-04,206295,258699436.756842955896239776144525763422092,774639,168,10.50035731,coinmetrics
2022-09-05,253103,235601272.087549771726790448340791825,942780,153,14.23661778,coinmetrics
2022-09-06,267063,218662618.292391268308472419530104362192636,927513,142,15.36578653,coinmetrics
2022-09-07,264285,224822129.166525949059603718523150837807364,951645,146,14.69645264,coinmetrics
2022-09-08,266823,195564453.623098084139023091726370423770544,947648,127,15.87666942,coinmetrics
2022-09-09,286018,226362005.776347750600093499851222111577908,1021884,147,16.98507349,coinmetrics
2022-09-10,240963,241760782.961684452477921747333838300614728,873305,157,12.26181299,coinmetrics
2022-09-11,225743,281797599.208712402771103017107879011577908,871675,183,10.63620603,coinmetrics
2022-09-12,269113,235601272.087549771726790448340791825,989815,153,12.84928121,coinmetrics
2022-09-13,259359,212237771.6665517973233018969651269040076934512,948189,137,15.77916655,coinmetrics
2022-09-14,269647,202308898.955436121609999761474942395527824,977568,127,17.0316924,coinmetrics
2022-09-15,277597,234168568.497706474146399763918996027895868,953771,147,17.3230453,coinmetrics
2022-09-16,260328,203901883.694192543017582491792483332368044,933213,128,19.57596627,coinmetrics
2022-09-17,245261,270807189.962349902213252084233239279472176,918990,170,16.17707211,coinmetrics
2022-09-18,212149,245319452.493416669230295383812049820527824,775872,154,12.01743164,coinmetrics
2022-09-19,255334,207087850.877809197140452079345132014736088,912328,130,13.28074414,coinmetrics
2022-09-20,268728,242133487.603696203799721669341834329472176,952698,152,14.63122035,coinmetrics
2022-09-21,263619,224610669.240752700470086874343483172104132,918372,141,14.26890175,coinmetrics
2022-09-22,246387,203901883.694192543017582491792483332368044,860577,128,12.8666359,coinmetrics
2022-09-23,276441,215052767.689902738101478111685537125,968636,135,15.67245082,coinmetrics
2022-09-24,226763,232575586.052846241431112906683888282368044,799441,146,10.91752828,coinmetrics
2022-09-25,208905,234168568.497706474146399763918996027895868,781165,147,10.46772637,coinmetrics
2022-09-26,264276,238947520.420079549676852081789185647104132,938059,150,14.64353481,coinmetrics
2022-09-27,275487,205494866.139052775732869349027591077895868,966074,129,17.21328433,coinmetrics
2022-09-28,258906,234113533.8337632507431068206796288906815696,849979,150,13.75538702,coinmetrics
2022-09-29,266329,222928607.672785200381349673286910315496736,874705,143,14.81669729,coinmetrics
2022-09-30,292553,263461080.366552658756704623218048508625816,1005499,169,17.14726597,coinmetrics
2022-10-01,236007,282168375.283301064175727842995812284503264,867330,181,11.63954428,coinmetrics
2022-10-02,216756,244753785.449804253337681403440284732748368,852250,157,9.13229056,coinmetrics
2022-10-03,268836,240076960.036960542129304716638918734503264,964012,154,11.29011357,coinmetrics
2022-10-04,280235,254107431.785740716144779092091216584503264,932869,163,10.28849637,coinmetrics
2022-10-05,267518,272814728.947364601368630154344880432748368,891063,175,9.24387151,coinmetrics
2022-10-06,276491,247871668.310074900874989913815895374122552,930050,159,10.36318348,coinmetrics
2022-10-07,270954,266578963.22682330629401313359365915,936123,171,10.32452635,coinmetrics
2022-10-08,235954,272814728.947364601368630154344880432748368,815047,175,6.6463794,coinmetrics
2022-10-09,214993,246312725.757501837203921737390140017251632,787417,158,6.08936138,coinmetrics
2022-10-10,253025,282818946.6660148926680360856754048163932704762,896218,168,7.94699149,coinmetrics
2022-10-11,272927,277924882.769347563359229710760581711671632,916599,157,9.14772243,coinmetrics
2022-10-12,260366,242520438.893388897945386198529636080835816,871140,137,9.32404406,coinmetrics
2022-10-13,275214,253141772.820912479172358572315385073343264,933599,143,14.93511743,coinmetrics
2022-10-14,284575,276154659.173533663816702114935514707492552,984001,156,14.68792708,coinmetrics
2022-10-15,241112,269073772.437637881674784932799899723343264,838678,152,9.26675507,coinmetrics
2022-10-16,214703,254911993.8676064400388217677522344,769067,144,8.29780449,coinmetrics
2022-10-17,261168,265533327.795130021265794141537983392507448,870371,150,13.1668306,coinmetrics
2022-10-18,258490,251371549.225098579629830976490318069164184,887194,142,17.07848573,coinmetrics
2022-10-19,260354,267303548.841823982132257336974832719164184,923688,151,16.33306213,coinmetrics
2022-10-20,268532,256682214.914300400905284963189083726656736,893489,145,12.89876006,coinmetrics
2022-10-21,266487,276154659.173533663816702114935514707492552,913925,156,11.66121356,coinmetrics
2022-10-22,231911,240750215.297574998402858602704569076656736,817446,136,9.09253204,coinmetrics
2022-10-23,218227,274810664.8495724948255838127748401938062437902,803523,155,7.84897897,coinmetrics
2022-10-24,266297,249031191.577437549926407181883568400853264,922514,136,12.00625193,coinmetrics
2022-10-25,251891,223395628.203901484093666250244790050426632,829386,122,17.4666418,coinmetrics
2022-10-26,305561,283822315.558780094475017512089628374786684,1051950,155,23.38594935,coinmetrics
2022-10-27,265430,247200081.037956772826156648257514625,895161,135,17.10950234,coinmetrics
2022-10-28,279384,291146762.990304931685764133551851974360052,925522,159,18.67684389,coinmetrics
2022-10-29,251735,261848975.901006447247649891181961824146736,871729,143,14.41367012,coinmetrics
2022-10-30,223333,247200081.037956772826156648257514625,830676,135,12.85734925,coinmetrics
2022-10-31,290008,316782326.363840997518505065190630324786684,980614,173,15.89999085,coinmetrics
2022-11-01,273150,263680086.4404872243479004248080156,955117,144,14.58986622,coinmetrics
2022-11-02,258761,223395628.203901484093666250244790050426632,869056,122,17.21170919,coinmetrics
2022-11-03,294320,300302320.9613105737152076611639949283052,1009478,164,18.64138734,coinmetrics
2022-11-04,281439,236213409.8906695388129608944925727150844,939102,129,19.49888769,coinmetrics
2022-11-05,253538,276497868.1272552827855232914368675716948,916525,151,16.45775871,coinmetrics
2022-11-06,223686,250862304.7537192145865735795124924283052,811578,137,13.113067,coinmetrics
2022-11-07,267661,263168681.00773701886494925962854203704,920253,144,16.10616126,coinmetrics
2022-11-08,296138,297875785.7478075892991138835197655454584,1051006,163,21.91772278,coinmetrics
2022-11-09,293667,272291362.9163776173788418109888796477292,1076579,149,25.72038455,coinmetrics
2022-11-10,294575,268636444.9930960936417398646904563465938,1056871,147,24.09456215,coinmetrics
2022-11-11,278829,244879482.4390772307097395410878207045416,964454,134,21.32007332,coinmetrics
2022-11-12,245106,305185621.5943706367733177761166121477292,942728,167,16.69044886,coinmetrics
2022-11-13,224942,235742186.3151030742472638995627238465938,895185,129,16.32707442,coinmetrics
2022-11-14,244858,224777435.1767991972753996122255311534062,954601,123,23.25720034,coinmetrics
2022-11-15,281221,283256116.6862221885901476498841495511354,986709,155,36.20440793,coinmetrics
2022-11-16,264899,274118823.1937887263671135599171299034062,944275,150,35.40208783,coinmetrics
2022-11-17,254924,252189315.6540995839445018821265900965938,902258,138,35.45544762,coinmetrics
2022-11-18,275776,254016775.9315106929327736310548403522708,955851,139,42.86837889,coinmetrics
2022-11-19,262900,268636444.9930960936417398646904563465938,1113245,147,26.54277965,coinmetrics
2022-11-20,229629,272422405.8222945713855884064755202056052700348,1013890,149,19.74182964,coinmetrics
2022-11-21,269034,236949653.0891524680537008558082510660498,974239,129,25.24633127,coinmetrics
2022-11-22,257097,231439196.9017366316868208607869275,931145,126,27.46384387,coinmetrics
2022-11-23,270971,258991483.1288545998466295601637364339502,1057775,141,28.57745437,coinmetrics
2022-11-24,250821,236949653.0891524680537008558082510660498,988182,129,27.10556514,coinmetrics
2022-11-25,262820,225928740.7143207953199408657656039339502,981465,123,27.75268397,coinmetrics
2022-11-26,230269,200213272.3346683082281907106842043380664,892687,109,23.45026892,coinmetrics
2022-11-27,223392,249807385.9564690150182237522814030880664,855437,136,17.739806,coinmetrics
2022-11-28,259679,255317844.7889042445478081094378222059668,931505,139,22.74525336,coinmetrics
2022-11-29,271896,240623291.4291028233525223065341652940332,955669,131,23.42829953,coinmetrics
2022-11-30,272102,253481024.2964193703170452030073173160498,946754,138,27.77862908,coinmetrics
2022-12-01,286994,281033310.52353733847685390238412625,1030232,153,28.90736246,coinmetrics
2022-12-02,271522,229602379.0542711506187623164915181619336,970221,125,29.29651241,coinmetrics
2022-12-03,249912,240623291.4291028233525223065341652940332,938854,131,22.33636235,coinmetrics
2022-12-04,216703,257154662.6363697256158666537332315440332,842351,140,16.59440938,coinmetrics
2022-12-05,273083,268175577.6562207915123310059109742279834,960563,146,21.4701627,coinmetrics
2022-12-06,264624,230616963.69146737546043375038982555555625,941978,135,22.77322737,coinmetrics
2022-12-07,266558,292794731.6482504811800555073709927057072,899850,172,17.55649594,coinmetrics
2022-12-08,270258,284283257.4040976800479745987444288528536,905789,167,15.35606054,coinmetrics
2022-12-09,268606,258748834.6716392766517318728647372942928,946767,152,13.62308068,coinmetrics
2022-12-10,231276,262153422.4082566057449562084690077057072,909506,154,11.79191791,coinmetrics
2022-12-11,220885,250237357.9761817363201409294302295292804,781176,147,8.2953374,coinmetrics
2022-12-12,264207,243428180.0516423389341822234137447942928,905428,143,12.76764782,coinmetrics
2022-12-13,286344,280878667.2161756117552402283322145292804,974065,165,13.21191779,coinmetrics
2022-12-14,279228,251939654.2957951400662631320403086471464,930586,148,15.26543356,coinmetrics
2022-12-15,271326,236618999.6757982023487134825893161471464,897844,139,20.30874976,coinmetrics
2022-12-16,258839,221298345.0558012646311638331383236471464,893040,130,17.2199916,coinmetrics
2022-12-17,261183,234916703.3561847986025912799792370292804,967830,138,16.77524318,coinmetrics
2022-12-18,207910,246832767.7882596680274065590180152057072,783263,145,11.2231636,coinmetrics
2022-12-19,262020,234239565.5288072179007454855810081498819986928,971140,136,18.41970834,coinmetrics
2022-12-20,270300,246114014.5930936689806051841306771858624,950486,140,18.15026627,coinmetrics
2022-12-21,268746,251387888.0340677726764869766767856282752,905699,143,16.26894928,coinmetrics
2022-12-22,276334,237324228.9000814182886268122143,908585,135,17.40724802,coinmetrics
2022-12-23,275188,232050357.9905657561936134814135442212064,891725,132,17.67253814,coinmetrics
2022-12-24,215536,156458196.4740352053610362517910656282752,758680,89,17.35118092,coinmetrics
2022-12-25,196741,247871973.2505711840795219355611642212064,731599,141,13.55381704,coinmetrics
2022-12-26,227132,226776484.5495916524977316888674357787936,787672,129,18.14874832,coinmetrics
2022-12-27,241695,202165083.5965739739198448628034385929312,867369,115,23.58239586,coinmetrics
2022-12-28,269982,295336819.0305874677372472980040242212064,904203,168,20.58845622,coinmetrics
2022-12-29,266982,247871973.2505711840795219355611642212064,945186,141,20.28002828,coinmetrics
2022-12-30,286348,277757245.1131045247524220924259171858624,1050756,158,21.70292619,coinmetrics
2022-12-31,243946,274241330.3296079361554570513102957787936,839910,156,12.23102299,coinmetrics
2023-01-01,189355,272483374.2035888626574087616251614070688,719716,155,7.11426538,coinmetrics
2023-01-02,228547,274241330.3296079361554570513102957787936,842261,156,8.81160672,coinmetrics
2023-01-03,273459,261567697.3308510654836788860386682320194880712,985169,154,13.06023335,coinmetrics
2023-01-04,279254,242356483.0955473509369902509710763697664,922281,143,14.69062023,coinmetrics
2023-01-05,274976,266083690.5822478791261816717590181848832,922508,157,14.10142118,coinmetrics
2023-01-06,273358,305064103.2304720077003927289968,932794,180,13.0006234,coinmetrics
2023-01-07,250336,260999287.2347314617686577518736436302336,809225,154,8.44708931,coinmetrics
2023-01-08,229074,259304487.74590120654533381964728,755503,153,6.7613671,coinmetrics
2023-01-09,286289,257609688.2570709513220098874209163697664,981056,152,10.95318244,coinmetrics
2023-01-10,306036,286421296.6507750710249491664910909075584,1146540,169,11.08795813,coinmetrics
2023-01-11,288569,249135683.4913811976740620414796727226752,944957,147,12.81217909,coinmetrics
2023-01-12,310585,255914886.3277278702549098935914109075584,1034292,151,16.41895379,coinmetrics
2023-01-13,320370,269473292.0004212154166055978148872773248,1072059,159,16.70295439,coinmetrics
2023-01-14,303624,289810898.06894840731537309254696,965948,171,13.5821861,coinmetrics
2023-01-15,255156,281119760.74708688527620001985071331248687596,807742,163,8.06290171,coinmetrics
2023-01-16,303811,274688842.3501408043391038114701072066602,966312,147,10.40742888,coinmetrics
2023-01-17,309004,291506526.6305745165408733091577284566602,988775,156,13.20294079,coinmetrics
2023-01-18,294539,261608421.5421178598343268635223039711068,942079,140,15.88320858,coinmetrics
2023-01-19,298607,270951578.8777300366421112617302891922136,926693,145,16.083276,coinmetrics
2023-01-20,303214,246659370.3433042739157506168461515433398,933005,132,20.50014614,coinmetrics
2023-01-21,286001,257871158.0697070921373343137824859566602,906764,138,15.85744364,coinmetrics
2023-01-22,249747,282163369.2949623397330889109497432355534,863236,151,13.65075731,coinmetrics
2023-01-23,296833,295243790.1029852842378658588975464711068,933346,158,15.12028084,coinmetrics
2023-01-24,288416,241053473.7892733799355648160948647066602,908199,129,16.97276058,coinmetrics
2023-01-25,306272,327010528.2730620672276055555444397788932,912032,175,12.41888443,coinmetrics
2023-01-26,297461,289637896.2397838751270740104293792644466,892287,155,12.02274123,coinmetrics
2023-01-27,305372,287769263.1581637488438807594179104422136,929064,154,14.80757574,coinmetrics
2023-01-28,268374,313930107.4650391227228286075966365433398,857014,168,11.23421149,coinmetrics
2023-01-29,258804,311438925.8972278325737578794594421772955804808,829895,161,8.48808802,coinmetrics
2023-01-30,311188,269948141.5759667566959963340700892061614,957363,138,11.69856926,coinmetrics
2023-01-31,312359,224956785.1161139943740551785959951520538,944348,115,19.03050643,coinmetrics
2023-02-01,343824,267991996.8676471508404116756692698479462,1050528,137,21.5658709,coinmetrics
2023-02-02,335421,283641162.9847545459781371465523993582152,983946,145,21.48587931,coinmetrics
2023-02-03,317695,260167412.4006683618893742396149426520538,988867,133,25.22371902,coinmetrics
2023-02-04,302062,266035849.3424773622204776160429256082152,961115,136,19.39341043,coinmetrics
2023-02-05,256347,297334187.2103925180246273602602343917848,802171,152,14.39425249,coinmetrics
2023-02-06,304492,289509602.7434137290735899242059071958924,920525,148,18.8160648,coinmetrics
2023-02-07,303225,277772726.0429455456470337701244164020538,944049,142,22.11979398,coinmetrics
2023-02-08,315120,269948141.5759667566959963340700892061614,942153,138,18.25106286,coinmetrics
2023-02-09,363668,316895645.5609893076378715491705275,1056974,162,21.24740952,coinmetrics
2023-02-10,302716,287553455.2182439404536558645795629561614,923753,147,27.41138447,coinmetrics
2023-02-11,281958,289509602.7434137290735899242059071958924,896301,148,22.29779204,coinmetrics
2023-02-12,256348,315851203.9583589728746767969558474999975,861493,162,18.56710951,coinmetrics
2023-02-13,297879,303650130.9946970477872412446051726873182,957593,156,24.3538902,coinmetrics
2023-02-14,305330,299757180.2739147952186419409635277497576,913570,154,26.33541292,coinmetrics
2023-02-15,325059,317275457.1159727844126996718263114997576,993456,163,35.35653619,coinmetrics
2023-02-16,341817,348419062.8822308049614941009594710002424,1118226,179,31.1085191,coinmetrics
2023-02-17,322140,321168407.8367550369812989754679564373182,1050009,165,26.35534112,coinmetrics
2023-02-18,273988,327007835.3193905631988370664550423126818,1046593,168,19.50432466,coinmetrics
2023-02-19,244509,315328983.1570438054930391555301075,928713,162,15.93394346,coinmetrics
2023-02-20,267205,286131854.1526390585931835137423889373182,908106,147,17.401071,coinmetrics
2023-02-21,293613,325061358.5575372895498982791096013748788,1012926,167,17.57164606,coinmetrics
2023-02-22,277803,272506528.0313633219677250865212501248788,931144,140,18.22752541,coinmetrics
2023-02-23,291650,332847259.99910179468709688639289125,1071298,171,19.21187824,coinmetrics
2023-02-24,298377,262774152.63086983791086596294175625,964247,135,18.83631124,coinmetrics
2023-02-25,259206,228809606.1413121257381283928689104725702512288,811239,107,15.71188021,coinmetrics
2023-02-26,271471,359556659.210642265735299389680280680159,905055,168,14.85832071,coinmetrics
2023-02-27,296912,299630547.801244781612731513963287879894,982682,140,23.10896127,coinmetrics
2023-02-28,335341,293209894.218132777706756223836924810053,983627,137,26.40999973,coinmetrics
2023-03-01,377754,363837095.960021672672628234722486740212,1076257,170,24.93559574,coinmetrics
2023-03-02,330024,308191421.3000035954873892040477,939444,144,24.61035964,coinmetrics
2023-03-03,355066,359556659.210642265735299389680280680159,1086253,168,27.55528317,coinmetrics
2023-03-04,306924,325313168.297521223236704584216524240212,905589,152,20.07201795,coinmetrics
2023-03-05,287178,331733821.880633227142679874342887310053,995537,155,17.3318967,coinmetrics
2023-03-06,318245,282508803.885641366863452088668355680159,931807,132,24.49760304,coinmetrics
2023-03-07,360867,353136002.545616048829288144680025569841,1063023,165,25.42310965,coinmetrics
2023-03-08,290018,284649020.719373963832098533752512689947,885079,133,26.4980701,coinmetrics
2023-03-09,339133,288929457.46875337076942737879471875,929904,135,45.45094152,coinmetrics
2023-03-10,322995,291688415.564575746214885572299433178615167756,979055,136,43.24846249,coinmetrics
2023-03-11,323403,357219694.8827461302481322620081860579786,982511,165,27.14724538,coinmetrics
2023-03-12,263955,348559825.8912208977132899905727381726952,886609,161,21.43266206,coinmetrics
2023-03-13,335201,339899953.7821419553143252446397797113476,999918,157,26.19495361,coinmetrics
2023-03-14,327923,316085307.0409517186492334305728992306738,1024780,146,37.56809492,coinmetrics
2023-03-15,343857,318250273.5094445993169133798073835579786,1006730,147,33.32870071,coinmetrics
2023-03-16,295146,290105693.8312686013164616672715344226952,879957,134,33.35299825,coinmetrics
2023-03-17,339244,318250273.5094445993169133798073835579786,1085422,147,43.16289184,coinmetrics
2023-03-18,293458,350724792.3597137783809699398072225,955447,162,34.22495221,coinmetrics
2023-03-19,271293,320415243.0954911898487158035393784613476,845573,148,28.41228189,coinmetrics
2023-03-20,337263,333405048.1415558935830404479413055773048,1014355,154,29.31887864,coinmetrics
2023-03-21,331907,313920337.4549051281174310068409043273048,990544,145,29.69900996,coinmetrics
2023-03-22,296448,344229889.8366814265138076176062589420214,940276,159,35.43585315,coinmetrics
2023-03-23,292159,398970829.725713246580338489200332205684261779,902932,183,38.85922915,coinmetrics
2023-03-24,294570,377232885.4931152521081537852925875,893101,162,44.41177294,coinmetrics
2023-03-25,287422,337646717.006621387901781095791399783412,898042,145,30.02596854,coinmetrics
2023-03-26,266890,335318120.4383246685405811424823,851151,144,22.08619822,coinmetrics
2023-03-27,295339,344632513.417873954751874326530321983294,1057595,148,24.65912588,coinmetrics
2023-03-28,317587,312032141.342632657395594867768056466588,982699,134,26.77974016,coinmetrics
2023-03-29,328588,342303913.496396031007427687815410775059,977852,147,27.22157982,coinmetrics
2023-03-30,331354,360932699.455494603430014055911454741647,1021839,155,27.69532638,coinmetrics
2023-03-31,308895,328332327.380253306073734597149189224941,1043754,141,33.43660245,coinmetrics
2023-04-01,316521,326003727.458775382329287958434278016706,1038858,140,30.71648204,coinmetrics
2023-04-02,342161,346961109.986170674113074279839421766706,1012005,149,24.14681689,coinmetrics
2023-04-03,336905,305046344.931380090545501637029134266706,985157,131,28.41745704,coinmetrics
2023-04-04,419443,377232885.4931152521081537852925875,1108155,162,33.1947129,coinmetrics
2023-04-05,345029,323675130.890478662968088005125178233294,964688,139,32.47502967,coinmetrics
2023-04-06,352346,375586794.880830196025935708554172300163475,1022873,160,32.29154074,coinmetrics
2023-04-07,351639,338032941.785607291839724838359735158175,956362,142,26.9726815,coinmetrics
2023-04-08,325340,349935509.409986910908070119021861724525,885739,147,22.02735161,coinmetrics
2023-04-09,277152,347554997.256286865178189376925264841825,936112,146,17.05816287,coinmetrics
2023-04-10,292988,292803183.441788861296224457807825775475,947327,123,22.0618439,coinmetrics
2023-04-11,375758,366599104.7697063166456476689667531327,1146146,154,30.45382908,coinmetrics
2023-04-12,344791,380882187.975725676653344476815047658175,1056542,160,25.31904837,coinmetrics
2023-04-13,326572,338032941.785607291839724838359735158175,1009669,142,25.25492416,coinmetrics
2023-04-14,316304,333271914.05026750517049256907697031635,1016042,140,28.18661616,coinmetrics
2023-04-15,275326,376121160.24038588998411220753228281635,1045660,158,20.78379991,coinmetrics
2023-04-16,235578,295183695.595488907026105199904422658175,840992,124,15.97357635,coinmetrics
2023-04-17,316549,368979620.351346057584999196152921091825,984242,155,21.00255235,coinmetrics
2023-04-18,313000,395165271.18174503666104128466334218365,1149264,166,20.06773389,coinmetrics
2023-04-19,298359,330891401.89656745944061182698037343365,985732,139,21.31312735,coinmetrics
2023-04-20,297440,319518832.8346639519776090104577360376608289056,951443,133,21.23186653,coinmetrics
2023-04-21,352999,351118489.4146720294917770660647361666472,1015546,145,23.64163868,coinmetrics
2023-04-22,356615,360804517.5265041861968442246362574583236,914896,149,16.20035622,coinmetrics
2023-04-23,434101,355961503.4705881078443106453504968124854,840711,147,13.71348298,coinmetrics
2023-04-24,358615,341432464.7898097140886990171582631875146,998948,141,21.47546548,coinmetrics
2023-04-25,373152,302688355.8294509285704194925372263333528,895988,125,26.31098275,coinmetrics
2023-04-26,433927,314795889.2257562038007588859191037916764,893248,130,33.61225273,coinmetrics
2023-04-27,419005,314795889.2257562038007588859191037916764,892914,130,41.97388701,coinmetrics
2023-04-28,484327,355961503.4705881078443106453504968124854,957827,147,46.24499578,coinmetrics
2023-04-29,487346,331746436.6779775573836318585867418958382,803633,137,42.30656248,coinmetrics
2023-04-30,561448,358383012.2420310676715719898259012916764,767567,148,47.3982445,coinmetrics
2023-05-01,685711,440714244.2186647170606646183537356458382,929691,182,70.11933593,coinmetrics
2023-05-02,460621,312374380.4543132439734975414436993124854,820724,129,117.72660266,coinmetrics
2023-05-03,488518,341432464.7898097140886990171582631875146,953701,141,120.52415795,coinmetrics
2023-05-04,490738,351712781.6347697333482339604177883325993651446,914598,146,117.34406712,coinmetrics
2023-05-05,411057,283977798.8604690195495221913475520454972,822037,119,136.47256109,coinmetrics
2023-05-06,603617,355568839.3482854956454037054762484090056,764917,149,182.12939172,coinmetrics
2023-05-07,614264,331705160.3311366697458134764187115909944,549932,139,421.85480697,coinmetrics
2023-05-08,573864,326932423.8404329048864732652159870454972,696710,137,628.25025955,coinmetrics
2023-05-09,592036,360341575.8389892605047439166789729545028,772112,151,438.71869318,coinmetrics
2023-05-10,672910,405682570.7824900274699205096268131819888,891517,170,329.34611728,coinmetrics
2023-05-11,544837,360341575.8389892605047439166789729545028,831417,151,193.29433194,coinmetrics
2023-05-12,508450,336477896.8218404346051536876214361364916,809188,141,171.43509235,coinmetrics
2023-05-13,581550,346023366.3668779659267232830707993180112,705679,145,111.46703675,coinmetrics
2023-05-14,626942,415228040.3275275587914901050761763635084,835319,174,84.1081243,coinmetrics
2023-05-15,526691,350796102.8575817307860634942735238635084,817441,147,91.45107633,coinmetrics
2023-05-16,564700,365114312.3296930253640841278816975,814467,153,113.38686311,coinmetrics
2023-05-17,579967,381818888.3289712031732194536131904545028,841652,160,92.75284431,coinmetrics
2023-05-18,478050,345151895.572956714581863407846060348588242829,814709,141,107.84467322,coinmetrics
2023-05-19,513521,369469366.9436956997508905042279278253496,904374,150,117.73843376,coinmetrics
2023-05-20,423450,322669911.9767492099769627422975431164336,719434,131,81.55654324,coinmetrics
2023-05-21,487763,371932494.4723690306977067962891690582168,775828,151,71.58644729,coinmetrics
2023-05-22,506455,354690591.13093798014185334760488,817592,144,70.67962286,coinmetrics
2023-05-23,514901,379321880.6052949348475354738914262328672,859507,154,70.22130147,coinmetrics
2023-05-24,398061,347301204.9980120759920246700026228253496,859470,141,65.28136252,coinmetrics
2023-05-25,466257,371932494.4723690306977067962891690582168,923963,151,91.38298565,coinmetrics
2023-05-26,533103,376858753.076621603900719181830185,963216,153,98.62111763,coinmetrics
2023-05-27,469559,357153718.6596113110886696396661212328672,877266,145,60.90225342,coinmetrics
2023-05-28,499561,394100656.4180526544565726305144740582168,863880,160,62.65696259,coinmetrics
2023-05-29,548854,399026915.02230522765958501605549,912071,162,71.08123836,coinmetrics
2023-05-30,511408,379321880.6052949348475354738914262328672,959148,154,81.20036503,coinmetrics
2023-05-31,421021,350148490.6078393528842917051306640404079569346,925966,141,69.18941323,coinmetrics
2023-06-01,351891,336187210.7165765855898123502292888590158,919298,132,68.57090256,coinmetrics
2023-06-02,485798,417687139.4758991424465900814970462863386,982760,164,75.16251214,coinmetrics
2023-06-03,380045,331093464.7106818219307033211500750726772,873884,130,44.31612452,coinmetrics
2023-06-04,357474,376937175.0962378640182012158631675726772,879948,148,37.20531165,coinmetrics
2023-06-05,363110,351468445.0667640457226560704670986409842,884289,138,59.73421051,coinmetrics
2023-06-06,468063,384577792.2713315940846230759820724636614,1032895,151,84.66791356,coinmetrics
2023-06-07,429649,343827827.89167031565623421034819375,1004588,135,95.95116093,coinmetrics
2023-06-08,403263,392218409.4464253241510449361009773546456,964762,154,68.67556866,coinmetrics
2023-06-09,387748,430421502.6568876361721209706951649636614,1020140,169,73.27203881,coinmetrics
2023-06-10,364874,392218409.4464253241510449361009773546456,943047,154,48.84567222,coinmetrics
2023-06-11,401105,415140264.6392033451947938834575236046456,872589,163,34.90257256,coinmetrics
2023-06-12,371500,399859030.2890158850619501632197138226772,985947,157,43.08791976,coinmetrics
2023-06-13,405497,374390300.2595420667664050178236448909842,933842,147,36.80791731,coinmetrics
2023-06-14,333934,312665624.100299149749103440924649910148393618,828183,121,39.78289137,coinmetrics
2023-06-15,421465,385148460.9959121443502377006756421770556,919869,148,41.37895146,coinmetrics
2023-06-16,521861,398160232.46596813308430111902970875,958674,153,46.1581138,coinmetrics
2023-06-17,468094,364329623.6459102238084467586743978229444,863600,140,39.28847808,coinmetrics
2023-06-18,442763,392955523.1284676529488533835293976614722,883864,151,30.15374909,coinmetrics
2023-06-19,412858,369534332.9834107039438944941747089114722,920552,142,31.79587272,coinmetrics
2023-06-20,446312,353920204.9709092635375512876737756458888,951926,136,37.17888373,coinmetrics
2023-06-21,363604,314884890.5607412973353610326115759270556,920555,121,44.78397315,coinmetrics
2023-06-22,390860,356522561.5133547152098310758206423385278,1000988,137,43.16091265,coinmetrics
2023-06-23,373178,325294309.2357422576062565036121981041112,948738,125,40.52455082,coinmetrics
2023-06-24,360123,379943751.6584116642147899651753310885278,1011110,146,33.37934742,coinmetrics
2023-06-25,384437,398160232.46596813308430111902970875,944147,153,29.23850439,coinmetrics
2023-06-26,405162,379943751.6584116642147899651753310885278,998904,146,32.30150761,coinmetrics
2023-06-27,433747,364329623.6459102238084467586743978229444,978594,140,32.23411074,coinmetrics
2023-06-28,331234,280122385.025966247894244313793272314815,826245,108,29.98089028,coinmetrics
2023-06-29,435226,367574940.7040656698072666511695170695866,970467,146,36.69134371,coinmetrics
2023-06-30,446825,397786578.4244694675091232996232783608268,1067040,158,34.93018253,coinmetrics
2023-07-01,320180,334845664.3921468306094004420471166804134,918349,133,24.75834121,coinmetrics
2023-07-02,307552,430515854.73638830670698950874567875,997177,171,23.64493796,coinmetrics
2023-07-03,333178,344916211.5074136536647935191302708195866,977874,137,26.1342694,coinmetrics
2023-07-04,377184,354986758.6226804767201865962134249587598,963366,141,22.50517052,coinmetrics
2023-07-05,494320,392751304.8668360559814267610817012912402,964759,156,21.04819217,coinmetrics
2023-07-06,393611,349951485.0650470651924900576718478891732,973154,139,19.70489609,coinmetrics
2023-07-07,558253,440586401.8516551297623825858288328891732,1021136,175,19.08289802,coinmetrics
2023-07-08,574664,448139310.3754069113217661022433479304134,1009931,178,14.70995944,coinmetrics
2023-07-09,593770,425480581.1787548951792929702041016804134,978223,169,13.15021111,coinmetrics
2023-07-10,508406,387716031.3092026444537302225401242216536,925790,154,16.37074541,coinmetrics
2023-07-11,430012,339880937.94978024213709698058869375,937945,135,17.24335656,coinmetrics
2023-07-12,477324,383801277.42337140405192222983801824074,942309,144,19.11805263,coinmetrics
2023-07-13,373263,321592672.2254732170584846883240086690102,874515,120,20.1111651,coinmetrics
2023-07-14,421261,369831573.2522498037243637382361261690102,996373,138,22.50903409,coinmetrics
2023-07-15,489697,369831573.2522498037243637382361261690102,914738,138,16.40395616,coinmetrics
2023-07-16,591972,415390537.0482552831941948112732700269966,927843,155,15.66311247,coinmetrics
2023-07-17,440009,364471694.9315955071901408512158548920136,931087,136,16.93365016,coinmetrics
2023-07-18,569852,434150109.2409892799929114492090575,1028951,162,19.36949376,coinmetrics
2023-07-19,482668,396630964.8555212863954781733374825539932,969285,148,18.29762503,coinmetrics
2023-07-20,398519,343032185.5080904031953762364050937769966,901211,128,22.80385089,coinmetrics
2023-07-21,322339,300153162.8019681130637200735132475539932,855163,112,22.86784569,coinmetrics
2023-07-22,288229,359111820.4700532927980448974659076079864,923147,134,46.73618948,coinmetrics
2023-07-23,560423,393951023.7656380970573032631921849190102,894084,147,25.38302437,coinmetrics
2023-07-24,530301,401990843.1761755829297010603577538309898,938461,150,25.58701826,coinmetrics
2023-07-25,463976,369831573.2522498037243637382361261690102,940528,138,17.98811877,coinmetrics
2023-07-26,451236,380796719.35454817533322514416903421296,1015337,144,18.98471384,coinmetrics
2023-07-27,413776,358973120.0187305909472741539034810298752,943734,138,21.10706484,coinmetrics
2023-07-28,448372,364175629.4388056989655893329481340199168,948590,140,20.12541898,coinmetrics
2023-07-29,423912,343365595.5043117496818877667917189701248,889450,132,16.21877802,coinmetrics
2023-07-30,645339,437010757.5740507284324426895510789701248,1010937,168,16.71427319,coinmetrics
2023-07-31,446746,366776886.0217464943695264974815589701248,922082,141,16.96807157,coinmetrics
2023-08-01,405391,361574376.6016713863512113184369059800832,983005,139,18.12183216,coinmetrics
2023-08-02,393762,400593191.6335249723042364362385080398336,1069904,154,20.81580007,coinmetrics
2023-08-03,476666,392789429.3763155516715432426826270099584,1030326,151,23.72671173,coinmetrics
2023-08-04,318338,314751795.5668018969759338570572259800832,912508,121,22.59171409,coinmetrics
2023-08-05,499440,400593191.6335249723042364362385080398336,992041,154,20.81766167,coinmetrics
2023-08-06,611086,426605738.7339005123958123314617729900416,973822,164,16.64993155,coinmetrics
2023-08-07,423178,379783157.6990310230205348700820929900416,952272,146,23.12665591,coinmetrics
2023-08-08,332667,325156814.4069521130125642151465319601664,874562,125,29.38265824,coinmetrics
2023-08-09,508817,421665740.3548995181943284920381066666675,1057273,162,27.17564446,coinmetrics
2023-08-10,355773,330756211.7722731833419307640005506114944,947623,127,24.31199329,coinmetrics
2023-08-11,502936,393261324.2234606638116744950302826528736,954168,151,23.21368145,coinmetrics
2023-08-12,512116,434931397.9408167601031318534226653057472,926800,167,19.17837525,coinmetrics
2023-08-13,497535,351591250.5061045675202171366379,860881,135,13.43891192,coinmetrics
2023-08-14,563322,445348917.30773245219227503974134,1007719,171,18.25523533,coinmetrics
2023-08-15,581895,445348917.30773245219227503974134,1073564,171,18.48854049,coinmetrics
2023-08-16,574119,424513878.5739010680139886671039906114944,947796,163,17.70460549,coinmetrics
2023-08-17,492845,406283221.5569519428905457844874679586208,1050502,156,19.28958526,coinmetrics
2023-08-18,424283,362008769.8730202596093603229565746942528,1016460,139,22.19901506,coinmetrics
2023-08-19,521811,364613147.8395958465990884260950853057472,878361,140,16.18581762,coinmetrics
2023-08-20,611930,421909500.60732548102426056396548,929724,162,14.99649274,coinmetrics
2023-08-21,551541,429722638.2573589140585602602633279586208,1002377,165,16.62197553,coinmetrics
2023-08-22,422819,381739775.6965673855948179025138816129272394328,922178,143,18.99703565,coinmetrics
2023-08-23,409372,392623891.4787874377768299064921066403182,937656,142,19.28594877,coinmetrics
2023-08-24,401881,384329021.8498855114096691472995454693636,946410,139,17.57725267,coinmetrics
2023-08-25,425953,373269193.02365757030744541285651875,922155,135,18.09762134,coinmetrics
2023-08-26,499325,378799107.4367715408585572800780321096818,917123,137,15.91879958,coinmetrics
2023-08-27,411227,320735012.0713819384504037991712684387272,808508,116,13.37690497,coinmetrics
2023-08-28,326485,326264922.5029578500825015831133640612728,873786,118,17.00914621,coinmetrics
2023-08-29,509039,436863202.8021611432667107609847957806364,1060996,158,21.45713915,coinmetrics
2023-08-30,406652,348384580.1554137322869490519994175,877649,126,19.21714908,coinmetrics
2023-08-31,433684,398153805.89190140832794177371362,968985,144,26.42577133,coinmetrics
2023-09-01,418665,417508504.3470312757973262673492078903182,1051172,151,26.37716664,coinmetrics
2023-09-02,545957,420273463.5443572905323892425996734387272,955720,152,22.88599511,coinmetrics
2023-09-03,627700,436863202.8021611432667107609847957806364,864433,158,19.8807008,coinmetrics
2023-09-04,575666,411978589.9339173052462144001276945306364,920027,149,22.36632643,coinmetrics
2023-09-05,453308,342854665.7422997617358371847779041403182,940913,124,24.78939204,coinmetrics
2023-09-06,485735,364053703.25462377303346901494843458333125,1001123,135,30.19120183,coinmetrics
2023-09-07,541513,393005454.3704644839183454851959686152,1003310,146,31.6635359,coinmetrics
2023-09-08,408954,358011817.1993768007531872875590313848,986937,133,35.92386033,coinmetrics
2023-09-09,599142,406464544.3974310771836087567690313848,1116330,151,32.39406251,coinmetrics
2023-09-10,557602,395697270.8253705322336612937370941544,1049360,147,47.01068378,coinmetrics
2023-09-11,463598,427999091.5415521670835036828329058456,1120614,159,32.55413594,coinmetrics
2023-09-12,461193,379546364.3434978906530822136229058456,1042537,141,31.24632215,coinmetrics
2023-09-13,513232,395697270.8253705322336612937370941544,1049105,147,31.1587501,coinmetrics
2023-09-14,574875,436074544.78248848787379322289,1131002,162,30.66265456,coinmetrics
2023-09-15,708663,506061819.1246638542041096181638744608,1234300,188,32.48141046,coinmetrics
2023-09-16,591563,417231817.9694916221335562198009686152,1053706,155,26.79341153,coinmetrics
2023-09-17,616879,401080907.6114008047086350252530627696,1039207,149,28.47698957,coinmetrics
2023-09-18,625728,419923634.4243976704488720283420941544,1125172,156,47.13931592,coinmetrics
2023-09-19,491377,386415687.7514349884088870851610161325050163336,1035954,139,47.46467706,coinmetrics
2023-09-20,561350,414558854.2037332146633968826240464595294,1062056,146,46.88357485,coinmetrics
2023-09-21,427398,391843298.7563836014022976064337006214118,1078476,138,47.40174793,coinmetrics
2023-09-22,433758,366288300.9225151131930399774601718714118,978848,129,46.51538172,coinmetrics
2023-09-23,639336,442953294.4241205778208128643807581214118,1090192,156,51.01066827,coinmetrics
2023-09-24,428059,414558854.2037332146633968826240464595294,1061159,146,36.89212181,coinmetrics
2023-09-25,294377,411719407.7284146862962804163596429118824,1104115,145,33.09262149,coinmetrics
2023-09-26,305251,386164409.8945461980870227873861141618824,1027673,136,27.92949222,coinmetrics
2023-09-27,341149,445792740.8994391061879293306451616690588,1072094,157,32.21248616,coinmetrics
2023-09-28,376671,414558854.2037332146633968826240464595294,1045920,146,28.92334807,coinmetrics
2023-09-29,323661,417398296.5902520896115552354072293714118,1050872,147,28.55654353,coinmetrics
2023-09-30,280334,391843298.7563836014022976064337006214118,1019753,138,21.83615353,coinmetrics
2023-10-01,320190,400361634.0935395330846888917456906285882,921731,141,18.71006696,coinmetrics
2023-10-02,340200,445792740.8994391061879293306451616690588,1027085,157,27.28232358,coinmetrics
2023-10-03,309334,466801496.998177441742618220368742974138783514,1077556,164,28.93640904,coinmetrics
2023-10-04,293693,373280258.5727723831330695194168125989008,904067,131,27.11856417,coinmetrics
2023-10-05,321037,401774937.1488809925521791126590936016488,946720,141,26.00778363,coinmetrics
2023-10-06,293272,455914820.2886372703970341094080137994504,915218,160,42.82945856,coinmetrics
2023-10-07,242646,487258964.670740047407570251837385,853582,171,41.1264569,coinmetrics
2023-10-08,243277,421721210.1005403257950714177915524010992,786381,148,15.31061253,coinmetrics
2023-10-09,280007,444516948.8581938266293902721111013983512,942188,156,19.70971948,coinmetrics
2023-10-10,283755,461613756.00385899228085602805647,903210,162,17.03734574,coinmetrics
2023-10-11,265623,455914820.2886372703970341094080137994504,867301,160,22.00138682,coinmetrics
2023-10-12,272350,470162157.5250748817561044958920163983512,911879,165,25.07718826,coinmetrics
2023-10-13,278419,393226531.5244317163759618245492713983512,917035,138,21.77493596,coinmetrics
2023-10-14,258882,416022274.3853186039112494991430962005496,806946,146,13.23541991,coinmetrics
2023-10-15,258142,475861093.2402966036399264145404725989008,795940,167,11.62376556,coinmetrics
2023-10-16,298000,417078811.4760414001636294489395050353391144208,1018543,141,20.61911313,coinmetrics
2023-10-17,294069,491483968.4443416691185597126183075,917408,162,19.4977668,coinmetrics
2023-10-18,275052,439908488.3325913717148919141591134038536,932487,145,19.34632265,coinmetrics
2023-10-19,282274,424739231.0181047146568458373371848269268,918882,140,18.98760843,coinmetrics
2023-10-20,293330,406536123.9882192806559609242390828461464,952627,134,19.74396406,coinmetrics
2023-10-21,268430,455077750.0158244149448639387015727596098,871252,150,15.66483321,coinmetrics
2023-10-22,247456,464179303.53076713194530639525062375,795000,153,12.19512069,coinmetrics
2023-10-23,312741,476314711.1298550120605136357963789230732,1071672,157,17.92860465,coinmetrics
2023-10-24,372695,382265308.7900435204255464431475725,1021188,126,38.68234,coinmetrics
2023-10-25,477890,436874638.61719259477205307788294,1090466,144,40.77740706,coinmetrics
2023-10-26,429794,455077750.0158244149448639387015727596098,1099370,150,29.39355894,coinmetrics
2023-10-27,456280,467213153.2461659088881452315267971538536,1052994,154,24.58743349,coinmetrics
2023-10-28,564578,485416264.6447977290609560923454299134634,1018571,160,19.08509768,coinmetrics
2023-10-29,403706,415637677.5031619976564033807881338365366,909920,137,13.73259444,coinmetrics
2023-10-30,461480,482896145.8175682584947442800369394531942897436,1097494,156,18.07698576,coinmetrics
2023-10-31,437895,481286783.3729944261437130197749565524202,1044499,155,18.48037298,coinmetrics
2023-11-01,461955,462656325.7712218496300614686430356451596,1053031,149,22.00127002,coinmetrics
2023-11-02,410238,447130946.67206610256234902217818,1062991,144,22.37939039,coinmetrics
2023-11-03,450384,422290336.5363693338774802873356187903192,990903,136,34.20912183,coinmetrics
2023-11-04,704138,521652772.6078469418962942010823734072606,1118816,168,80.0624722,coinmetrics
2023-11-05,666535,506127389.0373817281079207289940275403192,1144443,163,71.51637093,coinmetrics
2023-11-06,439013,394344652.3693652024673334734494825403192,993108,127,74.5464002,coinmetrics
2023-11-07,449873,412975109.9711377789809850245814034475798,961106,133,89.49898293,coinmetrics
2023-11-08,585167,462656325.7712218496300614686430356451596,1004807,149,119.51921842,coinmetrics
2023-11-09,571031,444025872.6407587398370709431346049596808,989778,143,249.59381306,coinmetrics
2023-11-10,526138,478181704.8703775966977739151078912903192,1127201,154,160.99446622,coinmetrics
2023-11-11,628048,496812162.4721501732114254662398121975798,1073475,160,114.30174463,coinmetrics
2023-11-12,706503,506634196.2470559791792008924898323237368226248,1008655,161,116.39942802,coinmetrics
2023-11-13,418873,389037995.7448951760320783379502562077828,963722,121,106.92014619,coinmetrics
2023-11-14,525384,443696223.8353264851865508337358800633258,957065,138,101.92946784,coinmetrics
2023-11-15,569166,475848126.7972334224462756625131799577828,961281,148,136.59745993,coinmetrics
2023-11-16,628280,475848126.7972334224462756625131799577828,933700,148,321.64013904,coinmetrics
2023-11-17,532945,482278507.3896148098982206282686399366742,1014052,150,242.06018465,coinmetrics
2023-11-18,629610,479063314.7784872881098949076789812922172,860889,149,316.01896346,coinmetrics
2023-11-19,712264,546582308.6835550282929638103993824155656,962703,170,201.48893355,coinmetrics
2023-11-20,630519,533721547.4987922533890738788884624577828,1064908,166,177.65265045,coinmetrics
2023-11-21,530112,488708887.9819961973501655940240999155656,1007505,152,169.72756871,coinmetrics
2023-11-22,536770,456556985.0200892600904407652468000211086,979014,142,155.51005219,coinmetrics
2023-11-23,586979,472632934.1861059006579499419235213133258,970303,147,219.47823037,coinmetrics
2023-11-24,624489,540151928.0911736408410188446439224366742,1136807,168,96.61399822,coinmetrics
2023-11-25,612626,511704247.8625201970113497014173088852289769392,1032695,159,92.38812809,coinmetrics
2023-11-26,578192,493217212.1025501505185275206720188156312,983533,146,81.77206996,coinmetrics
2023-11-27,478456,439166011.3759894905483993655174476312624,981736,130,90.38276952,coinmetrics
2023-11-28,447781,496595410.0196941418756740451355185531064,996007,147,78.15706408,coinmetrics
2023-11-29,358838,459435208.6080696667643595876523247374752,915309,136,62.07806416,coinmetrics
2023-11-30,410936,452678812.7737816840500665387253252625248,958958,134,72.87849716,coinmetrics
2023-12-01,497410,570915812.8429430920983029601019061843688,1131524,169,97.47076381,coinmetrics
2023-12-02,435763,429031407.8953412884038787167730697374752,860355,127,64.72208528,coinmetrics
2023-12-03,707186,557403011.4451508985966357868940285531064,919493,165,141.18916976,coinmetrics
2023-12-04,567712,523621012.8152785288790083915512738156312,1034656,155,152.28627261,coinmetrics
2023-12-05,513549,466191609.3069657635151931742562635531064,867570,138,245.80515529,coinmetrics
2023-12-06,469800,459435208.6080696667643595876523247374752,867353,136,287.43139808,coinmetrics
2023-12-07,368965,388493008.5665728219354177348263761843688,898183,115,170.65886039,coinmetrics
2023-12-08,411806,456057010.690925675407213063188825,924415,135,153.42173224,coinmetrics
2023-12-09,593873,530377413.5141746256298419781552126312624,927620,157,142.28948258,coinmetrics
2023-12-10,528723,469156589.9817664505753286574497042857522578836,848613,140,109.97741548,coinmetrics
2023-12-11,528218,528635574.1324890051587120509471918363428,1010741,158,137.42811792,coinmetrics
2023-12-12,547067,481794448.28640911515509779864574,886419,144,115.80405292,coinmetrics
2023-12-13,586126,498523421.1145884354615184385318330863428,742559,149,200.38256859,coinmetrics
2023-12-14,569840,488486038.3812697398504842849103728318286,711343,146,340.65399192,coinmetrics
2023-12-15,632050,545364546.9606683254651326908332849226856,860116,163,414.19566536,coinmetrics
2023-12-16,636141,508560808.6658516139366437437042713273144,724669,152,568.94621841,coinmetrics
2023-12-17,621213,501869218.5709909892412572574396384954858,703993,150,543.33939018,coinmetrics
2023-12-18,641771,562093524.6067921286356444822703559954858,928612,168,402.22664701,coinmetrics
2023-12-19,662370,542018754.3222102545494850234764575,817240,162,425.85765116,coinmetrics
2023-12-20,580281,485140240.9248671860707454660025674226856,787679,145,428.44189548,coinmetrics
2023-12-21,589222,488486038.3812697398504842849103728318286,815395,146,405.86906216,coinmetrics
2023-12-22,623750,562093524.6067921286356444822703559954858,1012121,168,317.05181008,coinmetrics
2023-12-23,609387,561495983.98860679725598927330028794489362,893092,160,202.72232586,coinmetrics
2023-12-24,724746,612085087.5512701439732247044677125,880971,171,177.61389683,coinmetrics
2023-12-25,531891,497542850.090606889056635555511368087308,702609,139,169.29169371,coinmetrics
2023-12-26,556724,497542850.090606889056635555511368087308,742922,139,168.07237778,coinmetrics
2023-12-27,541778,461748397.662649161099042793971854119038,776011,129,274.99201232,coinmetrics
2023-12-28,417387,433112840.874683716006822428725293087308,848615,121,228.60423565,coinmetrics
2023-12-29,579710,540496187.849755425331893025373734706346,910761,151,212.89731756,coinmetrics
2023-12-30,540497,519019516.392980788557337368450026325384,787521,145,262.89297872,coinmetrics
2023-12-31,724837,558393411.486533920673762484150966619038,791644,156,360.49941065,coinmetrics
2024-01-01,655722,554813968.820938516514930129989540293654,827239,155,212.54134993,coinmetrics
2024-01-02,364237,468907288.148240706690561346279756912692,867688,131,139.99686991,coinmetrics
2024-01-03,502203,565552301.972125466265281036458869412692,940343,158,146.47629682,coinmetrics
2024-01-04,482718,608505644.885674739814392350306286174616,1010934,170,127.5893122,coinmetrics
2024-01-05,416347,493963402.270610747623949357364891619038,813324,138,117.05381845,coinmetrics
2024-01-06,389306,509355148.2310429362348335079628106586492842328,808917,140,85.70416723,coinmetrics
2024-01-07,348435,429363545.3243671591927403106666664265136,713381,118,76.09066339,coinmetrics
2024-01-08,409400,447556920.0629499252261970065193339301148,756849,123,128.0165037,coinmetrics
2024-01-09,470829,553078470.4920906637273689312729085734864,902934,152,110.41254939,coinmetrics
2024-01-10,384427,483943659.0607339552508936204101703566284,839431,133,82.64575047,coinmetrics
2024-01-11,450822,629490625.5312515773918968537880146433716,960999,173,102.19403968,coinmetrics
2024-01-12,367870,611297256.0323595623795485468425964301148,987727,168,106.05743161,coinmetrics
2024-01-13,667027,578549188.8384776349488782387779439301148,845713,159,131.8837983,coinmetrics
2024-01-14,591106,465750289.5618419402385453134647521433716,722721,128,219.67908398,coinmetrics
2024-01-15,401054,414808852.8690679977955266984546814301148,786699,114,112.7937371,coinmetrics
2024-01-16,469892,454834268.9104448814353580070789510734864,782242,125,126.17373793,coinmetrics
2024-01-17,455050,440279571.2154549690170360059597167867432,809220,121,103.88545904,coinmetrics
2024-01-18,480795,516691726.2546158826815639284748228566284,897358,142,120.55348118,coinmetrics
2024-01-19,461325,480304987.2568318526568673145839864301148,806018,132,83.78486085,coinmetrics
2024-01-20,565601,512668948.5237080866914850560781402442046584952,817313,143,71.44540606,coinmetrics
2024-01-21,593968,489551346.644566084273265583516833933136,767739,140,72.44586642,coinmetrics
2024-01-22,451204,559487254.027416280781179498063916966568,951076,160,74.76848331,coinmetrics
2024-01-23,368563,538506480.301945634444165778205967866272,865990,154,89.1242877,coinmetrics
2024-01-24,368789,524519302.853683828168288449946749100296,899326,150,59.76162066,coinmetrics
2024-01-25,347123,632919954.513485606037529790097617866272,1101397,181,64.07678258,coinmetrics
2024-01-26,496525,531512894.095507376947293023232732133728,892906,152,55.07790175,coinmetrics
2024-01-27,603739,597952003.33975315342463874198045,965883,171,58.15742689,coinmetrics
2024-01-28,629248,559487254.027416280781179498063916966568,898096,160,56.24412183,coinmetrics
2024-01-29,580828,545500071.543769183223170351491950899704,959589,156,55.39170629,coinmetrics
2024-01-30,524001,503538529.1282131818312747300888,907924,144,51.42742245,coinmetrics
2024-01-31,437107,458080188.574052760408810912886283933136,870798,131,50.31202889,coinmetrics
2024-02-01,410372,535009687.19872650569572940071935,933880,153,56.57506216,coinmetrics
2024-02-02,432087,677399664.6757449547888024093449866627810282112,932903,188,66.0573781,coinmetrics
2024-02-03,515129,566738184.0279739097121332881503811658472,820828,151,179.6426965,coinmetrics
2024-02-04,331515,581751117.2721473126715235446668488341528,802004,155,96.51447226,coinmetrics
2024-02-05,281772,585504347.8808628956463799973050084975416,852467,156,64.6181784,coinmetrics
2024-02-06,280196,638049614.2354698060042458951126453366112,865722,170,52.45518052,coinmetrics
2024-02-07,425025,600517281.1250362986057702538214761658472,901234,160,73.47071811,coinmetrics
2024-02-08,287438,517946153.6867381178591060659628184975416,818130,138,53.1170405,coinmetrics
2024-02-09,330447,623036680.9912964030448556385961776683056,950564,166,53.96871698,coinmetrics
2024-02-10,406003,570491420.0413450282169719637704553366112,963958,152,41.20815866,coinmetrics
2024-02-11,323411,514192923.0780225348842496133246588341528,840255,137,28.29055111,coinmetrics
2024-02-12,413637,671828711.3325321948978828607837403366112,1013562,179,68.03312947,coinmetrics
2024-02-13,305214,506686456.455935833404554485066425,843469,135,47.85561801,coinmetrics
2024-02-14,298455,521699389.7001092363639447415828926683056,803805,139,53.34423438,coinmetrics
2024-02-15,309299,606890743.6292629063911383400823966831385148384,892019,157,38.40744736,coinmetrics
2024-02-16,306995,544386619.0220116051744016963873593791312,836256,134,32.57596823,coinmetrics
2024-02-17,330435,609388005.4074551824324963297389482843484,850883,150,28.82609461,coinmetrics
2024-02-18,346126,491572990.7556746882799590926828746895656,748090,121,24.63543514,coinmetrics
2024-02-19,366190,552511787.2013328232893895260586156208688,867774,136,29.1540239,coinmetrics
2024-02-20,396745,572824725.2000103681503699556574157843484,866223,141,32.07407978,coinmetrics
2024-02-21,369350,560636961.2307788745955476408700917156516,821320,138,31.54219389,coinmetrics
2024-02-22,366922,548449203.1116722142318956112229875,855859,135,28.3018489,coinmetrics
2024-02-23,403218,645951285.6148999967146227038204807843484,938307,159,30.46340271,coinmetrics
2024-02-24,342157,556574377.1411182655380537260344635947828,819174,137,26.10222917,coinmetrics
2024-02-25,421219,666264217.7634527083844328482790610947828,894568,164,24.05579339,coinmetrics
2024-02-26,355313,540324029.0822261629257374964115114052172,887140,133,33.0921629,coinmetrics
2024-02-27,388230,524073681.0233340603134212667885592156516,917983,129,48.62101767,coinmetrics
2024-02-28,415406,605325415.4676697401838321297631003104344,1054242,149,60.83395661,coinmetrics
2024-02-29,407609,540324029.0822261629257374964115114052172,989364,133,74.63737446,coinmetrics
2024-03-01,415081,607463923.1349978537559082197444682959608,1058499,154,58.46513507,coinmetrics
2024-03-02,342086,500960507.5972892304082261361365645459608,843207,127,42.06457924,coinmetrics
2024-03-03,385135,611408497.2364956705527445442538598010098,868123,155,47.46206023,coinmetrics
2024-03-04,358771,508849650.1201027019907722066123030969706,889591,129,84.378542,coinmetrics
2024-03-05,424703,658743346.6931943380368943885652466479804,1163884,167,101.03408688,coinmetrics
2024-03-06,381467,552239931.1554857146892123049573428979804,922558,140,66.67707272,coinmetrics
2024-03-07,437969,710022770.251390822317880557386025,1034779,180,52.0775472,coinmetrics
2024-03-08,424558,607463923.1349978537559082197444682959608,947450,154,47.73634254,coinmetrics
2024-03-09,362520,642965061.6475673948718022476137695459608,915625,163,40.77661246,coinmetrics
2024-03-10,363011,564073647.7797970030685946999424729540392,862638,143,36.33400092,coinmetrics
2024-03-11,393001,670577063.3175056264162767835503767040392,1150718,170,41.46573431,coinmetrics
2024-03-12,344882,556184505.2569835314860486294667344030294,1016389,141,38.34777079,coinmetrics
2024-03-13,387845,631131350.7034382685035464311716839489902,1093495,160,35.2733557,coinmetrics
2024-03-14,330080,580862770.2919040783501760379359935474755711584,1000634,141,34.48419108,coinmetrics
2024-03-15,311078,529980319.013691159231371043012766231812,963220,127,37.00099633,coinmetrics
2024-03-16,355299,600922569.4689919007045058790923,916345,144,37.64116141,coinmetrics
2024-03-17,365645,609268716.934864087624281683751366254547,861558,146,25.29065756,coinmetrics
2024-03-18,417117,600922569.4689919007045058790923,910571,144,42.62561643,coinmetrics
2024-03-19,459004,655172524.992548268338089105853701259094,974102,157,45.63946834,coinmetrics
2024-03-20,360623,621787935.129059520658985887217436240906,942142,149,32.95557912,coinmetrics
2024-03-21,328692,500768805.887751352357115230228563736359,819742,120,38.64095953,coinmetrics
2024-03-22,347556,563364908.87717990691047426164903125,915500,135,37.52921992,coinmetrics
2024-03-23,315648,650999448.254999327533241700001638736359,908728,156,23.77739181,coinmetrics
2024-03-24,331993,709422480.516104635971672332615102518188,918817,170,21.25186473,coinmetrics
2024-03-25,320633,550845690.682984473875770058182961263641,918815,132,28.33934579,coinmetrics
2024-03-26,313314,559191838.148856660795545862842027518188,851577,134,31.73448011,coinmetrics
2024-03-27,358499,567537979.605503153025402660456034981812,865580,136,30.07974471,coinmetrics
2024-03-28,433584,630471212.2216164994001553629338836766502331384,942681,152,30.48254828,coinmetrics
2024-03-29,451776,595046224.98347443089059270665026,847610,144,29.19381658,coinmetrics
2024-03-30,486300,640501145.6086523110097067949533689796114,826192,155,29.62062953,coinmetrics
2024-03-31,315001,566120367.4857180071483827066220864796114,691124,137,28.42997282,coinmetrics
2024-04-01,330165,619839819.6746066154559488390626631888342,970510,150,27.14297447,coinmetrics
2024-04-02,358331,611575288.1108958872674967949251954592228,953501,148,22.22169146,coinmetrics
2024-04-03,369696,586781693.4197637027021406625127922703886,965290,142,27.90854939,coinmetrics
2024-04-04,324609,570252630.2923422463252365742378568111658,978380,138,23.07677565,coinmetrics
2024-04-05,346357,611575288.1108958872674967949251954592228,950040,148,20.47892648,coinmetrics
2024-04-06,433426,640501145.6086523110097067949533689796114,907389,155,17.93208872,coinmetrics
2024-04-07,526443,702485129.3612516475057249715314134184456,833045,170,21.56961081,coinmetrics
2024-04-08,454644,652897939.9789872783750127067066070407772,896193,158,34.00181329,coinmetrics
2024-04-09,450513,603310756.5471851590790447507877277296114,890535,146,46.69578897,coinmetrics
2024-04-10,538372,627214744.594020326129670643997958127434745818,846297,151,71.20955424,coinmetrics
2024-04-11,479937,566860611.5965838744936191876818119440644,748021,132,109.2683687,coinmetrics
2024-04-12,441977,584038201.0151990835001740133994440745808,832502,136,153.45642058,coinmetrics
2024-04-13,510750,704281364.0491090797638985485767039813548,869723,164,107.18489341,coinmetrics
2024-04-14,468144,674220574.8366150612487107795804654627096,839158,157,72.98308634,coinmetrics
2024-04-15,503794,605510198.6103524586135710991330194440644,813736,141,157.47266193,coinmetrics
2024-04-16,453968,708575759.8577794014647938902080355559356,941086,165,92.75445493,coinmetrics
2024-04-17,385424,588332603.0078033274040428142230814813548,794595,137,121.85088432,coinmetrics
2024-04-18,416810,622687788.0289676676201259248506515745808,823945,145,107.17008007,coinmetrics
2024-04-19,398632,648454181.4327913644344183522155585186452,880733,151,179.87658691,coinmetrics
2024-04-20,630654,558271813.7953093088888550452268429627096,509709,130,1206.4665844,coinmetrics
2024-04-21,644793,601215796.6177482147097022983093820372904,565959,140,335.52917373,coinmetrics
2024-04-22,673406,652748583.4253956083382871530391959254192,659537,152,254.1083329,coinmetrics
2024-04-23,928131,721458959.6516582109734268334866419440644,547174,168,445.20827332,coinmetrics
2024-04-24,600768,672198686.5397469138535726214798333128354285902,835569,155,250.0755658,coinmetrics
2024-04-25,525222,626294685.5332319502740191755902239813536,818807,143,109.88507376,coinmetrics
2024-04-26,440854,582497851.0693291959213758945452877546616,847289,133,90.92221995,coinmetrics
2024-04-27,459297,613155632.0406892948369742083865855093232,856864,140,62.41209597,coinmetrics
2024-04-28,480244,613155632.0406892948369742083865855093232,707117,140,52.6358838,coinmetrics
2024-04-29,400991,573738484.1765486450508472383363005093232,856192,131,45.31174055,coinmetrics
2024-04-30,501881,617535318.6404513994034905193812367360152,827915,141,45.06205756,coinmetrics
2024-05-01,477225,578118170.7763107496173635493309517360152,781183,132,37.91687325,coinmetrics
2024-05-02,563418,635054046.1192688428820438660188960186464,744998,145,34.86927785,coinmetrics
2024-05-03,437975,564979117.2837680941803185821273132639848,731936,129,34.64122185,coinmetrics
2024-05-04,668343,617535318.6404513994034905193812367360152,613171,141,46.6176148,coinmetrics
2024-05-05,626139,608775951.7476708485329618631722494906768,573428,139,123.39594228,coinmetrics
2024-05-06,507965,534321336.3124079952647202682860155093232,670316,122,40.57671837,coinmetrics
2024-05-07,373579,534321336.3124079952647202682860155093232,702887,122,35.91638629,coinmetrics
2024-05-08,453934,556219750.3909875433097899259183260186464,697417,127,29.99070924,coinmetrics
2024-05-09,521126,612635655.6510732087547710814685691415110042912,671205,145,30.3355985,coinmetrics
2024-05-10,720578,599332434.9336823928989792665327851810808,606931,145,31.61827711,coinmetrics
2024-05-11,712455,657199019.7430513232735041301052795516894,612137,159,36.33618273,coinmetrics
2024-05-12,562310,545599186.5386836139006229287602508016894,573640,132,21.76650346,coinmetrics
2024-05-13,541770,607599089.9064493829524828184717129483106,746125,147,26.56727678,coinmetrics
2024-05-14,422749,562132490.5322264897746855327511089310808,686207,136,21.80349699,coinmetrics
2024-05-15,499145,582799130.9401395170249166625419270516894,714393,141,22.61964088,coinmetrics
2024-05-16,481822,586932455.4505274599351961885678922327702,689540,142,22.57077245,coinmetrics
2024-05-17,564502,640665709.7975173431664970262274240172298,743911,155,21.6140954,coinmetrics
2024-05-18,399736,529065876.5931496337936158248823952672298,650957,128,17.78384646,coinmetrics
2024-05-19,641786,636532379.3351382960232730003144614310808,637953,154,16.36852518,coinmetrics
2024-05-20,632582,644799034.3079052860767765522533891983106,706063,156,17.7672926,coinmetrics
2024-05-21,544407,570399145.5049934798281890846900366983106,746087,138,28.50070627,coinmetrics
2024-05-22,587003,632399054.82475035311299347428849625,709347,153,21.28417083,coinmetrics
2024-05-23,736406,706501036.6485612409955501490868602773173011396,728396,169,29.88985282,coinmetrics
2024-05-24,739561,671140034.0912752052510512867781334732084,663534,160,23.29662675,coinmetrics
2024-05-25,844733,671140034.0912752052510512867781334732084,591356,160,20.95915897,coinmetrics
2024-05-26,852881,704697038.5139561063013855731715795803748,538911,168,19.45922541,coinmetrics
2024-05-27,549315,515938903.7370268200475981125114420803748,612909,123,22.50732148,coinmetrics
2024-05-28,594169,562079781.7980829025609391762418311071664,653177,134,17.81071009,coinmetrics
2024-05-29,721240,574663655.4364580840239459535787740267916,559784,137,39.68926576,coinmetrics
2024-05-30,510008,515938903.7370268200475981125114420803748,649063,123,38.83301124,coinmetrics
2024-05-31,713689,620804533.4975141665372870173091630535832,656289,148,68.10439279,coinmetrics
2024-06-01,737521,591442157.6477985345491130967754970803748,570980,141,43.98748517,coinmetrics
2024-06-02,729457,587247529.0748332654869527309157169464168,536181,140,34.67564887,coinmetrics
2024-06-03,758731,658556160.4529000237880445094411905535832,689745,157,44.11314832,coinmetrics
2024-06-04,636795,562079781.7980829025609391762418311071664,637180,134,35.36014269,coinmetrics
2024-06-05,562197,515938903.7370268200475981125114420803748,592424,123,58.08407623,coinmetrics
2024-06-06,602842,554745618.7245224530171672988940134056704,624088,133,64.84076304,coinmetrics
2024-06-07,250713,590944002.2950455162135639417494433786552,583336,142,322.71243036,coinmetrics
2024-06-08,529506,715791324.8666921077364408791693935146208,772154,172,146.21708792,coinmetrics
2024-06-09,761292,636721355.302939301613701206660965,609844,153,73.01393361,coinmetrics
2024-06-10,661124,578459271.8356823308578107466814282426896,684041,139,65.82128027,coinmetrics
2024-06-11,469892,511874032.7312927100908242692410148640344,684207,123,43.46025505,coinmetrics
2024-06-12,690905,607590313.5693108162357559766711966213448,677849,146,47.3618229,coinmetrics
2024-06-13,729876,603428732.7544087015693171368174585146208,613255,145,56.90466857,coinmetrics
2024-06-14,599059,532681918.8277885454576734817699066213448,606488,128,52.92308615,coinmetrics
2024-06-15,447381,557651385.7391864954909615341525364853792,635369,134,44.27193232,coinmetrics
2024-06-16,452652,678337127.4959309723473996317187485146208,735939,163,36.56667052,coinmetrics
2024-06-17,465013,582620846.6579128662024679242885667573104,724644,140,28.63720969,coinmetrics
2024-06-18,605888,632559780.4807087662690440290538264853792,733498,152,36.09319142,coinmetrics
2024-06-19,635236,570136116.1985496808467147292205516213448,622245,137,33.2733342,coinmetrics
2024-06-20,528366,553312848.2609435875308443909189138136333903648,661281,133,31.10704312,coinmetrics
2024-06-21,592761,582332777.671390910896391699902192659348,719280,140,27.57973752,coinmetrics
2024-06-22,681231,632247019.864738875161844010075814681304,639305,152,20.79966679,coinmetrics
2024-06-23,497676,465866224.532996162327140955861257340652,511478,112,14.6153336,coinmetrics
2024-06-24,525488,632247019.864738875161844010075814681304,756391,152,19.66337788,coinmetrics
2024-06-25,550745,515780460.736635542567524276186121329674,631668,124,24.0234603,coinmetrics
2024-06-26,465408,503301903.183152843513695693567094840652,659381,121,19.26881426,coinmetrics
2024-06-27,427935,540737581.833309524700250431272932340652,741302,130,18.42543764,coinmetrics
2024-06-28,595003,561535179.7523502177983210655875625,752964,135,17.89385748,coinmetrics
2024-06-29,703622,653044617.783779568259914644390444840652,720705,157,16.03949068,coinmetrics
2024-06-30,518698,503301903.183152843513695693567094840652,653363,121,13.47568084,coinmetrics
2024-07-01,596143,586492300.849024199931047220674373510978,907181,141,18.49026197,coinmetrics
2024-07-02,608523,615608939.133622887073359906684607340652,750376,148,18.00587384,coinmetrics
2024-07-03,536681,603130375.590431603994462334216822818696,769767,145,15.19477075,coinmetrics
2024-07-04,535655,582332777.671390910896391699902192659348,715636,140,16.9184077,coinmetrics
2024-07-05,493163,480652547.1920645168927980976095477021849459596,694964,121,14.77085672,coinmetrics
2024-07-06,656568,652035051.0748852748150564039042863845144,720587,165,15.35289765,coinmetrics
2024-07-07,684693,557193592.6181125619488600884677836154856,594423,141,12.69506688,coinmetrics
2024-07-08,586774,628324689.3059359641114434115484936154856,798942,159,14.37429054,coinmetrics
2024-07-09,644607,608566046.9111612251572696872431118460192,762581,154,13.30599968,coinmetrics
2024-07-10,632748,537434950.2233378229946863641624018460192,646708,136,16.23558048,coinmetrics
2024-07-11,646591,553241861.8629625201476764744040409230096,646553,140,12.19231647,coinmetrics
2024-07-12,659272,592759140.9620242630301517500081386154856,708446,150,12.34355143,coinmetrics
2024-07-13,733907,608566046.9111612251572696872431118460192,601071,154,19.58933961,coinmetrics
2024-07-14,588547,659938506.8946976233915514590251059230096,751254,167,13.01942202,coinmetrics
2024-07-15,544485,604614321.846498918381958246186035,787506,153,13.33311612,coinmetrics
2024-07-16,536502,580903954.3870618726524730808235763845144,746639,147,12.20790622,coinmetrics
2024-07-17,617766,628324689.3059359641114434115484936154856,729938,159,14.03700729,coinmetrics
2024-07-18,435804,515736551.8693225231487799812804743973802,764574,129,10.04544397,coinmetrics
2024-07-19,507835,599556359.565823246294529382599919494295,755308,147,12.22929051,coinmetrics
2024-07-20,696460,672971424.242177324375832010938856994295,673407,165,9.98442967,coinmetrics
2024-07-21,858284,689285884.364301602640193983126223164765,607493,169,10.36967833,coinmetrics
2024-07-22,827992,730072034.66961229830109891359463859094,749350,179,13.21311422,coinmetrics
2024-07-23,827733,689285884.364301602640193983126223164765,671794,169,11.31611274,coinmetrics
2024-07-24,601149,571006057.28870834638605905452413382953,681137,140,10.18503466,coinmetrics
2024-07-25,708129,664814194.18111518524365102484517390906,713877,163,10.72105675,coinmetrics
2024-07-26,458448,652578352.026124563599542668956754414765,715636,160,10.48366546,coinmetrics
2024-07-27,454253,628106661.84293814620299971067570515906,694649,154,10.11460275,coinmetrics
2024-07-28,756828,603634977.53295690291478299889886617047,578686,148,8.1296834,coinmetrics
2024-07-29,821955,725993416.702478641680845297295691914765,794379,178,10.87533798,coinmetrics
2024-07-30,670957,611792207.594019042046963984992549255705,673555,150,9.78754169,coinmetrics
2024-07-31,578053,615358184.0246311922229906489943164893445574074,740485,141,10.54679916,coinmetrics
2024-08-01,532152,630987878.5179506962899053682439208082456,772675,140,9.41985937,coinmetrics
2024-08-02,410307,563382038.5632737973426730843263208835088,764749,125,8.9817149,coinmetrics
2024-08-03,502369,608452598.5330583966408279402713875,692352,135,8.04342189,coinmetrics
2024-08-04,526479,644509051.7010149168947834763625058835088,668340,143,7.22564665,coinmetrics
2024-08-05,550851,703100778.3637026857785268762573262123684,817104,156,9.5054762,coinmetrics
2024-08-06,483465,630987878.5179506962899053682439208082456,729981,140,7.99507133,coinmetrics
2024-08-07,381999,549860865.3802095767377949762077358082456,714826,122,7.81753066,coinmetrics
2024-08-08,485878,581410258.6570910064503612882030487123684,722252,129,9.17395476,coinmetrics
2024-08-09,394215,585917318.5481660969917505122988541917544,705635,130,8.70616098,coinmetrics
2024-08-10,556497,581410258.6570910064503612882030487123684,594175,129,6.46378844,coinmetrics
2024-08-11,641944,725636064.8387560364468938683986908835088,630696,161,6.58820174,coinmetrics
2024-08-12,442326,617466711.8250475267043168242941670958772,714520,137,8.37945558,coinmetrics
2024-08-13,582647,671551385.0868212560659605642620133082456,706882,149,8.01615877,coinmetrics
2024-08-14,510189,593799520.5910221173712332227707401245088959596,662757,132,7.93335583,coinmetrics
2024-08-15,658114,690944705.110743411292010909749300973157,715632,160,8.62865215,coinmetrics
2024-08-16,581170,613213425.708053498118969769229463473157,700335,142,8.79411815,coinmetrics
2024-08-17,706066,643442255.895932647440130984560145696314,612305,149,7.26972032,coinmetrics
2024-08-18,758170,673671086.083811796761292199890827919471,588717,156,7.38767581,coinmetrics
2024-08-19,560243,561392574.845761006742006693497335553686,687027,130,9.13703766,coinmetrics
2024-08-20,715687,647760663.761916727180407188946409580529,696903,150,9.64437192,coinmetrics
2024-08-21,684872,634805446.382466840174771629630909169471,711700,147,8.53354842,coinmetrics
2024-08-22,797502,690944705.110743411292010909749300973157,719227,160,100.34522908,coinmetrics
2024-08-23,799006,708218324.137675025822729619607774026843,694990,164,9.65522128,coinmetrics
2024-08-24,797698,660715874.92286426197084969441861875,611271,153,7.43903817,coinmetrics
2024-08-25,703385,574347786.006708541532449198969544723157,539499,133,7.10675825,coinmetrics
2024-08-26,606871,578666193.872692621272725403355808607372,656542,134,8.41735831,coinmetrics
2024-08-27,676465,613213425.708053498118969769229463473157,685194,142,7.7773379,coinmetrics
2024-08-28,721912,704440301.0132378797688023387665181379464267656,740845,161,7.74423375,coinmetrics
2024-08-29,525910,587091198.7311840380323019880138183845094,723280,132,8.19689202,coinmetrics
2024-08-30,548197,631567801.6874317938911376904927863718302,826297,142,7.9546598,coinmetrics
2024-08-31,695519,653806103.1655556718205555417322703654906,670825,147,6.4177164,coinmetrics
2024-09-01,656333,631567801.6874317938911376904927863718302,660770,142,6.3825282,coinmetrics
2024-09-02,739986,742759315.4826824191343028685114064936604,717673,167,7.69021658,coinmetrics
2024-09-03,592324,662701425.0377314701115378665923039936604,699302,149,8.42822766,coinmetrics
2024-09-04,728756,671596746.9099072684025201914523376218302,699461,151,7.74885958,coinmetrics
2024-09-05,714387,689387390.6542588649844848411724048781698,734546,155,10.81990512,coinmetrics
2024-09-06,665444,644910781.2933798735295732168722367373208,726287,145,7.59197643,coinmetrics
2024-09-07,794571,702730370.2602069446229203675518552436604,606660,158,6.46683071,coinmetrics
2024-09-08,906655,742759315.4826824191343028685114064936604,596940,167,6.33151484,coinmetrics
2024-09-09,570838,644910781.2933798735295732168722367373208,736827,145,6.91182253,coinmetrics
2024-09-10,556413,609329500.2093079159617198392533023781698,733172,137,7.09570672,coinmetrics
2024-09-11,408991,496254188.956594565079625491594814074075,662704,108,6.59198231,coinmetrics
2024-09-12,561823,700222817.5061856854155671304723152143376,775748,152,8.30613518,coinmetrics
2024-09-13,422965,566627674.5179347369579319368058589107532,794367,123,7.52913494,coinmetrics
2024-09-14,637192,640335338.4711611529815796878975151071688,688474,139,6.77228776,coinmetrics
2024-09-15,730022,695616084.7776585094674965853659936964156,643849,151,6.03449901,coinmetrics
2024-09-16,486773,575841133.3412992667267973636174477143376,746172,125,6.69885955,coinmetrics
2024-09-17,551806,691009358.6828211556467017036607264107532,732953,150,8.05436086,coinmetrics
2024-09-18,535050,635728605.7426339770335091427911935892468,720313,138,7.11434967,coinmetrics
2024-09-19,449403,562020941.7894075610098613916995373928312,746741,122,10.00384875,coinmetrics
2024-09-20,524801,667975708.3075649201609003049312272856624,822445,145,9.57190122,coinmetrics
2024-09-21,564640,621908420.8244320934438488342743375,665209,135,5.89529395,coinmetrics
2024-09-22,629903,626515146.9192694472646437159796047856624,595289,136,5.26931683,coinmetrics
2024-09-23,573531,672582441.0360920961089708500375488035844,796781,146,7.83739591,coinmetrics
2024-09-24,531570,667975708.3075649201609003049312272856624,749184,145,6.91630544,coinmetrics
2024-09-25,504605,655944699.44349319012909333218376277778,713234,144,6.62531601,coinmetrics
2024-09-26,483781,571298869.586401697411509661740835931852,721855,130,8.76025312,coinmetrics
2024-09-27,434448,602061115.631425343670346040537117965926,751618,137,10.96442965,coinmetrics
2024-09-28,521838,566904259.392407681223395950888896102222,649697,129,9.9366052,coinmetrics
2024-09-29,685081,681164035.840981467411493842953792965926,680061,155,7.51745261,coinmetrics
2024-09-30,593815,602061115.631425343670346040537117965926,732082,137,7.39176461,coinmetrics
2024-10-01,624352,689953249.900735883023231365365848431852,863700,157,7.89629034,coinmetrics
2024-10-02,599545,681164035.840981467411493842953792965926,711643,155,6.8074531,coinmetrics
2024-10-03,574536,694347853.766496282446855176925964068148,737116,158,7.60769711,coinmetrics
2024-10-04,571667,742688527.931028759929166600546357034074,784413,169,7.36742345,coinmetrics
2024-10-05,759113,663585607.721472636188018798129682034074,608641,151,11.98735357,coinmetrics
2024-10-06,744069,667980217.915466652376132508981621863704,610738,152,9.89011969,coinmetrics
2024-10-07,717392,681164035.840981467411493842953792965926,719501,155,15.187683,coinmetrics
2024-10-08,711462,733899313.871274344317429078134301568148,822783,167,14.45446138,coinmetrics
2024-10-09,534258,575872986.8706376182981474830606135504325156168,668278,127,15.04769008,coinmetrics
2024-10-10,759342,709250576.1991408090432666955985771770478,679738,155,25.35958928,coinmetrics
2024-10-11,631180,640613421.5382024608788379661247831459044,718986,140,45.73079814,coinmetrics
2024-10-12,732389,654340856.4238901124697731436330549581912,606243,143,44.38733295,coinmetrics
2024-10-13,643752,631461800.4774662386837975320156647188566,609844,138,24.42843919,coinmetrics
2024-10-14,609666,636037614.3024176680796922754148181040956,722649,139,25.83263721,coinmetrics
2024-10-15,648296,713826383.4349256018424123863085422188566,787245,156,25.75104629,coinmetrics
2024-10-16,722995,645189235.3631538902747327095239365311434,614677,141,61.92289461,coinmetrics
2024-10-17,637858,718402197.2598770312383071297076956040956,765780,157,50.32160159,coinmetrics
2024-10-18,471530,622310179.4167300164887570979065462918088,723986,136,24.71878877,coinmetrics
2024-10-19,738236,791615159.1566001722018815498914546770478,685573,173,15.38628622,coinmetrics
2024-10-20,785369,791615159.1566001722018815498914546770478,688498,173,13.55162116,coinmetrics
2024-10-21,837363,782463538.09586395000684111578233625,717571,171,18.03407499,coinmetrics
2024-10-22,696851,639026240.6203893124566431792670892276223115942,639877,138,25.73374623,coinmetrics
2024-10-23,655119,718143297.5144314419147707517042180986844,740774,151,23.72766322,coinmetrics
2024-10-24,700022,699119632.4620647705196991500965692960532,656927,147,49.28574683,coinmetrics
2024-10-25,503588,727655130.0406147776123065525080425,859095,153,34.73362813,coinmetrics
2024-10-26,603956,694363719.6232325381561772619878644013156,727063,146,10.27423282,coinmetrics
2024-10-27,695610,765702460.1453481204024497557233401052624,654362,161,8.21010153,coinmetrics
2024-10-28,713082,798993870.5627303598585790462435182039468,756668,168,7.43238722,coinmetrics
2024-10-29,617786,746678795.0929814490073781541156913026312,831182,157,11.48863344,coinmetrics
2024-10-30,674680,803749783.4015625922221009343522230986844,794409,169,9.51950036,coinmetrics
2024-10-31,562286,751434707.9318136813709000422243961973688,789382,158,65.59262752,coinmetrics
2024-11-01,547824,727655130.0406147776123065525080425,819093,153,8.45088325,coinmetrics
2024-11-02,540251,670584141.7320336343975837722715107039468,690705,141,6.98802368,coinmetrics
2024-11-03,455287,627780898.7884680592439186809475082039468,627617,132,5.25744622,coinmetrics
2024-11-04,462249,722003987.1010513471424089537037948925920776674,811710,151,6.53551271,coinmetrics
2024-11-05,457869,702351990.309250934636867881417234218096,768957,139,6.32291368,coinmetrics
2024-11-06,500965,773092476.76205611824160307927715,894241,153,8.31425928,coinmetrics
2024-11-07,567009,788251150.351610232679105513799123672856,792482,156,6.82760192,coinmetrics
2024-11-08,481877,717510663.898805049074370315939207890952,848426,142,7.83022716,coinmetrics
2024-11-09,587132,702351990.309250934636867881417234218096,654475,139,13.58884107,coinmetrics
2024-11-10,553582,747828018.354077765121668062551184218096,793243,148,10.40340315,coinmetrics
2024-11-11,461089,687193309.443532333027072569327231563808,941403,136,16.33887419,coinmetrics
2024-11-12,502742,737722233.535653526439235480347192109048,1007782,146,19.53908127,coinmetrics
2024-11-13,570985,697299094.261956571709505151531223672856,859128,138,22.97549117,coinmetrics
2024-11-14,503550,641717281.398705502542272388193281563808,839766,127,24.82924316,coinmetrics
2024-11-15,559376,757933803.172502003804100644755176327144,886479,150,41.00771635,coinmetrics
2024-11-16,608007,793304046.398904595606468243685134218096,802492,157,17.77681763,coinmetrics
2024-11-17,598836,757933803.172502003804100644755176327144,717710,150,9.62792329,coinmetrics
2024-11-18,676948,789337179.1728684846854442519226891970883960114,796834,156,17.43262085,coinmetrics
2024-11-19,815851,889845956.743043788243316604150372343224,757888,175,25.38338346,coinmetrics
2024-11-20,669311,747470599.856633061034193959556403985164,750264,147,21.83644136,coinmetrics
2024-11-21,480041,732216100.2096523053711363044508,977195,144,21.35338055,coinmetrics
2024-11-22,539627,727131269.434712387515624770652719686448,902930,143,19.41600607,coinmetrics
2024-11-23,451335,701707093.593529791948497940528228985164,877099,138,13.33536165,coinmetrics
2024-11-24,463815,681367763.171609118429928751624544686448,790852,134,9.16009539,coinmetrics
2024-11-25,598037,859336950.126921274820678240227801328388,956417,169,11.6169858,coinmetrics
2024-11-26,475347,706791931.690630711900532528037672343224,790710,139,17.23152108,coinmetrics
2024-11-27,462955,676282925.074508198477894164115101328388,800136,133,9.91088139,coinmetrics
2024-11-28,523444,722046431.337611467563590183143276328388,754947,142,13.9498591,coinmetrics
2024-11-29,348672,615264919.164424173729140489981322343224,767132,121,13.01648571,coinmetrics
2024-11-30,633055,833912781.607899681350074463814673671612,828664,164,9.98037754,coinmetrics
2024-12-01,698852,803403774.991777167927436099892102656776,739652,158,21.31730326,coinmetrics
2024-12-02,310261,649987948.1056839635693243772256623392321062992,925715,127,18.29973793,coinmetrics
2024-12-03,437755,811042072.280459939671578372818122464456,918415,157,15.34214632,coinmetrics
2024-12-04,503460,759383337.534552537745505972505378803316,887569,147,11.7681086,coinmetrics
2024-12-05,509543,800710325.331278459286363892755573732228,968792,155,14.40977231,coinmetrics
2024-12-06,433339,702558733.033482999777870938755005071088,872253,136,15.45416475,coinmetrics
2024-12-07,443750,733553973.881027440933514378942651267772,798958,142,17.9532308,coinmetrics
2024-12-08,419481,754217467.779390401703943339067748732228,851865,146,15.19391832,coinmetrics
2024-12-09,401306,862700799.587510133295561559943577535544,915304,167,15.76046721,coinmetrics
2024-12-10,441945,795544448.137259114942712046130655071088,985635,154,16.08278745,coinmetrics
2024-12-11,482129,733553973.881027440933514378942651267772,858578,142,19.09109099,coinmetrics
2024-12-12,471573,764549214.728571882089157819130297464456,883811,148,19.3308715,coinmetrics
2024-12-13,527292,878198423.730710958024427886631044928912,936834,170,14.55124844,coinmetrics
2024-12-14,523313,821373819.229641420056792852880671196684,774578,159,11.9293312,coinmetrics
2024-12-15,370567,707724610.227502344121522785379923732228,789756,137,9.47781511,coinmetrics
2024-12-16,412496,797498864.708218208763196725787306522201995996,952348,148,12.42637813,coinmetrics
2024-12-17,417545,733677846.689421516104715366570702605328,829977,136,12.68251366,coinmetrics
2024-12-18,415402,776835370.7386127617043469138012,890898,144,13.44800318,coinmetrics
2024-12-19,437556,782230057.360584813711237048683277605328,861604,145,22.52973589,coinmetrics
2024-12-20,391262,814598200.397478247910960709106150651332,882836,151,15.103959,coinmetrics
2024-12-21,334464,782230057.360584813711237048683277605328,744752,145,10.67149899,coinmetrics
2024-12-22,332182,836176962.422073870710776482721399348668,758970,155,8.23399629,coinmetrics
2024-12-23,298335,749861922.092045086897641005303873697336,804969,139,11.00316454,coinmetrics
2024-12-24,323103,712099092.433179600691027209998923046004,763920,132,9.51769171,coinmetrics
2024-12-25,407080,814598200.397478247910960709106150651332,702219,151,7.64520668,coinmetrics
2024-12-26,298230,706704398.042853841298009458073376302664,739743,131,7.73055662,coinmetrics
2024-12-27,348548,852361030.056343734117574504411101302664,846364,158,6.83222029,coinmetrics
2024-12-28,291855,771440684.116640709697456778919122394672,704798,143,5.5634798,coinmetrics
2024-12-29,432661,853362734.117487141666692934239986089173193624,727603,158,6.67212669,coinmetrics
2024-12-30,362074,867710158.604494107171443036869833113544,812462,159,6.88225012,coinmetrics
2024-12-31,315699,703991256.009830571133586831256566886456,780332,129,6.05174448,coinmetrics
2025-01-01,290700,764021519.246739591271250987778077924304,661798,140,4.63322656,coinmetrics
2025-01-02,412640,911368526.866832529862347537914927924304,806065,167,5.66261043,coinmetrics
2025-01-03,400483,774936113.276950965211882960920638962152,774077,142,6.06347884,coinmetrics
2025-01-04,439080,813137188.453437237468283171157027924304,699568,149,6.02843849,coinmetrics
2025-01-05,433093,851338263.629923509724683381393416886456,672568,156,5.86404186,coinmetrics
2025-01-06,364707,725820444.070253319014850777541688962152,765227,133,6.67936903,coinmetrics
2025-01-07,344525,731277745.014612542520978459875544151392,780759,134,7.24543198,coinmetrics
2025-01-08,408966,682162075.807914896323946276496594151392,739012,125,7.530428,coinmetrics
2025-01-09,528450,829509083.428007834915042826633444151392,742304,152,7.20633832,coinmetrics
2025-01-10,405326,774936113.276950965211882960920638962152,797315,142,6.9081061,coinmetrics
2025-01-11,368077,753106925.216528217330619014635516886456,680515,138,5.57448942,coinmetrics
2025-01-12,380129,939920313.6991915387834865900759483327114659776,706797,172,4.87193051,coinmetrics
2025-01-13,407646,702796045.25618509663061484795212787063,730319,128,7.68337237,coinmetrics
2025-01-14,348098,845551487.37792810888037286968886351748,790420,154,6.56850422,coinmetrics
2025-01-15,356513,763192581.19838789001478619050606824126,804761,139,7.57681134,coinmetrics
2025-01-16,381403,702796045.25618509663061484795212787063,787871,128,7.64525217,coinmetrics
2025-01-17,420369,823589117.14059068339895753306000861189,844973,150,8.75065982,coinmetrics
2025-01-18,360806,713777234.32808155899582899778313074126,730835,130,6.13599716,coinmetrics
2025-01-19,381533,823589117.14059068339895753306000861189,777201,150,6.38180377,coinmetrics
2025-01-20,353367,834570306.21248714576417168289101148252,852334,152,12.74676251,coinmetrics
2025-01-21,329282,730249013.98269850291914374101305962937,864025,133,10.00097541,coinmetrics
2025-01-22,429325,823589117.14059068339895753306000861189,830610,150,7.66907261,coinmetrics
2025-01-23,326782,746720793.63731544684245848424298851748,797154,136,6.71707239,coinmetrics
2025-01-24,372822,768683171.78110837157288678390499425874,778133,140,6.6514907,coinmetrics
2025-01-25,328968,702796045.25618509663061484795212787063,674223,128,5.13483221,coinmetrics
2025-01-26,310325,752211392.12649142764957204067506537063,652111,137,4.26691798,coinmetrics
2025-01-27,335928,841019046.8641225299344802957607754411131096866,800741,156,6.17294713,coinmetrics
2025-01-28,311149,795344640.920476688247426398931724673856,754559,148,4.90333402,coinmetrics
2025-01-29,349802,832962291.914737133871023507535662336928,732357,155,4.59548864,coinmetrics
2025-01-30,346376,779222784.966873367684947768294350652288,768553,145,4.9368606,coinmetrics
2025-01-31,317922,671743786.548122598139419925271649347712,767144,125,5.06805196,coinmetrics
2025-02-01,352449,988806850.455809483690675424740524673856,732561,184,4.6201881,coinmetrics
2025-02-02,383886,918945495.2928307783554328725918,762118,171,4.59301876,coinmetrics
2025-02-03,363728,822214390.5251643806338083596874,872269,153,6.19287225,coinmetrics
2025-02-04,313377,703987482.978352476437753551086475326144,807567,131,5.24385708,coinmetrics
2025-02-05,378194,773848838.1413311817729961032352,755489,144,5.23646864,coinmetrics
2025-02-06,426147,779222784.966873367684947768294350652288,753978,145,5.29458452,coinmetrics
2025-02-07,501276,929693396.682403531592648020440062336928,753607,173,5.34405862,coinmetrics
2025-02-08,467968,859832041.519424826257405468291337663072,655694,160,4.52066207,coinmetrics
2025-02-09,382701,796800432.7027520323898840592036563716013464776,630935,143,3.51064062,coinmetrics
2025-02-10,364185,788864729.432715569035747110974521531248,784554,139,4.68166329,coinmetrics
2025-02-11,331657,703735439.555705274772463761064264234376,778968,124,5.15076372,coinmetrics
2025-02-12,389778,754813011.847429137995270147880614234376,713585,133,4.63539392,coinmetrics
2025-02-13,375861,896695156.194171917316863653965028468752,752473,158,5.6391493,coinmetrics
2025-02-14,341719,862643446.781297052952204806520143062496,734111,152,4.73142402,coinmetrics
2025-02-15,310167,908045728.722600727663689308329664234376,651702,160,3.79531385,coinmetrics
2025-02-16,306797,856968156.430876864440882921513314234376,607272,151,4.41102585,coinmetrics
2025-02-17,327916,777514156.904286758688921456609885765624,722465,137,6.1755852,coinmetrics
2025-02-18,429401,794540011.610724190871250880332328468752,752996,140,4.63306895,coinmetrics
2025-02-19,448514,715086012.0841340851192894154289,680832,126,5.22946452,coinmetrics
2025-02-20,482796,737787157.140991705812940724158171531248,692965,130,5.29833123,coinmetrics
2025-02-21,454467,732111866.790571517301618839151342703128,718521,129,5.74780813,coinmetrics
2025-02-22,558602,788864729.432715569035747110974521531248,629577,139,6.31048493,coinmetrics
2025-02-23,574133,727639381.1365430585271464767673201785156322136,515136,129,12.02795183,coinmetrics
2025-02-24,511496,714530231.596258506438503144484126405996,713984,130,13.48343678,coinmetrics
2025-02-25,493632,807968795.716349805007876473432035391006,837361,147,11.43713848,coinmetrics
2025-02-26,398655,862932663.947106208912105606865038905996,827083,157,10.84354772,coinmetrics
2025-02-27,326363,824457960.142974922201750612758002108994,890859,150,8.39586217,coinmetrics
2025-02-28,388679,857436273.166632372499077294225672891006,915297,156,6.78413458,coinmetrics
2025-03-01,283151,791479639.2045210798592131326982,796043,144,5.39872381,coinmetrics
2025-03-02,271285,692544684.303955944876811491110925,691454,126,5.68852873,coinmetrics
2025-03-03,372983,824457960.142974922201750612758002108994,804674,150,5.96592865,coinmetrics
2025-03-04,302840,802472412.850672360640058959384800702998,752956,146,5.26754788,coinmetrics
2025-03-05,306253,736515778.888561068000194797857327811992,735786,134,4.7877807,coinmetrics
2025-03-06,372699,934385688.689691337964998081031877811992,825264,170,5.18656761,coinmetrics
2025-03-07,313867,780486865.558369799078367306011599297002,863520,142,5.70866279,coinmetrics
2025-03-08,291511,753004935.400389793148858138591163202998,673352,137,4.33431507,coinmetrics
2025-03-09,302935,878405393.0064901361747044676886077902438249476,664954,159,4.36458492,coinmetrics
2025-03-10,441520,858547238.620268801872971438682879638072,800739,154,5.30315769,coinmetrics
2025-03-11,379790,769347526.038161277825741892517440978554,782819,138,6.09165522,coinmetrics
2025-03-12,432621,852972260.0961257996628905318359125,745460,153,5.18131301,coinmetrics
2025-03-13,529277,886422155.324906450931633845752271521446,764889,159,5.53267484,coinmetrics
2025-03-14,441947,791647456.190681712004904101795013659518,779781,142,5.4727813,coinmetrics
2025-03-15,472408,735897638.837354839226417869545934021446,663845,132,4.98328639,coinmetrics
2025-03-16,468961,808372399.791084931304566113280767138072,682615,145,4.1094162,coinmetrics
2025-03-17,382454,780497491.114421494915322997156227319036,777796,140,4.6979143,coinmetrics
2025-03-18,367012,791647456.190681712004904101795013659518,728748,142,4.41816966,coinmetrics
2025-03-19,438484,847397281.571982797452809624988945361928,757656,152,5.36175403,coinmetrics
2025-03-20,341253,791647456.190681712004904101795013659518,813034,142,5.56172012,coinmetrics
2025-03-21,318682,808372399.791084931304566113280767138072,769088,145,4.94804017,coinmetrics
2025-03-22,412886,836247316.495722580363228520350159021446,644074,150,9.82052173,coinmetrics
2025-03-23,542672,876971228.9099864826586082852977869674939074074,610837,156,5.90796058,coinmetrics
2025-03-24,481825,870857127.42976157263386994538905203216,809888,154,6.22306624,coinmetrics
2025-03-25,499703,842582547.06242223159008536907652601608,725387,149,13.34504035,coinmetrics
2025-03-26,518025,859547301.79728956977701923923444796784,759292,152,9.48009417,coinmetrics
2025-03-27,435123,836927634.24618623016166001599922398392,778898,148,5.19765756,coinmetrics
2025-03-28,395973,870857127.42976157263386994538905203216,830965,154,6.19616007,coinmetrics
2025-03-29,292760,797343220.10329521931019582806908597588,665765,141,4.10333659,coinmetrics
2025-03-30,303321,774723552.55219187969483660483386199196,611195,137,3.18640344,coinmetrics
2025-03-31,319360,836927634.24618623016166001599922398392,770064,148,4.92728411,coinmetrics
2025-04-01,352343,763413718.77664020988715699321625,807365,135,4.29156676,coinmetrics
2025-04-02,404621,972645623.26664693395215754448455203216,769838,172,4.52284032,coinmetrics
2025-04-03,395213,859547301.79728956977701923923444796784,792583,152,5.67861357,coinmetrics
2025-04-04,422793,1017884958.368853613182875990955,820433,180,5.56761572,coinmetrics
2025-04-05,294122,950907688.4520770932444715326603091077661865402,736838,164,4.46771255,coinmetrics
2025-04-06,272974,875826844.144028920531239571261587705624,645459,145,4.14241203,coinmetrics
2025-04-07,315963,875826844.144028920531239571261587705624,791618,145,7.47149574,coinmetrics
2025-04-08,360926,924148329.2792507281379318649055125,736263,153,7.04955975,coinmetrics
2025-04-09,320082,791264253.855257385730123145741725102812,743091,131,5.68968651,coinmetrics
2025-04-10,315731,869786662.8510595088357005787346,745006,144,5.14311407,coinmetrics
2025-04-11,412324,893947405.418670412639046725556562397188,762968,148,7.66442398,coinmetrics
2025-04-12,413756,869786662.8510595088357005787346,651244,144,5.50157395,coinmetrics
2025-04-13,448011,1038911843.428602578437933429774325205624,599557,172,4.14972777,coinmetrics
2025-04-14,448201,899987586.711639824334585718083550102812,731158,149,6.42356669,coinmetrics
2025-04-15,435581,869786662.8510595088357005787346,764894,144,5.74167627,coinmetrics
2025-04-16,512698,893947405.418670412639046725556562397188,715957,148,5.83564021,coinmetrics
2025-04-17,555992,924148329.2792507281379318649055125,734302,153,6.04852215,coinmetrics
2025-04-18,512005,821465177.715837701229008285090675205624,669757,136,5.31676956,coinmetrics
2025-04-19,548341,847825370.557640861977557527854400003272132494,618431,139,6.34043577,coinmetrics
2025-04-20,468036,753499805.380222303149983539366077550998,563502,123,5.55323301,coinmetrics
2025-04-21,437926,771877846.401680031903183013386975,680575,126,6.41246794,coinmetrics
2025-04-22,514191,949532272.347308415629064858567384183666,792265,155,6.39689005,coinmetrics
2025-04-23,425004,698365673.494388015156899038409865050998,716670,114,11.38810925,coinmetrics
2025-04-24,460328,863768069.151890879136152541278502550998,771761,141,8.78504718,coinmetrics
2025-04-25,385154,882146110.1733486078893520152994,818112,144,6.04167583,coinmetrics
2025-04-26,330013,814759947.999388800149639172031415816334,636351,133,4.46749753,coinmetrics
2025-04-27,432684,827011978.2875143198962675143431875,614897,135,5.15850616,coinmetrics
2025-04-28,421997,863768069.151890879136152541278502550998,801464,141,6.65662833,coinmetrics
2025-04-29,466125,894398140.461474127635980357611171683666,738376,146,6.24269494,coinmetrics
2025-04-30,344716,808633937.266056591143068040322290050998,797218,132,6.58453638,coinmetrics
2025-05-01,330132,827011978.2875143198962675143431875,783416,135,5.44203945,coinmetrics
2025-05-02,380180,974036332.923559455122321543190927550998,931165,159,5.59466532,coinmetrics
2025-05-03,389316,998934428.3048719763684633152513540560994796748,686500,164,3.90478799,coinmetrics
2025-05-04,345861,823060872.61067423343656019926924175078,613491,139,3.3828386,coinmetrics
2025-05-05,401820,1036227716.82485324246662411498199175078,758965,175,5.18166695,coinmetrics
2025-05-06,335143,817139566.64546161175952488983135612383,787857,138,5.29476865,coinmetrics
2025-05-07,343041,894116484.50650931359086138410597287461,846613,151,6.6552108,coinmetrics
2025-05-08,371373,941486898.12151521273850241479883137617,852697,159,6.49199029,coinmetrics
2025-05-09,335574,828982170.04921308654643514750457074922,863281,140,6.85207179,coinmetrics
2025-05-10,326973,888195187.06797046048098643587064387617,664831,150,4.39129382,coinmetrics
2025-05-11,280245,882273881.10275783880395112643275824922,615305,149,3.382963,coinmetrics
2025-05-12,385997,858588674.29525488923013061108632899844,758453,145,13.32397413,coinmetrics
2025-05-13,289432,769769161.55712948117904422034105425078,808191,130,5.99850038,coinmetrics
2025-05-14,325951,852667376.856716036120255662851,790244,144,7.14039545,coinmetrics
2025-05-15,373943,864509980.26046751090716592052421462539,754318,146,5.49743468,coinmetrics
2025-05-16,365949,805296963.24171013697261463215814149844,829195,136,12.42293897,coinmetrics
2025-05-17,293931,853949349.7167878777165570095651915036817053872,740377,143,7.03352172,coinmetrics
2025-05-18,641273,979723251.29981097461216191888125,601421,162,5.94891823,coinmetrics
2025-05-19,583361,852722091.9971636299026178912104566115,718046,141,6.88530427,coinmetrics
2025-05-20,559405,895055811.764712744805799233767387741,739140,148,7.27756634,coinmetrics
2025-05-21,424978,870865112.26649864409969948345,796779,144,7.90587525,coinmetrics
2025-05-22,471085,907151161.5138197951588491089260816115,868642,150,8.10750052,coinmetrics
2025-05-23,445109,937389531.5322618597089805763243188705,809410,155,6.08910519,coinmetrics
2025-05-24,389251,852722091.9971636299026178912104566115,644711,141,5.13846292,coinmetrics
2025-05-25,357724,913198832.0340477590028808260069311295,625162,151,4.14588679,coinmetrics
2025-05-26,352991,925294181.783154809355930701165625,745729,153,4.96133555,coinmetrics
2025-05-27,424640,852722091.9971636299026178912104566115,706571,141,5.79600318,coinmetrics
2025-05-28,540056,991818601.0489180249652117940399438705,782052,164,7.99481868,coinmetrics
2025-05-29,390670,961580231.0304759604150803266417066115,765279,159,5.34398452,coinmetrics
2025-05-30,389971,938712777.7441466778036323134766336377509916368,834229,155,5.88312328,coinmetrics
2025-05-31,300176,1016284108.927666671739791278912743916328,711975,161,4.01331725,coinmetrics
2025-06-01,254662,839539042.158193931252928301957479645918,689965,133,3.46803334,coinmetrics
2025-06-02,348163,839539042.158193931252928301957479645918,771787,133,4.72198068,coinmetrics
2025-06-03,360069,908974603.1294425759483645686738,864048,144,4.89837962,coinmetrics
2025-06-04,332769,795352777.738262253954818997589575,720304,126,4.61248281,coinmetrics
2025-06-05,321208,845851370.840896188749472922286406416328,781431,134,4.95396644,coinmetrics
2025-06-06,296656,845851370.840896188749472922286406416328,781673,134,4.3574863,coinmetrics
2025-06-07,290519,902662283.536486349746245707828518916328,653737,143,3.27860352,coinmetrics
2025-06-08,323313,965785515.8250327369451373542159125,611460,153,3.33871583,coinmetrics
2025-06-09,354588,883725306.578125608551037606325384291836,744523,140,4.9822096,coinmetrics
2025-06-10,421700,1066782692.940554575240019444125929645918,824315,169,5.19489238,coinmetrics
2025-06-11,349470,890037635.260827866047582226654311062246,755087,141,4.81375031,coinmetrics
2025-06-12,424933,934223899.680759543345691531022215708164,780705,148,4.88265326,coinmetrics
2025-06-13,347897,915286922.722398802150483429519081083672,811764,145,6.54962301,coinmetrics
2025-06-14,271851,949074580.5847822196264091573759965975553663846,631338,151,2.94854091,coinmetrics
2025-06-15,281450,854616739.018765924349557596212050227888,599893,136,2.68171862,coinmetrics
2025-06-16,366746,917456210.445959396201852724353487443028,722329,146,5.01013142,coinmetrics
2025-06-17,359926,741505699.498700836620633383871400227888,712578,118,6.14533437,coinmetrics
2025-06-18,434037,879752527.589643313090475647468625113944,751671,140,7.011965,coinmetrics
2025-06-19,307561,798061219.258733380485095490041725227888,716269,127,5.10770069,coinmetrics
2025-06-20,353689,948875941.635114551325396779267237556972,778947,151,5.21503377,coinmetrics
2025-06-21,310017,886036479.256804241078308669439737329084,658427,141,3.50608004,coinmetrics
2025-06-22,264346,672382294.502112759990919270386724772112,595271,107,2.74838076,coinmetrics
2025-06-23,291899,672382294.502112759990919270386724772112,691705,107,5.03361581,coinmetrics
2025-06-24,279722,735221756.880423070238007380214225,757208,117,6.14348201,coinmetrics
2025-06-25,387334,898604373.542242935448767695068024772112,748961,143,4.79018074,coinmetrics
2025-06-26,506745,986579624.491430634436773856152099886056,764181,157,7.61040348,coinmetrics
2025-06-27,337361,722653862.594984375867548354585937556972,731987,115,4.35101521,coinmetrics
2025-06-28,389138,911172258.778798468214019702382375227888,636115,145,3.84617314,coinmetrics
2025-06-29,368982,992910582.8334956143622026809504222793063664256,545712,169,2.77602945,coinmetrics
2025-06-30,342103,843035675.636499381223130146608762188184,759866,145,4.34028358,coinmetrics
2025-07-01,330384,779081252.230660351164701161198525311816,796482,134,4.21818291,coinmetrics
2025-07-02,361066,889547992.7013456596965526526685125,794995,153,4.39139435,coinmetrics
2025-07-03,364594,877919913.435134090078197026153574922046,798168,151,4.29623936,coinmetrics
2025-07-04,365649,924432230.499980368551619532213325233862,693948,159,3.29882118,coinmetrics
2025-07-05,436219,912804151.233768798933263905698387655908,561792,157,3.10577231,coinmetrics
2025-07-06,496239,930246265.946977952413288358663487422046,613042,160,3.9884031,coinmetrics
2025-07-07,374019,877919913.435134090078197026153574922046,686261,151,4.16090095,coinmetrics
2025-07-08,342697,825593560.923290227743105693643662422046,795709,142,4.4494959,coinmetrics
2025-07-09,452381,953502424.479401091649999611693362577954,779022,164,5.04758223,coinmetrics
2025-07-10,434824,994200697.7250333843667353176883375,829216,171,4.87340907,coinmetrics
2025-07-11,409674,872105877.988136506216528199703412733862,845548,150,5.48028232,coinmetrics
2025-07-12,394126,920455694.5281461135905255847489655138515097564,673470,149,4.00391579,coinmetrics
2025-07-13,410972,859946007.06195826065699319791244886718,655163,137,4.5474046,coinmetrics
2025-07-14,450093,910161827.21162489723905652057357953128,797345,145,5.3469701,coinmetrics
2025-07-15,421980,1029424417.01492415441804628799907386718,753728,164,4.23799581,coinmetrics
2025-07-16,402255,822284135.17057188510180995547447726564,735726,131,4.98754741,coinmetrics
2025-07-17,428846,853669023.89396959931870549054470453128,811618,136,5.99534249,coinmetrics
2025-07-18,449609,903884853.082484766725616480462,757713,144,4.45068174,coinmetrics
2025-07-19,432190,891330895.78535597487388873298267613282,655287,142,4.39533408,coinmetrics
2025-07-20,405387,935269741.80588248094251201553222726564,625098,149,3.09111508,coinmetrics
2025-07-21,388565,941546724.97387114228079972289997160154,733805,150,4.28372646,coinmetrics
2025-07-22,423231,941546724.97387114228079972289997160154,730808,150,4.53143786,coinmetrics
2025-07-23,365110,878776938.48822718302216098550335226564,738717,140,4.00491735,coinmetrics
2025-07-24,408556,922715784.50875368909078426805290339846,719805,147,9.99073833,coinmetrics
2025-07-25,433467,1004316502.42066657071459079304042613282,749904,160,5.16201262,coinmetrics
2025-07-26,571396,970368223.04823972050843130055490462962875,652309,153,4.25424385,coinmetrics
2025-07-27,473722,869131964.326308217145934071861752861932,615345,137,4.07723236,coinmetrics
2025-07-28,502425,919884190.685319443851620952045963552272,728095,145,4.41311645,coinmetrics
2025-07-29,346511,710531242.109370439177109308517355723864,715626,112,4.89132408,coinmetrics
2025-07-30,426989,869131964.326308217145934071861752861932,733090,137,4.28125986,coinmetrics
2025-07-31,477852,976980451.048833110246885331779638552272,752871,154,3.8557182,coinmetrics
2025-08-01,399495,957948367.306129107502526079615847138068,838177,151,5.45339715,coinmetrics
2025-08-02,307246,919884190.685319443851620952045963552272,693800,145,4.07358523,coinmetrics
2025-08-03,289554,983324485.053335549936462831329102861932,621756,155,2.90441637,coinmetrics
2025-08-04,451189,1084828946.906759661510023214939825,728238,171,3.36113043,coinmetrics
2025-08-05,408980,875475989.195408998673324948168916414204,798131,138,3.78965914,coinmetrics
2025-08-06,495331,913540165.8162186623242300757388,838450,144,5.82403829,coinmetrics
2025-08-07,564678,1021388661.674145213587367958898986447728,810557,161,5.14735305,coinmetrics
2025-08-08,474837,870936594.9483012888471732471234776639192900784,960615,137,5.87728451,coinmetrics
2025-08-09,377106,746374217.509660810049965815219026428608,767705,116,4.29310005,coinmetrics
2025-08-10,396369,868625162.1369319447336977622845,651290,135,3.08298363,coinmetrics
2025-08-11,449439,945836284.571769763334268426545530178544,760684,147,4.47476259,coinmetrics
2025-08-12,365290,881493684.086960758299449663632356607152,721420,137,4.11725998,coinmetrics
2025-08-13,444797,1003744628.714231892983181610697830178544,753168,156,4.4655542,coinmetrics
2025-08-14,479810,1042350194.5643183336804373147414,803997,162,4.26773141,coinmetrics
2025-08-15,433563,862190905.794585069347792183523626428608,734665,134,3.75927443,coinmetrics
2025-08-16,396105,978007594.079509328645618551828226428608,642573,152,2.87626845,coinmetrics
2025-08-17,442159,978007594.079509328645618551828226428608,569807,152,2.52361439,coinmetrics
2025-08-18,482626,990876106.764203079417429709349973571392,701698,154,3.43902869,coinmetrics
2025-08-19,409590,862190905.794585069347792183523626428608,670399,134,3.29146775,coinmetrics
2025-08-20,424546,907230727.987018385430953466328069821456,726389,141,3.36997891,coinmetrics
2025-08-21,451619,958704806.521798576900020327893386785696,702511,149,3.03123198,coinmetrics
2025-08-22,457298,939651300.6862691629049032185599086939522869102,767825,146,3.65100366,coinmetrics
2025-08-23,471882,980001773.740490671844731705537023079464,662164,152,2.59805484,coinmetrics
2025-08-24,521558,1057370331.404761459749784032653730769866,610390,164,2.28582085,coinmetrics
2025-08-25,479193,909080592.013147744981106159067654809598,705894,141,2.83695144,coinmetrics
2025-08-26,458661,967107012.582407658680291952372617309598,710999,150,3.230064,coinmetrics
2025-08-27,506732,967107012.582407658680291952372617309598,703023,150,3.58339246,coinmetrics
2025-08-28,580430,1025133433.151667572379477745677579809598,696912,159,3.30010435,coinmetrics
2025-08-29,587838,1063817707.341689320791210813301070190402,777455,165,3.52402556,coinmetrics
2025-08-30,625477,1018686047.930512420256464773160513460268,633372,158,3.2363662,coinmetrics
2025-08-31,482257,851054171.443887831281920365762692309598,579281,132,2.96748578,coinmetrics
2025-09-01,597762,1038028194.309750585543917498841985579464,724476,161,9.4815454,coinmetrics
2025-09-02,583102,1050922946.183606307626771060136664420536,741440,163,5.03725553,coinmetrics
2025-09-03,405522,883291069.696981718652226652738843269866,757257,137,6.25173553,coinmetrics
2025-09-04,400455,902633206.791992592858093186550588460268,768977,140,4.91359891,coinmetrics
2025-09-05,414108,959168799.5148377019799010723588383557036410904,811569,143,5.72277103,coinmetrics
2025-09-06,446745,946761024.189438731356708340769543849276,613246,140,3.46315036,coinmetrics
2025-09-07,580185,1041437124.660759921708110509691512698552,594567,154,3.25803103,coinmetrics
2025-09-08,566372,1082012600.464803323539287150275896924638,732824,160,4.09973947,coinmetrics
2025-09-09,618149,1129350650.700463918714988234736881349276,725526,167,4.50398825,coinmetrics
2025-09-10,648787,1149638393.471542326591248217916537301448,687721,170,3.97135772,coinmetrics
2025-09-11,598534,1014386817.196177734408669408410184226086,722040,150,4.15380199,coinmetrics
2025-09-12,397599,811509447.914074139174129531263190773914,721666,120,5.0077519,coinmetrics
2025-09-13,524450,953523608.359169338622576110421071726086,684987,141,3.96725292,coinmetrics
2025-09-14,539763,1034674550.2291427283635860658149125,646063,153,3.15897547,coinmetrics
2025-09-15,534944,1102300333.497768317494203807680625198552,773239,163,4.46695894,coinmetrics
2025-09-16,535330,1082012600.464803323539287150275896924638,747555,160,4.19178659,coinmetrics
2025-09-17,362882,865610082.319465341615698385375703075362,698218,128,4.45125146,coinmetrics
2025-09-18,446237,1089165928.9937841020216715838863563820074514768,729042,158,3.62274383,coinmetrics
2025-09-19,483134,1188749384.186206583993514939803017936278,759748,168,3.6275725,coinmetrics
2025-09-20,492759,1082611043.2192637297961975921886125,711626,153,3.41006645,coinmetrics
2025-09-21,515795,1146294045.761573360960679803493825,660574,162,2.90394595,coinmetrics
2025-09-22,456797,1061383379.101587321664550517192592936278,747221,150,3.39577662,coinmetrics
2025-09-23,498707,1018928040.6769540986317153808834,674195,144,2.79635646,coinmetrics
2025-09-24,526277,1082611043.2192637297961975921886125,682109,153,2.83408362,coinmetrics
2025-09-25,426022,997700376.559277690500068305887380436278,741811,141,3.36040579,coinmetrics
2025-09-26,418111,934017374.016968059335586094582167936278,728767,132,4.06730819,coinmetrics
2025-09-27,523531,1096762822.694141470807142637625010145426,635310,155,2.48225617,coinmetrics
2025-09-28,637714,1167521709.879249769092326878489844563722,652543,165,2.2240307,coinmetrics
2025-09-29,449737,990624481.727198616609825290010604709148,740289,140,3.3072654,coinmetrics
2025-09-30,556139,1139218161.118774693839977773934203081704,745290,161,3.16149503,coinmetrics
2025-10-01,471120,1079018824.2422623709784937423687727713128294702,885196,151,3.68651784,coinmetrics
2025-10-02,375898,1019764931.67643372897238933583714428412,804780,136,4.20731967,coinmetrics
2025-10-03,391675,884796043.02528743589711995632801928412,797887,118,5.33571155,coinmetrics
2025-10-04,426061,1004768398.09076066715665135679973071588,743257,134,3.69025762,coinmetrics
2025-10-05,520032,1117242464.76837518332490687570963464206,677933,149,2.62450107,coinmetrics
2025-10-06,426681,922287409.38200336671157524198620428691,768110,123,4.60013412,coinmetrics
2025-10-07,430981,1034761476.05961788287983076089610821309,767705,138,3.91395368,coinmetrics
2025-10-08,431067,1109744197.97553865241703788619092785794,759929,148,3.49143093,coinmetrics
2025-10-09,366723,899792587.40847158980456138138698321309,719972,120,3.74034869,coinmetrics
2025-10-10,415580,989771853.70757651324920993174076678691,745662,132,4.08933657,coinmetrics
2025-10-11,450131,1102245920.38519102941746545065067071309,718136,147,3.43313791,coinmetrics
2025-10-12,463010,1087249376.00200687551002402559170678412,695884,145,2.51616052,coinmetrics
2025-10-13,489858,1139737286.74190696023192073630885571588,680803,152,2.82560332,coinmetrics
2025-10-14,563809,1267207897.80270563030761768027772357103,706371,169,2.74984331,coinmetrics
2025-10-15,484211,1079751109.209170344602155036073,695775,144,2.92786317,coinmetrics
2025-10-16,490450,1123253238.7393430218622499983310875000025,740169,153,3.17798363,coinmetrics
2025-10-17,485148,1159633835.71010633135000482321475078865,772447,159,3.6751389,coinmetrics
2025-10-18,564015,1203393595.96172564446711602162399921135,608801,165,2.55025388,coinmetrics
2025-10-19,437518,1013767943.6992389591776729311545213591,595209,139,2.22222979,coinmetrics
2025-10-20,422448,1086700884.4535005748819900420354786409,679663,149,2.92076179,coinmetrics
2025-10-21,437054,1093994184.83033322091064035530256328865,733522,150,2.96038825,coinmetrics
2025-10-22,480827,1115874064.9561428774691959545071875,695833,153,2.93569691,coinmetrics
2025-10-23,436183,1035647823.82504861573622853035914557045,679681,142,2.62546377,coinmetrics
2025-10-24,565682,1305499727.7209737035223367152749802182,734616,179,2.92651381,coinmetrics
2025-10-25,502467,1166927125.58459483661495746618352057045,595504,160,2.16357985,coinmetrics
2025-10-26,521439,1072114294.20217942358838708579962421135,584836,147,2.09703222,coinmetrics
2025-10-27,505599,1072114294.20217942358838708579962421135,726782,147,2.76365613,coinmetrics
2025-10-28,526865,1181513715.835915987908560422419375,693980,162,3.00712214,coinmetrics
2025-10-29,395521,932047920.0122601246714182173584930327308909214,667087,123,2.55413098,coinmetrics
2025-10-30,551534,1240553836.426268028583862432955315700794,708971,160,2.86380846,coinmetrics
2025-10-31,460460,1085484605.477361457635705029303881401588,723709,140,3.45584759,coinmetrics
2025-11-01,387158,1069977681.265972346640749609313122102382,683092,138,2.51142112,coinmetrics
2025-11-02,405694,1201786531.480287520597172281106496799206,575622,155,2.05634496,coinmetrics
2025-11-03,452775,1100991529.688750568630660449294640700794,772175,142,3.21036814,coinmetrics
2025-11-04,370080,1015703452.108602727659104037473543901588,779122,131,3.93187943,coinmetrics
2025-11-05,399776,1069977681.265972346640749609313122102382,747953,138,4.23042387,coinmetrics
2025-11-06,414343,1085484605.477361457635705029303881401588,737224,140,3.33175311,coinmetrics
2025-11-07,477171,1100991529.688750568630660449294640700794,752529,142,3.33020756,coinmetrics
2025-11-08,351704,930415374.528454886687547625652447102382,622449,120,2.55256924,coinmetrics
2025-11-09,467846,1093238073.165548282633881137427340397618,607063,141,2.40885714,coinmetrics
2025-11-10,451762,1085484605.477361457635705029303881401588,723219,140,3.74417263,coinmetrics
2025-11-11,480595,1186279607.2688984096022168611157375,717240,153,2.74064711,coinmetrics
2025-11-12,452672,1085693709.7267337629120576502890573432148713554,666761,141,2.5596544,coinmetrics
2025-11-13,481822,1135417896.885745268591851849535517894228,715565,150,3.0392257,coinmetrics
2025-11-14,484096,1090001177.5223116897767803682684,804891,144,3.44757513,coinmetrics
2025-11-15,485232,1082431729.745078647585826903607782192304,735457,143,2.46835008,coinmetrics
2025-11-16,582885,1203542970.480889749202900622552292894228,599175,159,2.59784312,coinmetrics
2025-11-17,406170,938612123.877544868949658995145810701924,722706,124,4.54771315,coinmetrics
2025-11-18,321895,1006737197.472689349560707768162585701924,783873,133,3.69128131,coinmetrics
2025-11-19,359976,1037015010.381645068770755422340664298076,740835,137,3.34410806,coinmetrics
2025-11-20,357950,991598291.018211489955683941073546403848,712914,131,3.15183306,coinmetrics
2025-11-21,416326,1142987344.662978310782805314196135701924,798210,151,3.63873918,coinmetrics
2025-11-22,472844,1082431729.745078647585826903607782192304,653472,143,3.04137277,coinmetrics
2025-11-23,318830,1074862271.067833830171756541179360701924,587259,142,2.23206887,coinmetrics
2025-11-24,399370,1082431729.745078647585826903607782192304,672046,143,2.587686,coinmetrics
2025-11-25,351642,870487050.282400388338610222129035701924,673473,115,3.13027951,coinmetrics
2025-11-26,476755,1240799633.496913627518812383334501303576532972,719513,164,3.11504921,coinmetrics
2025-11-27,404471,1061317862.962787344490670385968958915704,675201,143,2.6888795,coinmetrics
2025-11-28,510984,1113270484.205297664366069776619447311778,703533,150,2.85585679,coinmetrics
2025-11-29,403759,1016787040.174608521381247302882911603926,630159,137,2.25719319,coinmetrics
2025-11-30,514580,1239441132.740709408585985893180214292148,601718,167,2.17500927,coinmetrics
2025-12-01,399941,987099824.982489305974965247492213396074,737081,133,4.01880956,coinmetrics
2025-12-02,415283,942569002.194310482865542164406166084296,743961,127,3.97296907,coinmetrics
2025-12-03,430832,979678026.528157809208988939927772311778,716757,132,3.5873632,coinmetrics
2025-12-04,414769,979678026.528157809208988939927772311778,693069,132,3.15940654,coinmetrics
2025-12-05,350006,883194582.497468666224166466191236603926,712886,119,3.63532789,coinmetrics
2025-12-06,529256,1209753917.548590193179703837789516084296,615281,163,2.40213513,coinmetrics
2025-12-07,546753,1187488511.498199088710586502529725896074,545020,160,1.90661205,coinmetrics
2025-12-08,575607,1098426876.609238056662928748924098207852,666566,148,2.70652416,coinmetrics
2025-12-09,446113,957412609.790370090568683192101515188222,668386,129,2.90764527,coinmetrics
2025-12-10,554922,1150379497.851748376538328139574586603926,689654,155,2.72107443,coinmetrics
2025-12-11,475726,1179627150.3762482155060632678261613651119,656012,160,2.62152377,coinmetrics
2025-12-12,411109,1068190149.670111157215638294548744582088,761375,145,2.84345593,coinmetrics
2025-12-13,500012,1053456501.797791396008923518511655417912,601306,143,2.21727704,coinmetrics
2025-12-14,418597,942954068.497760385581973335373823229478,564048,128,1.954934,coinmetrics
2025-12-15,419887,987155043.939419441220655961853517917912,663223,134,2.69619218,coinmetrics
2025-12-16,442553,1082923808.150664175761865836708642811566,696716,147,2.74310551,coinmetrics
2025-12-17,451215,1016622350.292292220973598280050505311566,675987,138,2.83041509,coinmetrics
2025-12-18,461224,1060823325.7339512766122809065302,725880,144,2.76906073,coinmetrics
2025-12-19,433546,1068190149.670111157215638294548744582088,735738,145,3.29975598,coinmetrics
2025-12-20,441258,1082923808.150664175761865836708642811566,613352,147,2.13286655,coinmetrics
2025-12-21,440054,1016622350.292292220973598280050505311566,565021,138,1.89117973,coinmetrics
2025-12-22,426021,1023989184.836685358916468434191858958956,667969,139,2.54620131,coinmetrics
2025-12-23,431814,1068190149.670111157215638294548744582088,672116,145,2.53787255,coinmetrics
2025-12-24,503638,1171325759.033982287039231089668032188434,667297,159,2.73632344,coinmetrics
2025-12-25,465274,1016989504.5854221554118807183643334586267705314,562104,138,2.0880317,coinmetrics
2025-12-26,513354,1149714805.066739180326615801395776345514,613757,156,2.38212109,coinmetrics
2025-12-27,475008,1002315469.451092811655328353688135127352,569638,136,2.07978162,coinmetrics
2025-12-28,540696,1142344843.061695297634086288031828718162,572908,155,2.15540502,coinmetrics
2025-12-29,548253,1134974870.443899335517034865731360127352,693511,154,2.80614074,coinmetrics
2025-12-30,366458,877026041.076082249910673263945378718162,749500,119,3.05012403,coinmetrics
2025-12-31,407824,980205572.823209084153217904659771281838,697063,133,3.05108551,coinmetrics
