date,price_usd,volume_btc,num_trades,source
2010-07-18,0.0678842,75.01,5,mtgox
2010-07-19,0.08651794,574,10,mtgox
2010-07-20,0.07858595,262,18,mtgox
2010-07-21,0.07349948,575,28,mtgox
2010-07-22,0.06008531,2160,116,mtgox
2010-07-23,0.05871594,2402.5,42,mtgox
2010-07-24,0.05385177,496.32,16,mtgox
2010-07-25,0.05482699,1551.48,15,mtgox
2010-07-26,0.05348575,877,18,mtgox
2010-07-27,0.05836883,3373.69,37,mtgox
2010-07-28,0.05825565,4390.29,26,mtgox
2010-07-29,0.06556046,8058.49,54,mtgox
2010-07-30,0.06571989,3020.85,29,mtgox
2010-07-31,0.06063732,4022.25,43,mtgox
2010-08-01,0.06253179,2601,20,mtgox
2010-08-02,0.06146168,3599,18,mtgox
2010-08-03,0.06170627,9821.46,57,mtgox
2010-08-04,0.06032201,3494,18,mtgox
2010-08-05,0.06031086,5034.07,16,mtgox
2010-08-06,0.0615828,1395,13,mtgox
2010-08-07,0.06007667,2619,18,mtgox
2010-08-08,0.06024325,2201,5,mtgox
2010-08-09,0.0650669,13631.09,81,mtgox
2010-08-10,0.06782228,1310.39,17,mtgox
2010-08-11,0.07223019,14061.18,79,mtgox
2010-08-12,0.06521194,2062.31,13,mtgox
2010-08-13,0.06509338,3591.77,20,mtgox
2010-08-14,0.06705156,4404.2,17,mtgox
2010-08-15,0.06608965,4462.866,21,mtgox
2010-08-16,0.06493078,10731.468,49,mtgox
2010-08-17,0.06939317,13185.74,75,mtgox
2010-08-18,0.06900137,2953.975,20,mtgox
2010-08-19,0.06752327,741.115,6,mtgox
2010-08-20,0.06581606,4199.747,22,mtgox
2010-08-21,0.06592532,10443.86,22,mtgox
2010-08-22,0.06346953,18648.972,132,mtgox
2010-08-23,0.06559113,4297.49,36,mtgox
2010-08-24,0.06625027,6711.757,23,mtgox
2010-08-25,0.06594211,4228.88,23,mtgox
2010-08-26,0.0650032,3870.01,16,mtgox
2010-08-27,0.06478472,9009.973,26,mtgox
2010-08-28,0.06469913,6174.005,158,mtgox
2010-08-29,0.06456013,3173.402,15,mtgox
2010-08-30,0.06243933,34193.138,145,mtgox
2010-08-31,0.0626879,14886.907,43,mtgox
2010-09-01,0.06095562,7164.722,104,mtgox
2010-09-02,0.06121863,8150.73,25,mtgox
2010-09-03,0.06122225,892,27,mtgox
2010-09-04,0.06127427,3301,8,mtgox
2010-09-05,0.06241334,8459.24,60,mtgox
2010-09-06,0.06167912,910,4,mtgox
2010-09-07,0.06142333,3457.192,27,mtgox
2010-09-08,0.06112574,2345.41,10,mtgox
2010-09-09,0.06211468,1733.502,23,mtgox
2010-09-10,0.06109496,4939.788,24,mtgox
2010-09-11,0.06338669,7749.14,35,mtgox
2010-09-12,0.06170547,793.88,11,mtgox
2010-09-13,0.06274066,10076.336,41,mtgox
2010-09-14,0.06255921,14014.808,125,mtgox
2010-09-15,0.06113922,3651.85,19,mtgox
2010-09-16,0.06187479,730,2,mtgox
2010-09-17,0.06044378,7262,26,mtgox
2010-09-18,0.06030998,7092.609,23,mtgox
2010-09-19,0.06204093,12852.17,28,mtgox
2010-09-20,0.06228623,14307.94,33,mtgox
2010-09-21,0.06273023,5735.946,24,mtgox
2010-09-22,0.0620502,11560.4,30,mtgox
2010-09-23,0.06256514,15505.33,56,mtgox
2010-09-24,0.06233001,684.375,8,mtgox
2010-09-25,0.06181229,2152.5,17,mtgox
2010-09-26,0.06204958,12058.125,22,mtgox
2010-09-27,0.06217543,10752.245,47,mtgox
2010-09-28,0.06195829,7086.153,34,mtgox
2010-09-29,0.06179982,23475.642,63,mtgox
2010-09-30,0.06165763,7917.025,27,mtgox
2010-10-01,0.06198833,1717.45,19,mtgox
2010-10-02,0.06144968,13059.737,38,mtgox
2010-10-03,0.06132773,7172.633,35,mtgox
2010-10-04,0.0611815,33995.369,52,mtgox
2010-10-05,0.06172918,27526.613,89,mtgox
2010-10-06,0.06255091,33433.302,92,mtgox
2010-10-07,0.0643763,43692.981,114,mtgox
2010-10-08,0.07742437,139287.286,258,mtgox
2010-10-09,0.08573401,187846.954,365,mtgox
2010-10-10,0.09646694,50684.192,86,mtgox
2010-10-11,0.09900216,14092.905,18,mtgox
2010-10-12,0.09340401,25660.749,82,mtgox
2010-10-13,0.09585337,47557.265,68,mtgox
2010-10-14,0.09946039,37217.28,62,mtgox
2010-10-15,0.10367531,24643.334,36,mtgox
2010-10-16,0.10082104,6284.708,9,mtgox
2010-10-17,0.10195269,18222.191,16,mtgox
2010-10-18,0.10097924,25665.087,25,mtgox
2010-10-19,0.09997231,6235.1,18,mtgox
2010-10-20,0.10111705,31855,46,mtgox
2010-10-21,0.10290083,44867,35,mtgox
2010-10-22,0.10592543,34603.909,41,mtgox
2010-10-23,0.10885464,4423.469,11,mtgox
2010-10-24,0.11308579,13800.23,59,mtgox
2010-10-25,0.14686648,30299.635,49,mtgox
2010-10-26,0.15583911,19219.125,27,mtgox
2010-10-27,0.17672226,65605.872,63,mtgox
2010-10-28,0.18627936,21525.035,44,mtgox
2010-10-29,0.18755944,28686.852,49,mtgox
2010-10-30,0.19139786,26708.94,42,mtgox
2010-10-31,0.19409757,40337.756,45,mtgox
2010-11-01,0.19049945,21258.611,59,mtgox
2010-11-02,0.19157086,5853.394,15,mtgox
2010-11-03,0.19146106,61472.627,145,mtgox
2010-11-04,0.20974722,29698.431,57,mtgox
2010-11-05,0.23912214,36622.072,71,mtgox
2010-11-06,0.28687644,32756.129,100,mtgox
2010-11-07,0.3618001,77218.719,231,mtgox
2010-11-08,0.32434874,118203.827,240,mtgox
2010-11-09,0.26693204,47983.393,168,mtgox
2010-11-10,0.20107691,30387.028,140,mtgox
2010-11-11,0.22090158,5031.88,38,mtgox
2010-11-12,0.25772013,40720.385,91,mtgox
2010-11-13,0.28982058,21915.573,107,mtgox
2010-11-14,0.28459511,16844.327,61,mtgox
2010-11-15,0.27474968,8507.74,50,mtgox
2010-11-16,0.25374053,33931.012,57,mtgox
2010-11-17,0.26352859,32871.602,102,mtgox
2010-11-18,0.27380989,37446.671,93,mtgox
2010-11-19,0.27041917,2157.562,29,mtgox
2010-11-20,0.28111358,14652.694,84,mtgox
2010-11-21,0.27800115,765,10,mtgox
2010-11-22,0.27719933,28205.85,54,mtgox
2010-11-23,0.28038712,4856.923,23,mtgox
2010-11-24,0.28241204,2514.912,14,mtgox
2010-11-25,0.27982524,1679.595,58,mtgox
2010-11-26,0.28363999,33531.876,198,mtgox
2010-11-27,0.28262367,1825.388,8,mtgox
2010-11-28,0.27623641,20802.126,101,mtgox
2010-11-29,0.25108987,35055.403,153,mtgox
2010-11-30,0.21282016,21476.251,67,mtgox
2010-12-01,0.21484997,8157.894,50,mtgox
2010-12-02,0.23633805,20312.234,128,mtgox
2010-12-03,0.24657579,2570.345,30,mtgox
2010-12-04,0.2336567,28560.716,137,mtgox
2010-12-05,0.2052253,5740.175,71,mtgox
2010-12-06,0.19980765,4319.255,41,mtgox
2010-12-07,0.22005505,24592.915,106,mtgox
2010-12-08,0.2302534,3430.41,33,mtgox
2010-12-09,0.20678046,21336.327,136,mtgox
2010-12-10,0.1948432,1684.254,45,mtgox
2010-12-11,0.21890994,5788.686,41,mtgox
2010-12-12,0.2132882,1963.558,32,mtgox
2010-12-13,0.2222585,6415.59,52,mtgox
2010-12-14,0.23140203,10388.097,54,mtgox
2010-12-15,0.24456627,3684.68,27,mtgox
2010-12-16,0.24538781,14355.331,47,mtgox
2010-12-17,0.24772979,525.513,11,mtgox
2010-12-18,0.24641253,169.109,7,mtgox
2010-12-19,0.24365502,2000.757,13,mtgox
2010-12-20,0.25928646,10682.705,59,mtgox
2010-12-21,0.24841391,9225.789,41,mtgox
2010-12-22,0.2498057,3800.458,16,mtgox
2010-12-23,0.24979207,8650.148,43,mtgox
2010-12-24,0.24875499,5033.249,21,mtgox
2010-12-25,0.24956145,703,9,mtgox
2010-12-26,0.2534242,16584.97,29,mtgox
2010-12-27,0.25735068,4935.49,29,mtgox
2010-12-28,0.27456853,15438.708,47,mtgox
2010-12-29,0.28823182,18609.144,75,mtgox
2010-12-30,0.29919489,2539.873,8,mtgox
2010-12-31,0.29472078,1453.719,37,mtgox
2011-01-01,0.2984322,2821.243,16,mtgox
2011-01-02,0.29608181,5352.108,26,mtgox
2011-01-03,0.29529429,1425.19,25,mtgox
2011-01-04,0.29181988,1879.003,21,mtgox
2011-01-05,0.29733265,357.157,8,mtgox
2011-01-06,0.29835934,3456.489,19,mtgox
2011-01-07,0.30872781,42601.118,75,mtgox
2011-01-08,0.31424164,1629.438,21,mtgox
2011-01-09,0.32292491,1691.366,8,mtgox
2011-01-10,0.32451804,10355.828,37,mtgox
2011-01-11,0.32497425,4857.8,21,mtgox
2011-01-12,0.33508435,31359.765,68,mtgox
2011-01-13,0.35523967,20118.897,136,mtgox
2011-01-14,0.39405579,27130.957,77,mtgox
2011-01-15,0.390028,1515.661,29,mtgox
2011-01-16,0.39052608,2778.71,58,mtgox
2011-01-17,0.34870037,18241.146,139,mtgox
2011-01-18,0.31589243,15671.508,77,mtgox
2011-01-19,0.30824684,7291.627,35,mtgox
2011-01-20,0.34705043,19881.979,99,mtgox
2011-01-21,0.39535273,8477.545,83,mtgox
2011-01-22,0.42849777,10534.27,76,mtgox
2011-01-23,0.4404614,1148.402,27,mtgox
2011-01-24,0.40830844,11061.936,122,mtgox
2011-01-25,0.41653041,2163.718,25,mtgox
2011-01-26,0.40578382,15564.808,93,mtgox
2011-01-27,0.43622103,27708.195,61,mtgox
2011-01-28,0.4322981,5324.497,44,mtgox
2011-01-29,0.44438118,1448.382,9,mtgox
2011-01-30,0.459938,10383.593,71,mtgox
2011-01-31,0.51496256,63516.079,159,mtgox
2011-02-01,0.73709185,31562.117,168,mtgox
2011-02-02,0.73319062,5627.48,87,mtgox
2011-02-03,0.71137534,8524.501,100,mtgox
2011-02-04,0.8044524,42222.189,201,mtgox
2011-02-05,0.86364493,15786.811,135,mtgox
2011-02-06,0.87015982,8744.106,135,mtgox
2011-02-07,0.86099921,2264.28,87,mtgox
2011-02-08,0.89823543,7021.288,77,mtgox
2011-02-09,0.9561276,49632.504,265,mtgox
2011-02-10,0.96269392,26559.641,268,mtgox
2011-02-11,0.99356026,13299.179,219,mtgox
2011-02-12,1.05702138,4118.92,96,mtgox
2011-02-13,1.04865036,3240.64,59,mtgox
2011-02-14,1.06141886,7096.548,132,mtgox
2011-02-15,1.05442151,8616.577,104,mtgox
2011-02-16,1.03790933,7192.375,94,mtgox
2011-02-17,1.04367174,4009.844,64,mtgox
2011-02-18,0.88555844,36948.156,290,mtgox
2011-02-19,0.90944496,3798.708,95,mtgox
2011-02-20,0.85255075,9974.046,62,mtgox
2011-02-21,0.8445656,1700.121,32,mtgox
2011-02-22,0.88053375,12095.264,123,mtgox
2011-02-23,0.90160511,6718.872,84,mtgox
2011-02-24,0.94704662,13418.685,110,mtgox
2011-02-25,0.95858401,4461.061,109,mtgox
2011-02-26,0.93850141,4744.406,62,mtgox
2011-02-27,0.92728735,23268.75,132,mtgox
2011-02-28,0.88325125,4651.674,99,mtgox
2011-03-01,0.94876531,22569.783,136,mtgox
2011-03-02,0.92417219,2741.873,61,mtgox
2011-03-03,0.9176854,2746.67,60,mtgox
2011-03-04,0.91064488,2711.885,54,mtgox
2011-03-05,0.88420992,12570.588,117,mtgox
2011-03-06,0.85337343,12626.492,140,mtgox
2011-03-07,0.88580057,15271.268,98,mtgox
2011-03-08,0.86827546,4527.851,68,mtgox
2011-03-09,0.85375643,4546.046,57,mtgox
2011-03-10,0.89018631,8869.013,109,mtgox
2011-03-11,0.88624944,3725.512,57,mtgox
2011-03-12,0.89565682,4822.829,55,mtgox
2011-03-13,0.90172889,660.31,21,mtgox
2011-03-14,0.88753235,5269.235,57,mtgox
2011-03-15,0.88040726,2732.157,47,mtgox
2011-03-16,0.85266688,7929.615,128,mtgox
2011-03-17,0.84398801,7159.779,103,mtgox
2011-03-18,0.77120425,14226.223,123,mtgox
2011-03-19,0.75522014,9875.038,98,mtgox
2011-03-20,0.77426948,5815.319,71,mtgox
2011-03-21,0.75229432,3695.962,93,mtgox
2011-03-22,0.78197678,12147.723,154,mtgox
2011-03-23,0.83162695,13262.257,190,mtgox
2011-03-24,0.87511256,14009.368,184,mtgox
2011-03-25,0.87677229,4819.415,97,mtgox
2011-03-26,0.87194713,11756.42,153,mtgox
2011-03-27,0.83173067,5337.145,106,mtgox
2011-03-28,0.80712936,12565.154,127,mtgox
2011-03-29,0.78583327,4215.017,173,mtgox
2011-03-30,0.78681152,3218.221,86,mtgox
2011-03-31,0.78968602,6875.082,129,mtgox
2011-04-01,0.77937531,3186.767,88,mtgox
2011-04-02,0.78811226,2493.595,95,mtgox
2011-04-03,0.78210497,3931.385,71,mtgox
2011-04-04,0.69498861,31155.458,361,mtgox
2011-04-05,0.6703506,9730.303,339,mtgox
2011-04-06,0.71967822,8703.946,191,mtgox
2011-04-07,0.75492916,10832.992,284,mtgox
2011-04-08,0.76093997,18207.3,174,mtgox
2011-04-09,0.73773976,12119.397,156,mtgox
2011-04-10,0.737793,5348.98,90,mtgox
2011-04-11,0.768539,14645.925,286,mtgox
2011-04-12,0.85367948,48417.601,706,mtgox
2011-04-13,0.93248881,43397.558,436,mtgox
2011-04-14,0.95280683,31111.877,497,mtgox
2011-04-15,1.00366424,50304.611,750,mtgox
2011-04-16,1.0425323,28869.299,660,mtgox
2011-04-17,1.07675942,24225.699,597,mtgox
2011-04-18,1.14825517,27478.69,586,mtgox
2011-04-19,1.17722213,12556.732,438,mtgox
2011-04-20,1.15680103,21344.953,498,mtgox
2011-04-21,1.17940021,39295.694,505,mtgox
2011-04-22,1.2921329,39415.39,975,mtgox
2011-04-23,1.54971906,66620.358,1212,mtgox
2011-04-24,1.67470625,21541.692,703,mtgox
2011-04-25,1.57567673,13471.602,578,mtgox
2011-04-26,1.67168234,24054.311,888,mtgox
2011-04-27,1.88784968,33055.256,1224,mtgox
2011-04-28,2.02909064,100238.232,2192,mtgox
2011-04-29,2.58703363,57577.324,1567,mtgox
2011-04-30,3.28571716,65427.797,1217,mtgox
2011-05-01,3.13557963,45772.074,1029,mtgox
2011-05-02,3.2410968,18333.831,548,mtgox
2011-05-03,3.32093389,16919.179,650,mtgox
2011-05-04,3.43981464,17278.288,636,mtgox
2011-05-05,3.40913554,15350.341,524,mtgox
2011-05-06,3.47881952,23014.698,775,mtgox
2011-05-07,3.60896285,17833.289,379,mtgox
2011-05-08,3.76769214,21132.514,679,mtgox
2011-05-09,3.80229142,11520.926,738,mtgox
2011-05-10,4.73993935,56217.324,1597,mtgox
2011-05-11,5.35479228,52569.146,1711,mtgox
2011-05-12,5.82678541,31722.464,1322,mtgox
2011-05-13,7.48148838,64003.373,2426,mtgox
2011-05-14,7.86364815,55390.451,2213,mtgox
2011-05-15,6.7371619,18294.87,1238,mtgox
2011-05-16,7.77162561,44141.405,2143,mtgox
2011-05-17,7.52201225,35345.455,1582,mtgox
2011-05-18,7.13805691,25403.435,1546,mtgox
2011-05-19,6.96234866,24436.409,1294,mtgox
2011-05-20,6.2750699,44460.435,1877,mtgox
2011-05-21,5.96685378,31111.902,1451,mtgox
2011-05-22,6.46914878,23872.154,1348,mtgox
2011-05-23,7.10323553,35279.88,1998,mtgox
2011-05-24,7.23392585,29282.479,1223,mtgox
2011-05-25,7.97666886,64049.942,2618,mtgox
2011-05-26,8.54671208,28644.99,2566,mtgox
2011-05-27,8.67173304,14431.838,1157,mtgox
2011-05-28,8.44758678,12247.722,1050,mtgox
2011-05-29,8.29897062,7487.54,888,mtgox
2011-05-30,8.72497329,17680.151,1531,mtgox
2011-05-31,8.88497383,45794.425,2618,mtgox
2011-06-01,9.21261996,43479.96,2910,mtgox
2011-06-02,10.11304206,41047.265,3266,mtgox
2011-06-03,13.07906785,72980.242,5614,mtgox
2011-06-04,16.40618822,44475.343,3985,mtgox
2011-06-05,17.32414648,24278.972,3504,mtgox
2011-06-06,18.45855378,55092.474,5240,mtgox
2011-06-07,19.89951757,53715.037,4851,mtgox
2011-06-08,27.24628168,104925.157,9101,mtgox
2011-06-09,29.58019036,62933.66,6210,mtgox
2011-06-10,24.67010965,92208.2,6925,mtgox
2011-06-11,17.61375608,121869.972,9148,mtgox
2011-06-12,16.21183382,151194.158,12531,mtgox
2011-06-13,20.10628687,73421.791,9481,mtgox
2011-06-14,19.25003255,36155.99,5230,mtgox
2011-06-15,19.6787728,27711.898,4481,mtgox
2011-06-16,18.85575537,49202.135,6661,mtgox
2011-06-17,15.50630382,108623.773,12616,mtgox
2011-06-18,16.03839744,35536.552,5509,mtgox
2011-06-19,17.77088569,30176.739,4430,mtgox
2011-06-20,,,0,none
2011-06-21,,,0,none
2011-06-22,,,0,none
2011-06-23,,,0,none
2011-06-24,,,0,none
2011-06-25,,,0,none
2011-06-26,15.58542156,15053.92692713,1992,mtgox
2011-06-27,17.01281658,31452.54447941,5697,mtgox
2011-06-28,16.92883611,24398.1463737,4296,mtgox
2011-06-29,16.88432919,21043.3694136,4251,mtgox
2011-06-30,16.50817823,34961.1896034,6269,mtgox
2011-07-01,15.89923956,33284.45294249,4961,mtgox
2011-07-02,15.53133272,19453.23750588,2977,mtgox
2011-07-03,15.47588674,16792.28530273,2697,mtgox
2011-07-04,14.47890561,52276.98903608,6865,mtgox
2011-07-05,12.8007934,84081.15245614,11045,mtgox
2011-07-06,14.80365285,111818.32278654,12493,mtgox
2011-07-07,15.15545202,54465.69644076,8416,mtgox
2011-07-08,14.34990889,34853.41816622,8047,mtgox
2011-07-09,14.38633201,11909.16985706,4332,mtgox
2011-07-10,15.08031023,45284.42393756,7398,mtgox
2011-07-11,14.37057291,49160.01060266,8700,mtgox
2011-07-12,14.15159337,26356.50591301,5200,mtgox
2011-07-13,14.02882825,10338.14554788,2615,mtgox
2011-07-14,13.92786054,17661.15566677,3309,mtgox
2011-07-15,13.89961571,24819.54208343,3170,mtgox
2011-07-16,13.62003181,17264.49479167,2781,mtgox
2011-07-17,13.33829475,34375.47258845,5589,mtgox
2011-07-18,13.02966206,75896.30773935,8107,mtgox
2011-07-19,14.03591725,67575.61324902,9973,mtgox
2011-07-20,13.69115924,23177.89842929,4138,mtgox
2011-07-21,13.656585,25018.37149466,3231,mtgox
2011-07-22,13.65220935,15165.61506635,3181,mtgox
2011-07-23,13.64382107,22455.59780553,4645,mtgox
2011-07-24,13.86163373,26623.25582661,4431,mtgox
2011-07-25,14.19588863,31577.95972877,6471,mtgox
2011-07-26,13.90896108,16793.85559615,3310,mtgox
2011-07-27,13.95866131,11508.6635387,2094,mtgox
2011-07-28,13.61374836,32738.27075718,3488,mtgox
2011-07-29,13.5061149,7257.50747383,5095,mtgox
2011-07-30,13.52969492,6104.38329931,4291,mtgox
2011-07-31,13.51900743,45723.43823788,5621,mtgox
2011-08-01,13.16773443,21748.08591421,3479,mtgox
2011-08-02,12.39395257,57242.68767529,6494,mtgox
2011-08-03,10.45139068,90287.3312127,10081,mtgox
2011-08-04,10.57761934,50094.10311742,5930,mtgox
2011-08-05,10.26685684,30765.68959081,4606,mtgox
2011-08-06,7.82345048,102411.72730006,8395,mtgox
2011-08-07,7.72336167,89830.95784584,8701,mtgox
2011-08-08,7.74244978,34042.22082521,4277,mtgox
2011-08-09,9.71518135,114472.77523409,12059,mtgox
2011-08-10,10.00222549,24254.45049218,4615,mtgox
2011-08-11,9.47400867,58114.56411895,6890,mtgox
2011-08-12,9.31609586,41592.12006299,5171,mtgox
2011-08-13,9.79655412,29759.75833561,3992,mtgox
2011-08-14,10.61413272,44125.49991015,6487,mtgox
2011-08-15,11.30120841,38155.5426874,5230,mtgox
2011-08-16,11.05077099,15325.43631322,3305,mtgox
2011-08-17,10.87855583,22898.68983246,3255,mtgox
2011-08-18,10.9026989,8210.37770942,1782,mtgox
2011-08-19,11.39614212,33721.04965496,4823,mtgox
2011-08-20,11.48565499,9915.00203042,2467,mtgox
2011-08-21,11.37809611,8720.34956776,2782,mtgox
2011-08-22,11.02534183,36996.14352761,5671,mtgox
2011-08-23,11.03478326,12779.50876967,3669,mtgox
2011-08-24,10.94140115,7815.83320439,3026,mtgox
2011-08-25,10.00681475,55485.39230424,4901,mtgox
2011-08-26,8.6538777,83004.36526692,9277,mtgox
2011-08-27,8.62671726,21998.79373208,5312,mtgox
2011-08-28,8.97140443,24155.28176322,4920,mtgox
2011-08-29,8.93303084,21651.28245057,15976,mtgox
2011-08-30,8.77698293,11773.82396374,4648,mtgox
2011-08-31,8.35147304,19648.24096638,3643,mtgox
2011-09-01,8.22229446,11903.52969436,2938,mtgox
2011-09-02,8.44359702,16814.5489286,3195,mtgox
2011-09-03,8.53096882,6944.98677552,2805,mtgox
2011-09-04,8.17434518,19673.48579811,3573,mtgox
2011-09-05,7.61955506,30798.75433393,6071,mtgox
2011-09-06,6.73110028,82496.04657068,7488,mtgox
2011-09-07,7.02702792,49642.1025069,6009,mtgox
2011-09-08,6.80193605,31886.33156535,5528,mtgox
2011-09-09,5.31019877,217433.29036018,13000,mtgox
2011-09-10,5.02563089,44484.52700573,5441,mtgox
2011-09-11,6.07131913,143792.5793223,13680,mtgox
2011-09-12,6.04001188,63864.03783182,6443,mtgox
2011-09-13,5.83704095,23759.2767603,3575,mtgox
2011-09-14,5.5564915,43768.26143524,4213,mtgox
2011-09-15,4.98142241,86220.92069223,7952,mtgox
2011-09-16,4.81528059,31651.08778823,6075,mtgox
2011-09-17,4.80628938,20303.07918957,4773,mtgox
2011-09-18,5.14227882,44623.90130131,5045,mtgox
2011-09-19,5.28922093,49836.79334533,9019,mtgox
2011-09-20,6.11070231,116750.9839094,10429,mtgox
2011-09-21,5.63224255,68164.47320197,11314,mtgox
2011-09-22,5.53722077,31651.00179563,5830,mtgox
2011-09-23,5.61211433,55667.98378796,5489,mtgox
2011-09-24,5.45286754,17944.2335052,11063,mtgox
2011-09-25,5.40599379,9487.26362478,2517,mtgox
2011-09-26,4.95765211,56072.39106435,7381,mtgox
2011-09-27,4.92440068,24645.36640217,5210,mtgox
2011-09-28,4.77093252,30625.20664532,4256,mtgox
2011-09-29,4.74121701,14092.8851612,3579,mtgox
2011-09-30,5.01793189,41459.06945508,4801,mtgox
2011-10-01,5.05233976,23460.74019219,4982,mtgox
2011-10-02,4.98485036,10457.31027153,2895,mtgox
2011-10-03,4.96730001,17289.250361,2969,mtgox
2011-10-04,4.96267786,15793.44483585,3422,mtgox
2011-10-05,4.89624092,17586.46309821,2231,mtgox
2011-10-06,4.68700384,54773.49257253,4310,mtgox
2011-10-07,4.28914258,97547.35268216,6915,mtgox
2011-10-08,4.03050943,39611.94309171,5217,mtgox
2011-10-09,4.18675865,37920.06224686,4974,mtgox
2011-10-10,4.10413647,16858.24419247,4901,mtgox
2011-10-11,3.94774806,41104.07716903,5029,mtgox
2011-10-12,4.07049475,69399.52738799,7635,mtgox
2011-10-13,4.078789,19706.16675451,3593,mtgox
2011-10-14,4.01226323,20054.55190042,3377,mtgox
2011-10-15,3.89265674,42092.41535423,3988,mtgox
2011-10-16,3.63842012,36200.88480338,4527,mtgox
2011-10-17,2.85354961,207426.66356439,18822,mtgox
2011-10-18,2.61585269,87859.09170384,8634,mtgox
2011-10-19,2.28071553,101864.85357976,8690,mtgox
2011-10-20,2.31369932,48859.47906274,7807,mtgox
2011-10-21,2.53918835,72971.10888701,7633,mtgox
2011-10-22,3.00522379,120163.90979681,7420,mtgox
2011-10-23,3.08120739,37044.29104821,4756,mtgox
2011-10-24,2.80628291,92232.42690478,7358,mtgox
2011-10-25,2.74285836,101412.11479739,12373,mtgox
2011-10-26,2.75085268,29400.7368759,6428,mtgox
2011-10-27,2.91863312,58696.09580527,6430,mtgox
2011-10-28,3.10891687,52365.1901171,6381,mtgox
2011-10-29,3.54472876,79542.89557792,8236,mtgox
2011-10-30,3.38210702,50686.72673551,5120,mtgox
2011-10-31,3.18637581,30980.5249082,4906,mtgox
2011-11-01,3.1859815,37893.47244792,5146,mtgox
2011-11-02,3.23487449,32311.05067026,4689,mtgox
2011-11-03,3.211861,24520.65041752,2376,mtgox
2011-11-04,3.12741089,39513.12845304,4486,mtgox
2011-11-05,3.01280897,52964.47519807,4000,mtgox
2011-11-06,2.96171609,17232.26916969,1695,mtgox
2011-11-07,2.99935045,23992.22928706,2843,mtgox
2011-11-08,3.08999831,60336.67038009,4673,mtgox
2011-11-09,3.00134407,52195.10614996,5070,mtgox
2011-11-10,2.87058772,33928.7628307,3512,mtgox
2011-11-11,2.97218751,44853.17480679,4560,mtgox
2011-11-12,3.05770834,20383.25702369,2171,mtgox
2011-11-13,3.00135492,9624.99632929,1837,mtgox
2011-11-14,2.5058266,382186.83156394,17794,mtgox
2011-11-15,2.29676722,76420.88138084,8229,mtgox
2011-11-16,2.45775904,44208.84585145,5001,mtgox
2011-11-17,2.22584563,117276.74929082,9393,mtgox
2011-11-18,2.14117492,98135.58997612,6639,mtgox
2011-11-19,2.16862842,78301.1557857,7253,mtgox
2011-11-20,2.28287481,79731.04297345,7998,mtgox
2011-11-21,2.2335001,41727.08203628,4726,mtgox
2011-11-22,2.30746115,34208.37350606,3643,mtgox
2011-11-23,2.32399149,39998.19288475,4336,mtgox
2011-11-24,2.42433447,87264.60146372,8250,mtgox
2011-11-25,2.46803123,44404.69962338,5063,mtgox
2011-11-26,2.48132671,36118.52905117,5194,mtgox
2011-11-27,2.45666465,22727.06318349,4241,mtgox
2011-11-28,2.50617458,41261.74102113,3707,mtgox
2011-11-29,2.79125639,180531.07885847,10711,mtgox
2011-11-30,2.91198547,120145.34038867,7788,mtgox
2011-12-01,3.05361201,63864.08821884,6679,mtgox
2011-12-02,3.09623976,57494.9023996,4240,mtgox
2011-12-03,2.93428447,123022.08901196,5285,mtgox
2011-12-04,2.74878115,95222.46888122,8870,mtgox
2011-12-05,2.87124578,30884.98230522,3208,mtgox
2011-12-06,2.97693959,55599.98134889,4714,mtgox
2011-12-07,2.99716067,58122.18930894,4555,mtgox
2011-12-08,2.95050266,39933.68696972,3807,mtgox
2011-12-09,2.98995355,34385.43549919,3227,mtgox
2011-12-10,3.0366782,74305.72254094,5047,mtgox
2011-12-11,3.20128226,108223.26902697,8722,mtgox
2011-12-12,3.18146204,39899.99643688,4139,mtgox
2011-12-13,3.21296683,32658.54298942,2644,mtgox
2011-12-14,3.11785681,72477.6863362,6265,mtgox
2011-12-15,3.17062174,30094.22817568,2269,mtgox
2011-12-16,3.18443498,29868.63155921,3099,mtgox
2011-12-17,3.19091653,16479.9573619,1420,mtgox
2011-12-18,3.20024856,10793.7222536,928,mtgox
2011-12-19,3.40721369,139986.96726355,16126,mtgox
2011-12-20,3.96562383,186409.9453246,20824,mtgox
2011-12-21,3.92795111,48793.69139752,6536,mtgox
2011-12-22,3.78557743,57206.31808466,4204,mtgox
2011-12-23,3.90458734,20496.54243032,3278,mtgox
2011-12-24,3.92188706,14933.59417176,4878,mtgox
2011-12-25,4.13996994,80800.43598574,5799,mtgox
2011-12-26,4.03644144,88825.74710352,6651,mtgox
2011-12-27,4.02862564,30159.45779595,3063,mtgox
2011-12-28,4.13833092,33837.22479013,3718,mtgox
2011-12-29,4.21543274,53069.28677294,4650,mtgox
2011-12-30,4.19101158,41068.59504539,3464,mtgox
2011-12-31,4.59598464,129730.72341624,11058,mtgox
2012-01-01,5.09675666,108509.22990098,8002,mtgox
2012-01-02,5.21117032,69150.93196322,6257,mtgox
2012-01-03,4.94662687,125170.25387153,10762,mtgox
2012-01-04,5.2505402,131170.85666299,13553,mtgox
2012-01-05,6.20103381,182328.19387583,16138,mtgox
2012-01-06,6.79266783,218077.47903467,20447,mtgox
2012-01-07,6.7177147,48387.58364646,8513,mtgox
2012-01-08,7.04890005,57193.52531159,6916,mtgox
2012-01-09,6.4726953,148406.84878851,18338,mtgox
2012-01-10,6.39737669,110210.2495027,15947,mtgox
2012-01-11,6.81444824,99442.06980148,15733,mtgox
2012-01-12,6.7384339,140116.52400399,13111,mtgox
2012-01-13,6.61332042,60228.77424737,6642,mtgox
2012-01-14,6.59067472,141896.32348012,13033,mtgox
2012-01-15,6.90467429,62233.32744528,6361,mtgox
2012-01-16,6.82674687,122666.56782613,12049,mtgox
2012-01-17,6.03786218,213409.80124954,17900,mtgox
2012-01-18,5.97647636,226680.9676234,20006,mtgox
2012-01-19,6.18100075,114820.44690495,8396,mtgox
2012-01-20,6.43548778,66786.47766383,5586,mtgox
2012-01-21,6.28637695,64761.69142923,7188,mtgox
2012-01-22,6.28713876,44890.65208481,5306,mtgox
2012-01-23,6.30928965,17693.04571571,2471,mtgox
2012-01-24,6.29966926,35663.07729863,3590,mtgox
2012-01-25,5.87501189,133115.24620641,9153,mtgox
2012-01-26,5.58775131,123954.10804839,10188,mtgox
2012-01-27,5.29196748,115567.82708123,8834,mtgox
2012-01-28,5.57231646,89708.02235552,7275,mtgox
2012-01-29,5.48039391,46430.45338681,5633,mtgox
2012-01-30,5.51211358,42303.1375219,4164,mtgox
2012-01-31,5.53038932,48296.65668083,4318,mtgox
2012-02-01,5.82245071,115523.96202151,7344,mtgox
2012-02-02,6.02638075,54546.26835534,6180,mtgox
2012-02-03,5.91800903,59279.85043639,7514,mtgox
2012-02-04,5.92016516,20619.60414531,3587,mtgox
2012-02-05,5.67586388,120336.01890914,7797,mtgox
2012-02-06,5.5473081,90258.83722669,6365,mtgox
2012-02-07,5.62011632,72748.35825424,4720,mtgox
2012-02-08,5.640037,237943.11815238,10305,mtgox
2012-02-09,5.74694655,89946.12065458,6754,mtgox
2012-02-10,5.87631256,39304.91384013,3266,mtgox
2012-02-11,5.70479,69711.29405794,5093,mtgox
2012-02-12,5.60327928,81917.16385417,12162,mtgox
2012-02-13,5.34338278,170210.58774407,12469,mtgox
2012-02-14,4.70287486,297572.01631357,22935,mtgox
2012-02-15,4.58366358,161800.56356986,13261,mtgox
2012-02-16,4.18872351,166594.51680944,14870,mtgox
2012-02-17,4.45933582,135949.41176197,10911,mtgox
2012-02-18,4.27382347,70406.16648513,7556,mtgox
2012-02-19,4.35017452,62365.41256162,6845,mtgox
2012-02-20,4.36845985,37299.13285854,6787,mtgox
2012-02-21,4.30571672,51784.83125963,7117,mtgox
2012-02-22,4.43649411,103836.78607093,11774,mtgox
2012-02-23,4.82359247,164308.46679797,16832,mtgox
2012-02-24,4.97502721,89828.04733109,12326,mtgox
2012-02-25,4.87692112,86163.59690706,11155,mtgox
2012-02-26,4.95601785,70034.60572418,15620,mtgox
2012-02-27,4.94656645,29371.63741215,9667,mtgox
2012-02-28,4.86632384,62691.07538361,7406,mtgox
2012-02-29,4.86411382,26539.2497415,3229,mtgox
2012-03-01,4.93736866,44183.63960415,3610,mtgox
2012-03-02,4.68989335,130764.73537078,17412,mtgox
2012-03-03,4.68238008,40075.05614913,7656,mtgox
2012-03-04,4.81320541,58826.16395443,6198,mtgox
2012-03-05,4.94509671,65828.17672583,10144,mtgox
2012-03-06,4.97570327,44532.26671276,6352,mtgox
2012-03-07,4.93086129,46167.56493157,9769,mtgox
2012-03-08,4.87341583,58089.40264542,8803,mtgox
2012-03-09,4.89648536,32723.03272214,6569,mtgox
2012-03-10,4.82446116,28070.73647694,7110,mtgox
2012-03-11,4.91428517,42442.93316611,6963,mtgox
2012-03-12,4.90739418,22048.15315598,2500,mtgox
2012-03-13,5.15745986,127325.05365077,8372,mtgox
2012-03-14,5.37006408,62889.72419062,4567,mtgox
2012-03-15,5.33292478,41077.61071554,3483,mtgox
2012-03-16,5.34809456,32718.78562538,3866,mtgox
2012-03-17,5.31750228,39100.23038305,4071,mtgox
2012-03-18,5.26360355,22857.01260156,2367,mtgox
2012-03-19,4.88499425,188889.06717244,11997,mtgox
2012-03-20,4.79419413,66343.85263296,6274,mtgox
2012-03-21,4.81525784,46436.88487544,3710,mtgox
2012-03-22,4.75679861,58069.91657168,4914,mtgox
2012-03-23,4.69850381,54129.93762252,4372,mtgox
2012-03-24,4.65177136,39068.59278044,3057,mtgox
2012-03-25,4.50044811,71556.25786318,5093,mtgox
2012-03-26,4.65213698,69838.07163459,5304,mtgox
2012-03-27,4.66994236,73431.75815733,5269,mtgox
2012-03-28,4.7886458,38017.115539,2850,mtgox
2012-03-29,4.76536411,37974.76206473,3146,mtgox
2012-03-30,4.79876121,39071.84389598,8542,mtgox
2012-03-31,4.88813304,35529.09267992,3064,mtgox
2012-04-01,4.79484786,35950.6030104,3324,mtgox
2012-04-02,4.94000681,80663.98069596,5380,mtgox
2012-04-03,4.90194209,78481.20602474,5399,mtgox
2012-04-04,4.93301163,51040.82241145,2994,mtgox
2012-04-05,4.90665534,33807.18377016,3000,mtgox
2012-04-06,4.94293042,58211.44570443,3663,mtgox
2012-04-07,4.80301553,80945.74764223,6005,mtgox
2012-04-08,4.71537392,41972.77250489,4115,mtgox
2012-04-09,4.78317082,39243.69498318,8197,mtgox
2012-04-10,4.83357419,53101.77472961,10592,mtgox
2012-04-11,4.89032643,67035.82976127,5175,mtgox
2012-04-12,4.89279085,46368.67786372,4017,mtgox
2012-04-13,4.85852062,93111.85598725,5717,mtgox
2012-04-14,4.97742189,63887.71373907,3662,mtgox
2012-04-15,4.91608051,33343.94956852,2848,mtgox
2012-04-16,4.94989538,31159.51521282,2560,mtgox
2012-04-17,4.95938743,30645.71248736,2753,mtgox
2012-04-18,5.07593038,79130.2026113,7461,mtgox
2012-04-19,5.14857563,46675.15315764,3406,mtgox
2012-04-20,5.22983551,104068.94747599,6576,mtgox
2012-04-21,5.27095898,60922.25901733,5817,mtgox
2012-04-22,5.17917014,37109.39542602,4029,mtgox
2012-04-23,5.12434951,49367.93683944,3459,mtgox
2012-04-24,5.07294131,70989.70391884,3889,mtgox
2012-04-25,5.12690424,35642.72896068,2088,mtgox
2012-04-26,5.07897377,57360.76181969,9933,mtgox
2012-04-27,5.08194817,25868.39462342,14109,mtgox
2012-04-28,4.95613419,91591.46503344,7448,mtgox
2012-04-29,4.93633653,22226.59933763,1865,mtgox
2012-04-30,4.94454014,55767.57032286,3084,mtgox
2012-05-01,4.96135151,36680.85186191,2677,mtgox
2012-05-02,5.08462895,95963.30944381,6446,mtgox
2012-05-03,5.09378145,35421.06898402,2449,mtgox
2012-05-04,5.11603986,43629.49372448,2450,mtgox
2012-05-05,5.07038189,18841.28648191,1817,mtgox
2012-05-06,5.05051063,19299.91121646,1452,mtgox
2012-05-07,5.04039069,46182.83902832,2435,mtgox
2012-05-08,5.02612856,68203.81631716,2870,mtgox
2012-05-09,5.05227124,38921.30092332,2328,mtgox
2012-05-10,4.96037047,69983.50273686,3762,mtgox
2012-05-11,4.92795752,63129.78788167,4193,mtgox
2012-05-12,4.95235409,20875.33875898,1631,mtgox
2012-05-13,4.96024786,14046.30579014,1115,mtgox
2012-05-14,4.98983577,52846.54566803,2370,mtgox
2012-05-15,5.00534029,44144.38277749,2505,mtgox
2012-05-16,5.07159054,69369.57350075,3994,mtgox
2012-05-17,5.08026059,26622.32727672,1773,mtgox
2012-05-18,5.10244743,52580.56381155,1999,mtgox
2012-05-19,5.10982737,23155.29780228,1932,mtgox
2012-05-20,5.11722532,18690.60666315,1711,mtgox
2012-05-21,5.09579216,33623.9565329,1954,mtgox
2012-05-22,5.08255539,46681.90019824,2485,mtgox
2012-05-23,5.12893077,52958.34541347,2832,mtgox
2012-05-24,5.11920897,28916.46017374,1875,mtgox
2012-05-25,5.13085735,23075.73025274,1400,mtgox
2012-05-26,5.12184835,16592.6518142,918,mtgox
2012-05-27,5.12400896,15751.20584927,946,mtgox
2012-05-28,5.13441058,27560.80583062,1221,mtgox
2012-05-29,5.11151807,61267.05801486,4907,mtgox
2012-05-30,5.14441535,39944.18455928,1501,mtgox
2012-05-31,5.16130122,39476.51522493,1755,mtgox
2012-06-01,5.23797415,44689.12069859,2300,mtgox
2012-06-02,5.24234408,15168.97537068,1109,mtgox
2012-06-03,5.2242039,12679.12549634,879,mtgox
2012-06-04,5.23103398,51239.52524018,2101,mtgox
2012-06-05,5.38858167,83934.14623014,4104,mtgox
2012-06-06,5.44214005,40678.15328872,2154,mtgox
2012-06-07,5.50121707,48065.7996585,2771,mtgox
2012-06-08,5.61889577,53841.11448573,2684,mtgox
2012-06-09,5.56857864,37122.48023239,1963,mtgox
2012-06-10,5.49383244,24397.29467734,1768,mtgox
2012-06-11,5.51068739,40263.97340474,4300,mtgox
2012-06-12,5.60455737,78982.59657826,6072,mtgox
2012-06-13,5.8565578,57237.86798455,3749,mtgox
2012-06-14,5.89530348,35039.35283461,8299,mtgox
2012-06-15,6.12175709,65639.15881999,9839,mtgox
2012-06-16,6.46089235,78196.08353201,8133,mtgox
2012-06-17,6.33016094,48800.26262325,5823,mtgox
2012-06-18,6.26590749,46832.28333112,10774,mtgox
2012-06-19,6.44323902,43883.52479865,8567,mtgox
2012-06-20,6.60646183,64069.2729199,7152,mtgox
2012-06-21,6.69349129,51943.24888479,7764,mtgox
2012-06-22,6.58492013,56823.03096115,7200,mtgox
2012-06-23,6.49990963,20122.21842248,4073,mtgox
2012-06-24,6.40881781,33945.29869747,5750,mtgox
2012-06-25,6.31643868,62638.90813163,7288,mtgox
2012-06-26,6.40042787,48736.6660735,4842,mtgox
2012-06-27,6.52809298,41979.58598163,2885,mtgox
2012-06-28,6.59290066,42818.4030686,4111,mtgox
2012-06-29,6.63033466,26298.80164642,3186,mtgox
2012-06-30,6.65979719,20591.63306489,2625,mtgox
2012-07-01,6.60056934,20577.604144,2791,mtgox
2012-07-02,6.70511175,32364.19757708,3374,mtgox
2012-07-03,6.54692759,71068.51958882,5659,mtgox
2012-07-04,6.50573872,33478.78566741,1775,mtgox
2012-07-05,6.65351819,45344.69678629,3076,mtgox
2012-07-06,6.64435405,43191.38877213,1990,mtgox
2012-07-07,6.77091737,37987.94956629,4332,mtgox
2012-07-08,6.79234576,18219.9265488,1432,mtgox
2012-07-09,6.89803425,61644.09941363,3917,mtgox
2012-07-10,7.10287768,70065.80116165,4694,mtgox
2012-07-11,7.10516163,41891.36007282,2457,mtgox
2012-07-12,7.30206092,64616.60224414,4306,mtgox
2012-07-13,7.62905137,65465.74155803,5932,mtgox
2012-07-14,7.59887873,16007.09743415,2045,mtgox
2012-07-15,7.58448403,26978.30194487,3341,mtgox
2012-07-16,8.08074822,103400.11222923,8733,mtgox
2012-07-17,8.33860788,210804.46892617,18929,mtgox
2012-07-18,9.01601761,105945.89776358,10477,mtgox
2012-07-19,9.09236725,48249.6552057,5246,mtgox
2012-07-20,8.19549073,154661.11575389,12290,mtgox
2012-07-21,8.87843169,139906.90301587,9806,mtgox
2012-07-22,8.61682992,30070.66580989,4069,mtgox
2012-07-23,8.46046301,146396.1831318,11040,mtgox
2012-07-24,8.63330042,40946.85980497,5906,mtgox
2012-07-25,8.58893219,64720.95003513,5773,mtgox
2012-07-26,8.77073481,32379.65197438,4249,mtgox
2012-07-27,8.89358501,26673.60643026,3690,mtgox
2012-07-28,8.85760697,16164.57657081,2905,mtgox
2012-07-29,8.76835336,11462.58897909,2466,mtgox
2012-07-30,8.95283952,51254.49897568,5598,mtgox
2012-07-31,9.24487305,70173.63399515,4122,mtgox
2012-08-01,9.42595522,68695.69839519,4467,mtgox
2012-08-02,10.13388024,126685.69249459,8588,mtgox
2012-08-03,10.7325272,61643.27795273,8210,mtgox
2012-08-04,10.99865945,52321.31239272,5932,mtgox
2012-08-05,10.62516477,67280.24593804,6993,mtgox
2012-08-06,10.89900541,51637.91473106,7948,mtgox
2012-08-07,10.85088908,41653.58718754,5517,mtgox
2012-08-08,11.03559205,31322.91325637,4939,mtgox
2012-08-09,11.32514385,101880.30540263,10071,mtgox
2012-08-10,11.40942008,63597.01478409,6303,mtgox
2012-08-11,11.50106979,21791.02958507,2043,mtgox
2012-08-12,11.63749427,30340.95364301,3120,mtgox
2012-08-13,11.7896152,54035.66417696,4532,mtgox
2012-08-14,12.09369609,44014.85831106,6224,mtgox
2012-08-15,12.60944078,57562.75432769,6322,mtgox
2012-08-16,13.226291,96604.11897512,11718,mtgox
2012-08-17,13.25851068,221033.90078169,23068,mtgox
2012-08-18,11.8726629,88047.7716257,15363,mtgox
2012-08-19,9.08652817,238860.32062644,22364,mtgox
2012-08-20,9.53260604,192502.76368067,22272,mtgox
2012-08-21,10.02654377,72082.69250963,8894,mtgox
2012-08-22,9.85794372,67513.55620025,9104,mtgox
2012-08-23,9.99742807,56015.66732002,4469,mtgox
2012-08-24,10.26505222,92077.75264313,4654,mtgox
2012-08-25,10.44896832,40232.48938938,2408,mtgox
2012-08-26,10.54929303,26331.02960027,1357,mtgox
2012-08-27,11.17919502,175117.55854072,11403,mtgox
2012-08-28,10.90048607,54875.35603416,5606,mtgox
2012-08-29,10.84272809,53647.72467409,4969,mtgox
2012-08-30,10.76206579,30868.50075086,2675,mtgox
2012-08-31,10.18497257,67791.34263323,6958,mtgox
2012-09-01,10.00065049,23376.24266638,3765,mtgox
2012-09-02,10.05487975,25055.73799397,4886,mtgox
2012-09-03,10.34946091,22925.31766028,2565,mtgox
2012-09-04,10.30446461,34878.49139045,3895,mtgox
2012-09-05,10.75207931,60767.23812569,4893,mtgox
2012-09-06,10.93577735,67054.05541809,4304,mtgox
2012-09-07,11.10048153,35535.71664885,2548,mtgox
2012-09-08,10.97697168,24253.63671135,2480,mtgox
2012-09-09,11.04524863,14033.41919084,1600,mtgox
2012-09-10,11.04481465,42288.41199357,2374,mtgox
2012-09-11,11.11099396,64954.44434566,3536,mtgox
2012-09-12,11.20631861,58628.00499192,4170,mtgox
2012-09-13,11.34432213,20574.31972622,2435,mtgox
2012-09-14,11.57586223,43259.70420398,3068,mtgox
2012-09-15,11.70758959,16272.5151839,1720,mtgox
2012-09-16,11.8767949,30297.22070618,3340,mtgox
2012-09-17,11.89901374,26612.47988046,6002,mtgox
2012-09-18,12.06443859,40949.27648593,4516,mtgox
2012-09-19,12.40583367,41883.00148313,4141,mtgox
2012-09-20,12.48083279,32567.33588153,2691,mtgox
2012-09-21,12.26948165,35834.78365335,3228,mtgox
2012-09-22,12.2233765,14986.55831622,1928,mtgox
2012-09-23,12.00437223,39920.72247303,3597,mtgox
2012-09-24,12.12396334,27291.82514699,2837,mtgox
2012-09-25,12.11452461,21228.60967401,2236,mtgox
2012-09-26,12.23301862,23495.17677869,4094,mtgox
2012-09-27,12.31723585,19326.68579086,2587,mtgox
2012-09-28,12.35011251,26674.77916096,2404,mtgox
2012-09-29,12.39664722,17061.65670666,2174,mtgox
2012-09-30,12.37659166,7793.91368119,959,mtgox
2012-10-01,12.39064921,24826.68787691,1874,mtgox
2012-10-02,12.63005305,50833.35053208,3684,mtgox
2012-10-03,12.83552298,32955.07395709,2700,mtgox
2012-10-04,12.88204755,37945.14991038,3368,mtgox
2012-10-05,12.74622379,31258.44240081,4650,mtgox
2012-10-06,12.58492747,24673.40577154,2044,mtgox
2012-10-07,12.01052634,63512.03440788,5848,mtgox
2012-10-08,11.25533226,97938.39870282,9229,mtgox
2012-10-09,11.96727229,46768.79540771,4609,mtgox
2012-10-10,12.02477133,27722.07330955,2377,mtgox
2012-10-11,12.02538471,19831.6373248,2191,mtgox
2012-10-12,12.04950116,21538.03094273,2106,mtgox
2012-10-13,11.96039205,11861.67744419,1506,mtgox
2012-10-14,11.84459752,22891.09685102,2175,mtgox
2012-10-15,11.720037,27101.72213929,3918,mtgox
2012-10-16,11.7937278,41184.66467324,3471,mtgox
2012-10-17,11.87833994,23553.36283267,2157,mtgox
2012-10-18,11.87594361,21880.83958827,2287,mtgox
2012-10-19,11.76319547,23177.45077271,5131,mtgox
2012-10-20,11.71878459,22110.92477678,4170,mtgox
2012-10-21,11.67721202,9375.51586941,2176,mtgox
2012-10-22,11.69900693,37622.02828237,4182,mtgox
2012-10-23,11.72715009,54344.49107417,4145,mtgox
2012-10-24,11.67636146,21764.65925786,2068,mtgox
2012-10-25,11.02877609,84704.8617293,6113,mtgox
2012-10-26,10.30981162,98994.69606062,6208,mtgox
2012-10-27,10.37704774,47869.83321708,4466,mtgox
2012-10-28,10.56921776,22389.59496949,2556,mtgox
2012-10-29,10.65004719,37574.81035396,3553,mtgox
2012-10-30,10.75355056,26023.31914737,2487,mtgox
2012-10-31,11.02340142,40673.45256869,3504,mtgox
2012-11-01,10.92741346,50362.10007779,4271,mtgox
2012-11-02,10.57606742,24485.26249317,2788,mtgox
2012-11-03,10.53879844,16732.93955852,1924,mtgox
2012-11-04,10.67212374,16750.33596984,1690,mtgox
2012-11-05,10.72935596,21776.73646239,2158,mtgox
2012-11-06,10.7987656,26995.30181861,3002,mtgox
2012-11-07,10.98116503,31733.85486014,3096,mtgox
2012-11-08,10.91974816,26058.85283355,2678,mtgox
2012-11-09,10.86328466,14727.1159897,1679,mtgox
2012-11-10,10.84836134,13490.44874554,1475,mtgox
2012-11-11,10.8073631,12625.47508517,1479,mtgox
2012-11-12,10.99213741,39217.16568014,2690,mtgox
2012-11-13,11.00216018,16757.50859308,2038,mtgox
2012-11-14,10.94551776,24543.09088333,2209,mtgox
2012-11-15,11.07658795,31901.17370856,3758,mtgox
2012-11-16,11.4916022,58253.16385073,6980,mtgox
2012-11-17,11.67412614,19105.45357636,2924,mtgox
2012-11-18,11.7129802,15514.15406867,2017,mtgox
2012-11-19,11.71766498,25197.91663865,3287,mtgox
2012-11-20,11.69320862,27220.18068296,2853,mtgox
2012-11-21,11.71786426,19227.79815264,2901,mtgox
2012-11-22,12.06804777,58301.30056107,4847,mtgox
2012-11-23,12.30346442,18967.90361205,2953,mtgox
2012-11-24,12.3686156,19570.38635462,2561,mtgox
2012-11-25,12.48723288,24023.68866849,2928,mtgox
2012-11-26,12.35605156,35913.82452107,5455,mtgox
2012-11-27,12.10109282,33194.69496668,5697,mtgox
2012-11-28,12.28162004,30688.21406363,3478,mtgox
2012-11-29,12.43344128,26505.34447306,4058,mtgox
2012-11-30,12.55887719,24350.31454754,3412,mtgox
2012-12-01,12.57864034,14696.41950014,2904,mtgox
2012-12-02,12.56168445,14011.93221665,3666,mtgox
2012-12-03,12.56725221,26759.60479163,5683,mtgox
2012-12-04,13.02599152,63245.71806773,5707,mtgox
2012-12-05,13.28132375,29794.92671233,2966,mtgox
2012-12-06,13.38278736,46562.54105652,3884,mtgox
2012-12-07,13.34549837,32799.5701035,3305,mtgox
2012-12-08,13.46378273,13171.51239505,2649,mtgox
2012-12-09,13.23040904,28166.62014265,5465,mtgox
2012-12-10,13.42455248,24664.90027806,5057,mtgox
2012-12-11,13.50186334,28045.88348231,5174,mtgox
2012-12-12,13.59948255,37679.22882818,6724,mtgox
2012-12-13,13.69886811,24197.68226053,4386,mtgox
2012-12-14,13.55848368,70143.98038343,7528,mtgox
2012-12-15,13.54201071,15187.65527705,3498,mtgox
2012-12-16,13.35099234,42760.55029012,3842,mtgox
2012-12-17,13.18680034,63631.25287798,7493,mtgox
2012-12-18,13.2351474,23220.50794475,5149,mtgox
2012-12-19,13.40381169,38807.0971556,3893,mtgox
2012-12-20,13.53423649,32980.36148815,3411,mtgox
2012-12-21,13.52356143,25330.45403736,2662,mtgox
2012-12-22,13.42477301,14783.40058186,1711,mtgox
2012-12-23,13.21890938,23978.21765189,2511,mtgox
2012-12-24,13.37845429,16692.15035254,2198,mtgox
2012-12-25,13.31227577,13165.68956219,1262,mtgox
2012-12-26,13.34263554,15840.13421601,1791,mtgox
2012-12-27,13.38467941,19822.05115292,2214,mtgox
2012-12-28,13.4474145,23813.00662928,2591,mtgox
2012-12-29,13.4888699,26149.13542978,2609,mtgox
2012-12-30,13.45414048,11764.1999889,1355,mtgox
2012-12-31,13.47519889,15049.78946684,1990,mtgox
2013-01-01,13.33790531,28406.21099533,2339,mtgox
2013-01-02,13.31100051,17966.80725594,2207,mtgox
2013-01-03,13.35639412,18032.25143367,2586,mtgox
2013-01-04,13.4230306,29641.91633352,3247,mtgox
2013-01-05,13.4521092,21329.92729215,2738,mtgox
2013-01-06,13.4601093,12741.13085177,2890,mtgox
2013-01-07,13.50526306,25477.72141758,3224,mtgox
2013-01-08,13.72070529,42798.37278964,5684,mtgox
2013-01-09,13.74491574,28606.37664488,3850,mtgox
2013-01-10,14.04701696,51811.03423682,4971,mtgox
2013-01-11,14.11360675,40434.5449653,3755,mtgox
2013-01-12,14.16713509,26931.83580313,2423,mtgox
2013-01-13,14.10794231,38330.15242254,2758,mtgox
2013-01-14,14.25611291,22096.95301732,3068,mtgox
2013-01-15,14.20171809,51573.22503298,4246,mtgox
2013-01-16,14.5155627,45532.48887207,4681,mtgox
2013-01-17,15.16558347,65489.44437087,5982,mtgox
2013-01-18,15.68082814,56097.54673445,4663,mtgox
2013-01-19,15.45779969,34588.81837326,4032,mtgox
2013-01-20,15.72064617,25982.12527853,2449,mtgox
2013-01-21,16.38458498,61502.10362941,7144,mtgox
2013-01-22,17.15284607,60975.24456117,5428,mtgox
2013-01-23,17.21681344,49439.36784845,4894,mtgox
2013-01-24,17.75035183,172009.10285514,16654,mtgox
2013-01-25,16.66376161,80767.48550329,11011,mtgox
2013-01-26,17.1517927,34810.59864626,5624,mtgox
2013-01-27,17.65365302,23766.81603697,4649,mtgox
2013-01-28,18.33919847,57669.4396163,6438,mtgox
2013-01-29,19.16921786,86082.08183578,9178,mtgox
2013-01-30,19.4800123,45064.83281223,5026,mtgox
2013-01-31,20.58154273,99226.70355772,9051,mtgox
2013-02-01,20.72659221,49917.47550495,5188,mtgox
2013-02-02,19.46947894,80501.65482453,7572,mtgox
2013-02-03,20.26175548,34244.29903093,4291,mtgox
2013-02-04,20.42489006,52219.14099856,5278,mtgox
2013-02-05,20.57170586,29212.43727786,5015,mtgox
2013-02-06,21.08875991,51989.59854078,5888,mtgox
2013-02-07,21.60573276,64263.7684837,6909,mtgox
2013-02-08,22.41891252,48649.92784231,6017,mtgox
2013-02-09,23.23535151,38133.01489516,5125,mtgox
2013-02-10,23.42026732,56426.07178044,6519,mtgox
2013-02-11,24.12927745,29526.73182667,6642,mtgox
2013-02-12,25.08840419,74239.92812121,8425,mtgox
2013-02-13,25.4778202,90150.20833226,7979,mtgox
2013-02-14,25.45901233,145734.73864774,14354,mtgox
2013-02-15,26.99489505,51714.14711699,8265,mtgox
2013-02-16,27.16436446,18826.94220616,4013,mtgox
2013-02-17,26.39610504,77042.22428396,9313,mtgox
2013-02-18,26.75696246,29744.2740321,5258,mtgox
2013-02-19,28.18553276,99699.25486411,9935,mtgox
2013-02-20,29.47218705,37209.35876682,4805,mtgox
2013-02-21,29.68170019,34730.51057645,4477,mtgox
2013-02-22,30.46094367,66951.69405047,8677,mtgox
2013-02-23,29.051142,72278.17036874,9959,mtgox
2013-02-24,29.78141397,24274.88949139,4987,mtgox
2013-02-25,30.07102506,26778.95189904,5012,mtgox
2013-02-26,31.01169314,42864.32865341,6572,mtgox
2013-02-27,31.21767456,30472.77703182,5504,mtgox
2013-02-28,32.69444425,126517.40781961,13649,mtgox
2013-03-01,34.24033288,39786.14331379,6236,mtgox
2013-03-02,33.87047511,36662.489288,4000,mtgox
2013-03-03,34.1312918,12524.59405731,3211,mtgox
2013-03-04,35.47091623,46771.48670655,6546,mtgox
2013-03-05,39.34860519,85425.51759707,11417,mtgox
2013-03-06,45.17513174,126451.71591685,18089,mtgox
2013-03-07,40.93483491,157316.07999744,16583,mtgox
2013-03-08,43.15972397,47095.97435634,8449,mtgox
2013-03-09,45.43674775,44475.88657563,7932,mtgox
2013-03-10,46.83643501,36363.24683133,6766,mtgox
2013-03-11,47.61550792,41390.17806333,6668,mtgox
2013-03-12,43.69791993,183404.74853272,23749,mtgox
2013-03-13,46.41413643,49497.44277274,7463,mtgox
2013-03-14,47.31363469,37034.85271567,7832,mtgox
2013-03-15,47.03208014,20223.9490743,5371,mtgox
2013-03-16,46.86401521,16288.50949649,4212,mtgox
2013-03-17,47.39994445,13902.61885124,4016,mtgox
2013-03-18,48.98355313,65199.78845079,10114,mtgox
2013-03-19,55.38797959,111627.21782206,14130,mtgox
2013-03-20,62.02269312,93128.82524345,12443,mtgox
2013-03-21,69.07277483,94225.81012028,15039,mtgox
2013-03-22,70.64613464,73168.06589322,13640,mtgox
2013-03-23,62.66919067,150462.17909229,20540,mtgox
2013-03-24,68.92198995,42006.3577983,9049,mtgox
2013-03-25,74.25199784,79730.06291144,11784,mtgox
2013-03-26,77.24693862,56654.32890529,10989,mtgox
2013-03-27,84.86816591,72182.81059689,12792,mtgox
2013-03-28,87.41287081,140226.8777256,18255,mtgox
2013-03-29,88.77735252,83152.74838396,13949,mtgox
2013-03-30,91.72369017,37270.50513283,8067,mtgox
2013-03-31,92.69900353,21092.37562648,5546,mtgox
2013-04-01,100.03579588,90527.2949781,14329,mtgox
2013-04-02,107.6076356,81260.79578973,16967,mtgox
2013-04-03,127.89357262,152624.23524146,27501,mtgox
2013-04-04,131.61324214,88124.77812299,20265,mtgox
2013-04-05,139.21729608,68557.50274035,16707,mtgox
2013-04-06,142.15800006,18273.08660623,8116,mtgox
2013-04-07,154.25514797,60947.51752457,15935,mtgox
2013-04-08,181.49300254,114126.51079875,24895,mtgox
2013-04-09,214.67354366,105724.63726605,24880,mtgox
2013-04-10,184.6482632,190141.85568736,38044,mtgox
2013-04-11,158.9260331,118645.42545962,25930,mtgox
2013-04-12,85.5684276,556289.09667347,72287,mtgox
2013-04-13,110.20796889,238226.32321247,38322,mtgox
2013-04-14,97.40867089,166267.46272339,27098,mtgox
2013-04-15,87.06754299,236632.25814273,35283,mtgox
2013-04-16,65.33217145,572185.68517849,60173,mtgox
2013-04-17,85.26898865,327596.54575038,44270,mtgox
2013-04-18,97.38057394,172934.67170561,30568,mtgox
2013-04-19,119.43037356,257118.55735792,44076,mtgox
2013-04-20,124.0240146,74351.505014,18711,mtgox
2013-04-21,121.49782559,99128.55677374,20046,mtgox
2013-04-22,123.23305002,59118.34839724,15694,mtgox
2013-04-23,134.62972986,116098.20804613,28620,mtgox
2013-04-24,152.06869793,225857.24378354,42630,mtgox
2013-04-25,143.0706721,187632.73663186,36731,mtgox
2013-04-26,132.24845153,128988.66663837,32491,mtgox
2013-04-27,131.17926608,59870.79151561,15973,mtgox
2013-04-28,133.16851226,27503.11180922,9800,mtgox
2013-04-29,142.24956087,70186.3332034,17625,mtgox
2013-04-30,139.86809819,65198.57714343,14730,mtgox
2013-05-01,121.05162348,179988.85296113,33503,mtgox
2013-05-02,106.48865041,234129.17181451,41889,mtgox
2013-05-03,91.29559734,246411.17412537,40035,mtgox
2013-05-04,106.6743309,132582.58910922,26884,mtgox
2013-05-05,113.49628319,84177.84255561,24307,mtgox
2013-05-06,117.32424621,150048.99059031,34310,mtgox
2013-05-07,106.7057305,139626.72485982,30565,mtgox
2013-05-08,113.33466533,61680.32470352,20169,mtgox
2013-05-09,111.66123474,26894.45820435,9807,mtgox
2013-05-10,118.03041834,77443.67268052,17958,mtgox
2013-05-11,115.54664107,28023.47400863,9835,mtgox
2013-05-12,114.60063191,20575.18681523,7260,mtgox
2013-05-13,117.02021185,26134.01092179,9608,mtgox
2013-05-14,114.84929269,87726.09301206,19099,mtgox
2013-05-15,110.24758173,117898.23044997,23252,mtgox
2013-05-16,115.43816692,45071.68219683,11789,mtgox
2013-05-17,121.43050767,79063.32514882,20243,mtgox
2013-05-18,123.81900773,22615.71905932,9113,mtgox
2013-05-19,121.86725631,20478.43216293,8876,mtgox
2013-05-20,122.31143505,17238.1178932,7672,mtgox
2013-05-21,122.28230372,13313.67351119,9586,mtgox
2013-05-22,122.99904898,18198.48063197,7804,mtgox
2013-05-23,125.32543063,22045.49819667,10989,mtgox
2013-05-24,129.84773346,48649.98790055,15574,mtgox
2013-05-25,130.87355679,16816.57733446,9189,mtgox
2013-05-26,134.01687279,23327.21417077,9106,mtgox
2013-05-27,129.34098577,46796.58527778,17333,mtgox
2013-05-28,127.97784682,22748.69803309,10345,mtgox
2013-05-29,130.37476629,19177.31065412,10628,mtgox
2013-05-30,129.40539644,24566.45307206,10230,mtgox
2013-05-31,128.14986856,16466.87087304,7283,mtgox
2013-06-01,128.40738694,6309.9210657,5175,mtgox
2013-06-02,121.96399748,101114.7377844,20294,mtgox
2013-06-03,119.00812598,28795.28913604,12553,mtgox
2013-06-04,121.07081237,21749.72552577,10314,mtgox
2013-06-05,121.46295869,16591.69071469,7700,mtgox
2013-06-06,119.67742216,21921.96967416,9543,mtgox
2013-06-07,112.07639021,65643.2840508,19677,mtgox
2013-06-08,108.80781829,17113.57363407,7981,mtgox
2013-06-09,98.01031214,149250.91623645,35802,mtgox
2013-06-10,105.49090075,64125.61353957,20194,mtgox
2013-06-11,106.98403467,15933.44765096,8160,mtgox
2013-06-12,109.2665552,17540.53639131,8769,mtgox
2013-06-13,105.24249671,30276.66270775,9081,mtgox
2013-06-14,100.63725923,35923.52523833,11696,mtgox
2013-06-15,100.45231779,22476.84118529,7354,mtgox
2013-06-16,99.92517598,8619.5818222,4309,mtgox
2013-06-17,100.929003,15024.77300982,5716,mtgox
2013-06-18,107.3982334,60446.30587482,14133,mtgox
2013-06-19,107.87054839,17420.99530697,8955,mtgox
2013-06-20,111.26108939,42909.53046552,11472,mtgox
2013-06-21,111.33778496,37916.61331617,10837,mtgox
2013-06-22,108.53065787,7196.64828927,4107,mtgox
2013-06-23,107.48587036,10974.21215455,3947,mtgox
2013-06-24,103.29107994,28755.72057729,10005,mtgox
2013-06-25,104.14537063,93495.86718207,15924,mtgox
2013-06-26,104.11152292,13074.00919462,6151,mtgox
2013-06-27,102.07989865,14516.4612223,4822,mtgox
2013-06-28,96.80775529,47455.08828225,10676,mtgox
2013-06-29,96.69195122,25419.62604578,7942,mtgox
2013-06-30,96.84356521,8488.31723474,3764,mtgox
2013-07-01,91.24379124,52796.19895217,10529,mtgox
2013-07-02,90.03040581,27396.38243066,7910,mtgox
2013-07-03,83.17669025,73017.06371949,12196,mtgox
2013-07-04,78.28610668,63440.37084249,10986,mtgox
2013-07-05,71.10927617,90767.5308438,15633,mtgox
2013-07-06,70.2573369,40793.42138417,15850,mtgox
2013-07-07,70.77056743,42847.01817807,8811,mtgox
2013-07-08,76.95943013,58514.64135019,11059,mtgox
2013-07-09,75.64565309,32217.39709744,7413,mtgox
2013-07-10,82.39513574,59672.70817379,10253,mtgox
2013-07-11,87.51798426,35244.00911985,7652,mtgox
2013-07-12,96.42553608,101213.45320007,17388,mtgox
2013-07-13,93.00886206,34261.15175462,9086,mtgox
2013-07-14,95.87605836,12218.46730597,5949,mtgox
2013-07-15,98.65161636,34121.74218573,8141,mtgox
2013-07-16,98.15414187,15900.42627769,5251,mtgox
2013-07-17,98.44459359,16680.42435808,4279,mtgox
2013-07-18,90.93956327,58919.25203991,11048,mtgox
2013-07-19,91.79055206,26957.54732676,6691,mtgox
2013-07-20,91.49046348,9066.00458489,3480,mtgox
2013-07-21,89.3114754,8614.05186903,3052,mtgox
2013-07-22,91.44998289,8215.90226022,2816,mtgox
2013-07-23,94.6420653,23790.4206968,5244,mtgox
2013-07-24,94.30940261,13827.2039573,4275,mtgox
2013-07-25,96.31384703,21666.37016526,6051,mtgox
2013-07-26,96.28710421,10435.79598856,3291,mtgox
2013-07-27,94.50014005,14637.4790579,4442,mtgox
2013-07-28,98.46974652,42022.37440094,6474,mtgox
2013-07-29,100.81083805,23930.02363512,5973,mtgox
2013-07-30,103.80724244,26911.7736967,7379,mtgox
2013-07-31,108.02656053,44785.59508539,9619,mtgox
2013-08-01,105.29159703,13994.49186792,5366,mtgox
2013-08-02,105.0676824,26584.84983005,6046,mtgox
2013-08-03,103.80313903,8342.91897611,3911,mtgox
2013-08-04,104.85994937,6101.207154,3555,mtgox
2013-08-05,106.40646943,14507.93054182,5564,mtgox
2013-08-06,106.33872854,12234.56543444,3326,mtgox
2013-08-07,106.00619063,6791.44510279,2442,mtgox
2013-08-08,103.25879498,23221.28619327,5380,mtgox
2013-08-09,103.20708497,10979.38698891,3749,mtgox
2013-08-10,103.07885727,3411.33361023,2545,mtgox
2013-08-11,104.27290232,7870.90128899,3189,mtgox
2013-08-12,106.09205913,19141.59538553,4507,mtgox
2013-08-13,107.38264092,17808.46728542,5613,mtgox
2013-08-14,112.69027038,49406.67952575,9370,mtgox
2013-08-15,111.0833085,14794.82106232,4485,mtgox
2013-08-16,109.70794541,12567.47612245,4449,mtgox
2013-08-17,112.00610994,12258.65847473,3182,mtgox
2013-08-18,113.65778133,9324.88050685,3592,mtgox
2013-08-19,118.40494931,51420.13492404,11103,mtgox
2013-08-20,120.7842498,23213.8588757,7529,mtgox
2013-08-21,122.83344947,29616.91489764,8000,mtgox
2013-08-22,122.0356075,12815.3886876,4269,mtgox
2013-08-23,119.61156842,18231.25161964,5209,mtgox
2013-08-24,119.65830104,8370.82050358,4063,mtgox
2013-08-25,121.69517297,7101.52481065,3058,mtgox
2013-08-26,121.29123594,10115.2755731,3882,mtgox
2013-08-27,127.86085307,52815.73043665,9968,mtgox
2013-08-28,129.70750287,11556.08807684,4265,mtgox
2013-08-29,129.06929005,7362.92437175,2746,mtgox
2013-08-30,136.26805617,44989.75390177,8677,mtgox
2013-08-31,143.03901053,30617.80027032,8559,mtgox
2013-09-01,144.46115674,13933.37846615,5362,mtgox
2013-09-02,145.14351508,10444.51454011,4204,mtgox
2013-09-03,145.23183154,15761.46935308,5924,mtgox
2013-09-04,137.22129405,27617.9571232,6978,mtgox
2013-09-05,131.90014227,25687.39499566,11385,mtgox
2013-09-06,127.0117504,18159.81754973,6880,mtgox
2013-09-07,126.29371547,13551.30085697,6823,mtgox
2013-09-08,125.99400806,7127.43201276,6811,mtgox
2013-09-09,131.79687338,28172.62104611,13681,mtgox
2013-09-10,133.65515056,7833.10006064,11423,mtgox
2013-09-11,137.41574636,40468.77750008,14493,mtgox
2013-09-12,140.82059797,19360.47991208,7694,mtgox
2013-09-13,142.97596393,18892.27351611,7288,mtgox
2013-09-14,139.07314234,8361.59516402,4807,mtgox
2013-09-15,137.55154459,6197.92329567,3926,mtgox
2013-09-16,139.81997237,9267.73564567,6410,mtgox
2013-09-17,139.44048386,8242.27003313,5486,mtgox
2013-09-18,140.2388687,8189.60821198,4829,mtgox
2013-09-19,136.33633591,19769.44641345,9139,mtgox
2013-09-20,134.50925427,9923.6707145,5990,mtgox
2013-09-21,133.83311355,4441.24753163,3387,mtgox
2013-09-22,132.77389469,5570.74042551,3153,mtgox
2013-09-23,133.55058295,4464.49340033,3748,mtgox
2013-09-24,134.50432221,6929.8703802,4003,mtgox
2013-09-25,136.21943653,8243.78503955,4016,mtgox
2013-09-26,136.46022444,5222.83803702,3968,mtgox
2013-09-27,138.74904768,25900.19083478,9163,mtgox
2013-09-28,140.72827218,12989.27676342,4434,mtgox
2013-09-29,144.32157817,17790.59945709,4463,mtgox
2013-09-30,142.14388235,12845.11957083,4477,mtgox
2013-10-01,141.66356247,7709.56774703,4046,mtgox
2013-10-02,124.76005438,110147.63962634,19174,mtgox
2013-10-03,127.34815811,34445.56769722,9142,mtgox
2013-10-04,134.81929397,17710.24526714,5018,mtgox
2013-10-05,136.47933014,4479.66719631,1486,mtgox
2013-10-06,136.05442281,4660.12778484,1599,mtgox
2013-10-07,137.16853134,6405.77673665,2000,mtgox
2013-10-08,136.67899928,4157.41019517,1416,mtgox
2013-10-09,139.27920085,16615.17520573,4409,mtgox
2013-10-10,140.58660511,10157.63851708,3255,mtgox
2013-10-11,140.63035679,6280.51110682,1767,mtgox
2013-10-12,141.6296262,10622.02691805,2325,mtgox
2013-10-13,144.86251227,15998.51490326,4376,mtgox
2013-10-14,150.5692721,29438.93040197,7652,mtgox
2013-10-15,154.33306573,14282.45187855,3952,mtgox
2013-10-16,155.30847671,41433.57690985,9005,mtgox
2013-10-17,155.75546563,15093.84670754,6018,mtgox
2013-10-18,163.36716452,24861.11120458,6918,mtgox
2013-10-19,181.07619812,54485.20003967,14476,mtgox
2013-10-20,182.90457693,11174.87164847,4235,mtgox
2013-10-21,191.65238384,22991.33055353,8402,mtgox
2013-10-22,199.74802635,32953.9859092,8665,mtgox
2013-10-23,213.88094889,38958.65819673,12227,mtgox
2013-10-24,203.07143857,95972.97321545,24574,mtgox
2013-10-25,188.57447233,35744.03756038,10861,mtgox
2013-10-26,192.10366858,11593.22707078,4676,mtgox
2013-10-27,199.82135389,12904.93483823,5667,mtgox
2013-10-28,206.415552,10041.15872391,4965,mtgox
2013-10-29,211.26598376,8958.38731688,4751,mtgox
2013-10-30,210.99258094,12582.46658231,5227,mtgox
2013-10-31,211.92786017,4608.29256087,3145,mtgox
2013-11-01,212.87241063,4884.45010394,2114,mtgox
2013-11-02,213.03832775,4375.23265398,2106,mtgox
2013-11-03,219.52271398,12032.8438721,5250,mtgox
2013-11-04,230.52913223,16899.83669991,7688,mtgox
2013-11-05,245.83410417,44067.2597879,14810,mtgox
2013-11-06,263.02715267,37807.24482257,9888,mtgox
2013-11-07,296.94933936,85178.59305129,22675,mtgox
2013-11-08,337.78744725,43831.60922405,14869,mtgox
2013-11-09,369.36567622,49272.46208422,17586,mtgox
2013-11-10,326.25474553,74095.67956866,26997,mtgox
2013-11-11,351.69778535,17785.25134553,8858,mtgox
2013-11-12,377.44173294,21029.65320146,12430,mtgox
2013-11-13,410.50711667,35274.27162935,14370,mtgox
2013-11-14,428.44285817,30773.27927015,15182,mtgox
2013-11-15,436.34064198,27269.09083795,11359,mtgox
2013-11-16,456.89941291,18664.14097413,9364,mtgox
2013-11-17,499.53581746,26509.66401991,13395,mtgox
2013-11-18,631.04066448,71436.41688087,33054,mtgox
2013-11-19,697.18991222,98637.13462284,48965,mtgox
2013-11-20,553.62889024,91019.96581795,38046,mtgox
2013-11-21,700.38966546,38191.56706434,24353,mtgox
2013-11-22,752.19936501,29655.73148349,24486,mtgox
2013-11-23,840.42960456,20952.75767762,18635,mtgox
2013-11-24,800.43469926,25843.72792077,18540,mtgox
2013-11-25,812.214397,25978.29480221,18211,mtgox
2013-11-26,894.88637133,31183.07759124,21279,mtgox
2013-11-27,1000.39706815,37306.24062613,24036,mtgox
2013-11-28,1148.11262778,37215.12259794,27196,mtgox
2013-11-29,1163.48638963,38295.19566404,37564,mtgox
2013-11-30,1209.93732031,14782.95933174,18425,mtgox
2013-12-01,1041.54415843,79772.69711632,49211,mtgox
2013-12-02,1059.1599174,36675.47446848,36972,mtgox
2013-12-03,1131.45233486,18945.15995723,20541,mtgox
2013-12-04,1192.75327565,15885.30987524,13143,mtgox
2013-12-05,1065.91234219,57982.86200387,30227,mtgox
2013-12-06,948.05418156,53161.11052411,25016,mtgox
2013-12-07,723.94346979,97325.90790504,42671,mtgox
2013-12-08,738.17067728,31105.77588246,16444,mtgox
2013-12-09,888.06578377,27226.9953821,15450,mtgox
2013-12-10,983.12750414,21706.6700256,13083,mtgox
2013-12-11,946.20303799,23949.51153555,16158,mtgox
2013-12-12,886.33527407,9649.92826161,7632,mtgox
2013-12-13,931.05990504,17088.91598952,13646,mtgox
2013-12-14,908.18973059,11406.79435474,7947,mtgox
2013-12-15,876.86811148,15038.57265685,9760,mtgox
2013-12-16,796.07262045,40795.6522351,23502,mtgox
2013-12-17,722.6952514,31284.062734,17336,mtgox
2013-12-18,565.50627151,109722.89380488,43834,mtgox
2013-12-19,654.75043575,45305.80519726,23870,mtgox
2013-12-20,698.38835665,34364.26944295,20456,mtgox
2013-12-21,647.89224596,14441.48449021,11807,mtgox
2013-12-22,661.13807097,11501.3296911,11756,mtgox
2013-12-23,677.30945546,14666.89538982,12092,mtgox
2013-12-24,698.73303596,10677.145204,7516,mtgox
2013-12-25,696.18777454,5270.69537607,5237,mtgox
2013-12-26,774.10277816,23193.33698734,16997,mtgox
2013-12-27,798.43941221,13466.88486426,12815,mtgox
2013-12-28,758.73255537,13149.18308229,9936,mtgox
2013-12-29,773.81231617,6940.1423117,7974,mtgox
2013-12-30,803.24652044,10027.39362988,8864,mtgox
2013-12-31,796.3597731,8836.73247486,6242,mtgox
2014-01-01,805.32825827,10688.03048924,6062,mtgox
2014-01-02,846.21595782,12414.26877451,9207,mtgox
2014-01-03,867.42022778,9294.22526628,6586,mtgox
2014-01-04,898.79559511,13956.51338986,10817,mtgox
2014-01-05,973.00493581,21223.74941753,14068,mtgox
2014-01-06,1024.75605138,22630.1658324,19240,mtgox
2014-01-07,960.69951055,22263.9752165,18190,mtgox
2014-01-08,919.57458573,13749.64300594,14841,mtgox
2014-01-09,917.28256878,14051.53780923,16408,mtgox
2014-01-10,934.11291471,6000.45174089,7739,mtgox
2014-01-11,980.46462101,10919.5272841,11153,mtgox
2014-01-12,969.06214979,9818.81753638,12527,mtgox
2014-01-13,911.92574673,9667.13957118,13404,mtgox
2014-01-14,923.04236221,3891.44440528,6972,mtgox
2014-01-15,948.17788112,6443.14116118,9154,mtgox
2014-01-16,928.78282132,4702.79776713,5724,mtgox
2014-01-17,894.83476034,9858.97628093,12590,mtgox
2014-01-18,911.71218272,5755.52009154,7619,mtgox
2014-01-19,934.25094203,7460.04640458,6307,mtgox
2014-01-20,959.51330338,10274.06270507,9898,mtgox
2014-01-21,962.87584918,5988.51609182,6053,mtgox
2014-01-22,949.17998627,4322.79359575,3502,mtgox
2014-01-23,948.23448461,1562.13261036,1850,mtgox
2014-01-24,921.65591769,5810.18786926,5513,mtgox
2014-01-25,957.24559872,7830.7821032,6776,mtgox
2014-01-26,999.47541749,12962.00878816,12073,mtgox
2014-01-27,972.62815595,7932.19589165,7131,mtgox
2014-01-28,941.51963821,10017.571209,9013,mtgox
2014-01-29,930.39843485,5339.1026289,5854,mtgox
2014-01-30,932.01524777,5072.14266114,4792,mtgox
2014-01-31,943.2250738,3852.39141057,3022,mtgox
2014-02-01,949.38611344,4055.92207631,4223,mtgox
2014-02-02,817.474,3149.53715899,,bitfinex
2014-02-03,806.57,3446.69515272,,bitfinex
2014-02-04,804.09666667,3363.63331922,,bitfinex
2014-02-05,787.78666667,5215.28016818,,bitfinex
2014-02-06,756.71333333,21114.51912813,,bitfinex
2014-02-07,695.33333333,42788.42467524,,bitfinex
2014-02-08,690.48666667,11122.25659931,,bitfinex
2014-02-09,694.80978326,12068.69938419,,bitfinex
2014-02-10,529.94376667,41511.80312124,,bitfinex
2014-02-11,675.68333333,39535.07122797,,bitfinex
2014-02-12,659.65,12849.0181041,,bitfinex
2014-02-13,622.63996667,17145.87863094,,bitfinex
2014-02-14,637.66666667,53681.71513588,,bitfinex
2014-02-15,652.07,10825.11368293,,bitfinex
2014-02-16,625.66663333,16745.73151299,,bitfinex
2014-02-17,635,15689.95243645,,bitfinex
2014-02-18,630.18499967,8466.24614979,,bitfinex
2014-02-19,625.49666667,4709.12040524,,bitfinex
2014-02-20,583.73333333,25273.82887191,,bitfinex
2014-02-21,566.16323232,28461.84558344,,bitfinex
2014-02-22,596.56666667,14729.97485817,,bitfinex
2014-02-23,617.69391667,15800.30857128,,bitfinex
2014-02-24,560.6633,34116.36009538,,bitfinex
2014-02-25,494.53333333,94547.09799394,,bitfinex
2014-02-26,573.25003333,37713.73100515,,bitfinex
2014-02-27,584.61333333,12035.79572882,,bitfinex
2014-02-28,563.47666667,15293.34238379,,bitfinex
2014-03-01,562.06813333,8617.72163751,,bitfinex
2014-03-02,564.25763667,3126.21859684,,bitfinex
2014-03-03,654.41,50919.54169329,,bitfinex
2014-03-04,678.11666667,25025.60816172,,bitfinex
2014-03-05,666.60663333,8381.31800006,,bitfinex
2014-03-06,664.37666667,7057.99015509,,bitfinex
2014-03-07,638.74666667,17234.69628231,,bitfinex
2014-03-08,619.13303333,10971.43740533,,bitfinex
2014-03-09,634.583,8290.10866807,,bitfinex
2014-03-10,627.09336667,11575.11567316,,bitfinex
2014-03-11,630.43996667,3634.08082,,bitfinex
2014-03-12,640.40986667,7287.42468826,,bitfinex
2014-03-13,642.2267,3312.96067553,,bitfinex
2014-03-14,632.16,5526.4353953,,bitfinex
2014-03-15,633.87996667,1735.62936143,,bitfinex
2014-03-16,633.19336667,1902.57118506,,bitfinex
2014-03-17,625.16666667,3761.84368802,,bitfinex
2014-03-18,613.1333,7736.26828485,,bitfinex
2014-03-19,612.3947,3436.66790193,,bitfinex
2014-03-20,593.18503333,8100.0606361,,bitfinex
2014-03-21,577.48663333,19202.28455341,,bitfinex
2014-03-22,562.44333333,6731.31574218,,bitfinex
2014-03-23,561.33333333,4833.22337384,,bitfinex
2014-03-24,575.38623333,9275.28768732,,bitfinex
2014-03-25,579.5133,4902.03403056,,bitfinex
2014-03-26,578.78666667,7649.23071354,,bitfinex
2014-03-27,506.15996667,41023.55166031,,bitfinex
2014-03-28,501.87,35985.2142118,,bitfinex
2014-03-29,495.29326667,4635.16685558,,bitfinex
2014-03-30,463.0666,26151.13013472,,bitfinex
2014-03-31,460.3633,22069.33696584,,bitfinex
2014-04-01,482.40603333,19999.30851216,,bitfinex
2014-04-02,454.87343333,29119.1046176,,bitfinex
2014-04-03,442.1533,24590.40649778,,bitfinex
2014-04-04,445.27033333,10562.85726875,,bitfinex
2014-04-05,457.62833333,4573.75741605,,bitfinex
2014-04-06,458.25993333,2952.40660615,,bitfinex
2014-04-07,450.87666667,6147.47600223,,bitfinex
2014-04-08,452.06496667,4860.84550476,,bitfinex
2014-04-09,445.8798363,4167.09060672,,bitfinex
2014-04-10,388.02296667,45002.96954955,,bitfinex
2014-04-11,398.2,38705.55691851,,bitfinex
2014-04-12,425.79136667,10732.24082883,,bitfinex
2014-04-13,415.4,10265.6836892,,bitfinex
2014-04-14,448.13333333,29763.39750504,,bitfinex
2014-04-15,499.33166667,24214.5733178,,bitfinex
2014-04-16,524.41666667,29218.85076659,,bitfinex
2014-04-17,506.64996667,18285.63177066,,bitfinex
2014-04-18,486.09796667,9730.47478781,,bitfinex
2014-04-19,497.606633,9063.48907105,,bitfinex
2014-04-20,503.71503333,4760.82881705,,bitfinex
2014-04-21,498.67866667,8179.33326468,,bitfinex
2014-04-22,494.41676667,3570.34633425,,bitfinex
2014-04-23,490.22,4187.17351874,,bitfinex
2014-04-24,496.27333333,5017.14446629,,bitfinex
2014-04-25,470.19855333,30667.92132554,,bitfinex
2014-04-26,459.66336667,7835.67783029,,bitfinex
2014-04-27,441.04666667,7849.47942997,,bitfinex
2014-04-28,438.16666666,15283.03446583,,bitfinex
2014-04-29,444.84333333,7573.20092376,,bitfinex
2014-04-30,445.00333333,7046.94954762,,bitfinex
2014-05-01,457.2534,5144.92316754,,bitfinex
2014-05-02,452.03997666,3751.5883235,,bitfinex
2014-05-03,440.5799,7602.43030203,,bitfinex
2014-05-04,435.1804,4220.91532271,,bitfinex
2014-05-05,434.12963333,5435.54300037,,bitfinex
2014-05-06,428.16333333,6965.03137807,,bitfinex
2014-05-07,439.42623333,11189.8172391,,bitfinex
2014-05-08,442.26,3456.92125521,,bitfinex
2014-05-09,449.6,3062.89060414,,bitfinex
2014-05-10,454.64666667,3674.99628935,,bitfinex
2014-05-11,442.12333333,10720.63502417,,bitfinex
2014-05-12,437.93333333,3450.84753709,,bitfinex
2014-05-13,437.90666667,2044.09198203,,bitfinex
2014-05-14,443.82333333,3104.61120276,,bitfinex
2014-05-15,447.66,1648.49804694,,bitfinex
2014-05-16,448.33333333,1707.21667711,,bitfinex
2014-05-17,448.62,907.0058887,,bitfinex
2014-05-18,447.33666667,773.02365381,,bitfinex
2014-05-19,446.53333333,1423.92886676,,bitfinex
2014-05-20,478.67666667,21176.51257664,,bitfinex
2014-05-21,495.16333333,7206.26246587,,bitfinex
2014-05-22,517.03333333,17215.75079207,,bitfinex
2014-05-23,529.82,16725.892656,,bitfinex
2014-05-24,524,4544.3046182,,bitfinex
2014-05-25,562.97,32267.7960527,,bitfinex
2014-05-26,581.83666667,16378.65112528,,bitfinex
2014-05-27,574.79333333,18029.67912572,,bitfinex
2014-05-28,575.75666667,7636.65709659,,bitfinex
2014-05-29,571.83333333,7828.1586295,,bitfinex
2014-05-30,606.95,23195.08014748,,bitfinex
2014-05-31,621.74333333,7149.49782879,,bitfinex
2014-06-01,641.47666667,34401.31014831,,bitfinex
2014-06-02,653.97,21044.80880501,,bitfinex
2014-06-03,670.38666667,19813.48151012,,bitfinex
2014-06-04,644.99,27560.75174877,,bitfinex
2014-06-05,657.96666667,9921.58747866,,bitfinex
2014-06-06,653.71,5622.64559487,,bitfinex
2014-06-07,651.20666667,6596.49809085,,bitfinex
2014-06-08,658.56666667,3644.18278973,,bitfinex
2014-06-09,650.45,6794.57192595,,bitfinex
2014-06-10,658.33333333,6898.76984299,,bitfinex
2014-06-11,646.40333333,11459.66074194,,bitfinex
2014-06-12,606.73,28947.71956885,,bitfinex
2014-06-13,606.02666667,15003.72766335,,bitfinex
2014-06-14,566.46666667,25862.20266454,,bitfinex
2014-06-15,576.33,14771.51893504,,bitfinex
2014-06-16,595.06666667,13617.42729339,,bitfinex
2014-06-17,607.83333333,8784.01582691,,bitfinex
2014-06-18,609.73333333,6071.10324019,,bitfinex
2014-06-19,600.73,5343.70478112,,bitfinex
2014-06-20,590.88333333,8688.5440458,,bitfinex
2014-06-21,592.97,4122.15638252,,bitfinex
2014-06-22,604.63333333,4720.27548757,,bitfinex
2014-06-23,591.95666667,5269.37867215,,bitfinex
2014-06-24,586.11666667,5497.2282752,,bitfinex
2014-06-25,570.75666667,9323.34331505,,bitfinex
2014-06-26,576.29333333,6271.32252637,,bitfinex
2014-06-27,594.64333333,7343.10092241,,bitfinex
2014-06-28,599.06666667,5725.69485897,,bitfinex
2014-06-29,600.77333333,3131.47102969,,bitfinex
2014-06-30,629.06,21938.30614236,,bitfinex
2014-07-01,647.48,19408.49251043,,bitfinex
2014-07-02,652.25,8406.5206922,,bitfinex
2014-07-03,644.74666667,5822.22707154,,bitfinex
2014-07-04,636.69,6661.57816655,,bitfinex
2014-07-05,632.66,3071.41658592,,bitfinex
2014-07-06,637.48333333,3423.99742797,,bitfinex
2014-07-07,625.98,5581.7237276,,bitfinex
2014-07-08,624.24,2633.52329031,,bitfinex
2014-07-09,625.86333333,3451.83303804,,bitfinex
2014-07-10,616.94,5265.72445403,,bitfinex
2014-07-11,629.41333333,4243.50707538,,bitfinex
2014-07-12,636.36666667,3924.63833047,,bitfinex
2014-07-13,631.35333333,2662.90113184,,bitfinex
2014-07-14,622.07333333,4206.72740352,,bitfinex
2014-07-15,622.45333333,3856.46998088,,bitfinex
2014-07-16,616.73,3489.28163185,,bitfinex
2014-07-17,621.00333333,2888.60303294,,bitfinex
2014-07-18,627.12,5082.30546825,,bitfinex
2014-07-19,629,1205.73020778,,bitfinex
2014-07-20,624.19666667,1267.46511076,,bitfinex
2014-07-21,620.58666667,2269.26070109,,bitfinex
2014-07-22,619.73666667,1715.1683654,,bitfinex
2014-07-23,618.70333333,1218.97662576,,bitfinex
2014-07-24,605.12333333,9491.08704791,,bitfinex
2014-07-25,600.32333333,3966.59695368,,bitfinex
2014-07-26,594.47333333,4782.68158656,,bitfinex
2014-07-27,593.81,3012.16007595,,bitfinex
2014-07-28,582.5,11443.65552495,,bitfinex
2014-07-29,583.37,4189.37036956,,bitfinex
2014-07-30,570.50666667,7353.0731436,,bitfinex
2014-07-31,577.15666667,12006.00638553,,bitfinex
2014-08-01,593.14,9475.7257498,,bitfinex
2014-08-02,589.73333333,2552.22852736,,bitfinex
2014-08-03,584.28,2765.63063591,,bitfinex
2014-08-04,587.60666667,2981.33807424,,bitfinex
2014-08-05,583.57,3861.80868206,,bitfinex
2014-08-06,580.55666667,4059.22123229,,bitfinex
2014-08-07,585.33333333,5960.40511559,,bitfinex
2014-08-08,592.09666667,3293.17389831,,bitfinex
2014-08-09,588.39,1530.34759015,,bitfinex
2014-08-10,588.80333333,1871.48402658,,bitfinex
2014-08-11,576.07666667,7910.16581644,,bitfinex
2014-08-12,570.28333333,7128.99393837,,bitfinex
2014-08-13,547.9,18291.77626654,,bitfinex
2014-08-14,502.82666667,41053.71692696,,bitfinex
2014-08-15,497.96333333,21465.22376608,,bitfinex
2014-08-16,508.87333333,16083.16612053,,bitfinex
2014-08-17,501.55,14636.97857409,,bitfinex
2014-08-18,474.11333333,40767.30582256,,bitfinex
2014-08-19,480.83666667,24978.63559696,,bitfinex
2014-08-20,498.96333333,30184.61666202,,bitfinex
2014-08-21,520.98666667,18019.55152527,,bitfinex
2014-08-22,514.27666667,11590.70315417,,bitfinex
2014-08-23,502.2,10062.02992257,,bitfinex
2014-08-24,508.07666667,5627.40932154,,bitfinex
2014-08-25,503.57333333,7322.07082176,,bitfinex
2014-08-26,509.52,11257.16541034,,bitfinex
2014-08-27,513.08333333,7706.77971858,,bitfinex
2014-08-28,508.16666667,5016.91555245,,bitfinex
2014-08-29,507.10333333,5130.93451282,,bitfinex
2014-08-30,501.00666667,4190.93654447,,bitfinex
2014-08-31,483.24333333,15267.83923802,,bitfinex
2014-09-01,476.17,8211.92371453,,bitfinex
2014-09-02,476.09,10046.21489658,,bitfinex
2014-09-03,475.67666667,3382.19892702,,bitfinex
2014-09-04,486.67333333,10077.53324255,,bitfinex
2014-09-05,483.80666667,5171.02130471,,bitfinex
2014-09-06,483.20333333,1895.75978614,,bitfinex
2014-09-07,482.28666667,2079.19939255,,bitfinex
2014-09-08,472.07333333,15855.87224677,,bitfinex
2014-09-09,471.92,9376.83253671,,bitfinex
2014-09-10,480.03666667,8880.86761476,,bitfinex
2014-09-11,476.72666667,5113.28339769,,bitfinex
2014-09-12,473.11666667,3458.58872914,,bitfinex
2014-09-13,478.49333333,7980.79103499,,bitfinex
2014-09-14,477.79666667,3122.52620508,,bitfinex
2014-09-15,476.61333333,5564.19743466,,bitfinex
2014-09-16,468.03666667,5830.41579281,,bitfinex
2014-09-17,459.21666667,10015.79923104,,bitfinex
2014-09-18,430.69666667,40114.67987467,,bitfinex
2014-09-19,402.24,33491.47558691,,bitfinex
2014-09-20,406.73333333,30699.10394063,,bitfinex
2014-09-21,401.86,19190.66947155,,bitfinex
2014-09-22,404.62,9473.62787508,,bitfinex
2014-09-23,425.97,38518.70512954,,bitfinex
2014-09-24,428.93,14395.15906107,,bitfinex
2014-09-25,413.05333333,15002.50667883,,bitfinex
2014-09-26,405.07,10998.80157685,,bitfinex
2014-09-27,400.68,6922.75328825,,bitfinex
2014-09-28,381.53333333,19564.43028875,,bitfinex
2014-09-29,376.06666667,21469.53934347,,bitfinex
2014-09-30,385.23333333,16885.43103889,,bitfinex
2014-10-01,383.93666667,10108.81578193,,bitfinex
2014-10-02,374.90333333,11897.92548679,,bitfinex
2014-10-03,363.86666667,21055.64046414,,bitfinex
2014-10-04,338.93333333,38757.31063717,,bitfinex
2014-10-05,313.86333333,84131.20524166,,bitfinex
2014-10-06,325.15,56244.01392199,,bitfinex
2014-10-07,330.99,28419.29063354,,bitfinex
2014-10-08,343.87333333,33148.54384167,,bitfinex
2014-10-09,366.09,58819.78262065,,bitfinex
2014-10-10,363.33,31262.09043458,,bitfinex
2014-10-11,360.05333333,16673.90098377,,bitfinex
2014-10-12,370.79,20912.2328697,,bitfinex
2014-10-13,386.44333333,42724.22135111,,bitfinex
2014-10-14,401.64,47243.10056508,,bitfinex
2014-10-15,393.86,29541.51886987,,bitfinex
2014-10-16,383.93666667,30085.07272402,,bitfinex
2014-10-17,380.42666667,13829.04144323,,bitfinex
2014-10-18,387.76666667,12031.41380826,,bitfinex
2014-10-19,388.67333333,5349.68544154,,bitfinex
2014-10-20,379.66666667,19178.16539947,,bitfinex
2014-10-21,384.88666667,16265.56040139,,bitfinex
2014-10-22,380.91666667,10618.5333266,,bitfinex
2014-10-23,365.49,34871.12050179,,bitfinex
2014-10-24,357.06,16557.42980175,,bitfinex
2014-10-25,347.05,28960.25226123,,bitfinex
2014-10-26,351.03666667,16080.90282028,,bitfinex
2014-10-27,351.64,15239.16435526,,bitfinex
2014-10-28,351.86,5062.40764434,,bitfinex
2014-10-29,339.78666667,26472.22486205,,bitfinex
2014-10-30,342.36,56553.95048523,,bitfinex
2014-10-31,338.98333333,19727.11155728,,bitfinex
2014-11-01,326.81333333,24974.99409268,,bitfinex
2014-11-02,323.69,10099.46113173,,bitfinex
2014-11-03,327.64666667,15218.51054951,,bitfinex
2014-11-04,327.31333333,18823.36977493,,bitfinex
2014-11-05,336.97,26963.24964242,,bitfinex
2014-11-06,347.04,24873.44579781,,bitfinex
2014-11-07,344.64666667,18854.39388798,,bitfinex
2014-11-08,344.76666667,7334.53186932,,bitfinex
2014-11-09,356.71333333,37906.6380311,,bitfinex
2014-11-10,365.55333333,33065.33656924,,bitfinex
2014-11-11,366.61333333,9279.61672218,,bitfinex
2014-11-12,412.38333333,103874.4285632,,bitfinex
2014-11-13,424.73666667,144950.77991596,,bitfinex
2014-11-14,402.62666667,59088.79944609,,bitfinex
2014-11-15,384.48,43985.64143382,,bitfinex
2014-11-16,388.01666667,24666.25625622,,bitfinex
2014-11-17,391.32666667,47132.74268131,,bitfinex
2014-11-18,377.43666667,37172.752388,,bitfinex
2014-11-19,376.60333333,17154.96496618,,bitfinex
2014-11-20,362.76,21885.51007141,,bitfinex
2014-11-21,349.28333333,36251.47466182,,bitfinex
2014-11-22,355.73666667,15563.57133021,,bitfinex
2014-11-23,364.01,14133.60768722,,bitfinex
2014-11-24,377.19666667,42068.51018314,,bitfinex
2014-11-25,382.99,27192.89277944,,bitfinex
2014-11-26,371.49,21003.08260888,,bitfinex
2014-11-27,371.05,7049.53362177,,bitfinex
2014-11-28,373.48,30530.31316732,,bitfinex
2014-11-29,379.09333333,20412.50570912,,bitfinex
2014-11-30,379.72666667,14311.37454662,,bitfinex
2014-12-01,381.93333333,11947.41516531,,bitfinex
2014-12-02,383.85666667,11192.78902839,,bitfinex
2014-12-03,378.31333333,14324.21072108,,bitfinex
2014-12-04,373.04,13242.28119805,,bitfinex
2014-12-05,375.59666667,17780.49288202,,bitfinex
2014-12-06,375.99666667,9095.07782377,,bitfinex
2014-12-07,376.27666667,4911.27297998,,bitfinex
2014-12-08,367.52,18445.05607702,,bitfinex
2014-12-09,352.96666667,35819.34212904,,bitfinex
2014-12-10,347.52666667,12333.0905763,,bitfinex
2014-12-11,349.07333333,34756.88739451,,bitfinex
2014-12-12,351.1,11747.11105433,,bitfinex
2014-12-13,347.72,10150.79079668,,bitfinex
2014-12-14,352.23,9209.64827544,,bitfinex
2014-12-15,348.68666667,11205.54023063,,bitfinex
2014-12-16,332.37666667,31193.94888573,,bitfinex
2014-12-17,322.69,37507.49262571,,bitfinex
2014-12-18,313.03,48437.46324857,,bitfinex
2014-12-19,314.68,23129.50810416,,bitfinex
2014-12-20,324.98666667,20230.00227581,,bitfinex
2014-12-21,322.45666667,15844.33148538,,bitfinex
2014-12-22,329.70666667,20417.86302566,,bitfinex
2014-12-23,334.49666667,11857.41524855,,bitfinex
2014-12-24,326.18,13880.72485499,,bitfinex
2014-12-25,319.13333333,7461.24419785,,bitfinex
2014-12-26,325.25666667,14115.50408175,,bitfinex
2014-12-27,318.83,17451.10034649,,bitfinex
2014-12-28,315.60333333,9755.01879016,,bitfinex
2014-12-29,315.21666667,8180.84794242,,bitfinex
2014-12-30,311.27666667,10131.5798437,,bitfinex
2014-12-31,318.16,11799.34269406,,bitfinex
2015-01-01,317.22333333,5178.76754651,,bitfinex
2015-01-02,315.27666667,3834.54400829,,bitfinex
2015-01-03,290.93,47448.89609866,,bitfinex
2015-01-04,269.32,81205.72689819,,bitfinex
2015-01-05,273.01,50869.734678,,bitfinex
2015-01-06,284.15666667,36115.59028905,,bitfinex
2015-01-07,295.10666667,31046.89416907,,bitfinex
2015-01-08,287.89666667,32664.98165628,,bitfinex
2015-01-09,289.41,28829.15875355,,bitfinex
2015-01-10,281.04333333,25031.95462855,,bitfinex
2015-01-11,271.98666667,22815.02462215,,bitfinex
2015-01-12,269.81,21418.47995843,,bitfinex
2015-01-13,238.91,150459.10194833,,bitfinex
2015-01-14,192.31333333,269565.29979512,,bitfinex
2015-01-15,206.53333333,184371.65353224,,bitfinex
2015-01-16,209.77333333,80331.46518955,,bitfinex
2015-01-17,202.48,48913.3651222,,bitfinex
2015-01-18,209.01,65568.72956005,,bitfinex
2015-01-19,214.38333333,32438.30549401,,bitfinex
2015-01-20,211.68666667,52169.96449952,,bitfinex
2015-01-21,223.02666667,57794.88598029,,bitfinex
2015-01-22,233.99666667,57343.01438334,,bitfinex
2015-01-23,231.74333333,40153.10221794,,bitfinex
2015-01-24,242.48666667,40097.04259395,,bitfinex
2015-01-25,253.04,54049.08140304,,bitfinex
2015-01-26,281.88666667,205992.02467918,,bitfinex
2015-01-27,265.15333333,81712.86714802,,bitfinex
2015-01-28,243.60666667,87045.98063216,,bitfinex
2015-01-29,230.78,60109.92091168,,bitfinex
2015-01-30,231.52,51257.89170595,,bitfinex
2015-01-31,220.97666667,48929.51091027,,bitfinex
2015-02-01,223.75333333,55663.95598382,,bitfinex
2015-02-02,236.33,52340.34350408,,bitfinex
2015-02-03,233.01333333,81380.30367241,,bitfinex
2015-02-04,227.01,44328.27883202,,bitfinex
2015-02-05,218.46333333,37869.95924452,,bitfinex
2015-02-06,221.17666667,35652.27922933,,bitfinex
2015-02-07,230.41333333,35471.83677373,,bitfinex
2015-02-08,225.95,26127.26354732,,bitfinex
2015-02-09,220.59666667,48175.34835692,,bitfinex
2015-02-10,219.58333333,29287.58484415,,bitfinex
2015-02-11,220.76666667,19279.64534239,,bitfinex
2015-02-12,221.13,19995.20975134,,bitfinex
2015-02-13,233.36333333,68319.49565944,,bitfinex
2015-02-14,251.27,80559.73017417,,bitfinex
2015-02-15,244.20666667,103145.29817953,,bitfinex
2015-02-16,235.25666667,47236.52233565,,bitfinex
2015-02-17,240.59333333,40898.78594385,,bitfinex
2015-02-18,237.42,39347.85942677,,bitfinex
2015-02-19,239.46333333,23847.93733588,,bitfinex
2015-02-20,244.14333333,31341.12721004,,bitfinex
2015-02-21,245.51666667,16187.36690033,,bitfinex
2015-02-22,238.79333333,33576.50106108,,bitfinex
2015-02-23,237.67,23852.27131741,,bitfinex
2015-02-24,239.14,16615.81456059,,bitfinex
2015-02-25,238.11666667,13529.62773047,,bitfinex
2015-02-26,236.29333333,18687.24686581,,bitfinex
2015-02-27,251.49666667,69855.13329437,,bitfinex
2015-02-28,254.78333333,17286.14557395,,bitfinex
2015-03-01,258.32,47597.42466819,,bitfinex
2015-03-02,272,67168.44049788,,bitfinex
2015-03-03,281.59666667,81226.39829686,,bitfinex
2015-03-04,275.44,71521.58776593,,bitfinex
2015-03-05,274.89333333,66108.88463391,,bitfinex
2015-03-06,273.97,40276.57196985,,bitfinex
2015-03-07,276.09333333,22856.94560366,,bitfinex
2015-03-08,275.29333333,13853.79489026,,bitfinex
2015-03-09,287.00333333,62908.37768012,,bitfinex
2015-03-10,295.20333333,67389.7821945,,bitfinex
2015-03-11,295.45,25811.47179039,,bitfinex
2015-03-12,295.13,27275.11755938,,bitfinex
2015-03-13,287.07333333,46670.67482155,,bitfinex
2015-03-14,283.85333333,23011.1974609,,bitfinex
2015-03-15,285.43,13427.56794899,,bitfinex
2015-03-16,290.95666667,22313.42461866,,bitfinex
2015-03-17,286.57,22235.36985452,,bitfinex
2015-03-18,263.48666667,89923.4157283,,bitfinex
2015-03-19,259.48666667,78451.53717572,,bitfinex
2015-03-20,262.85,16197.47796769,,bitfinex
2015-03-21,259.52666667,15082.649219,,bitfinex
2015-03-22,266.45333333,18263.49075523,,bitfinex
2015-03-23,266.91,23532.38493022,,bitfinex
2015-03-24,251.93,64117.86987147,,bitfinex
2015-03-25,244.31333333,53254.53178151,,bitfinex
2015-03-26,249.61,33260.96841261,,bitfinex
2015-03-27,247.39333333,22731.1119358,,bitfinex
2015-03-28,251.8,17724.68773237,,bitfinex
2015-03-29,244.88,31825.76834927,,bitfinex
2015-03-30,245.05,30725.35991984,,bitfinex
2015-03-31,245.10333333,22340.6019467,,bitfinex
2015-04-01,244.95,23555.26957534,,bitfinex
2015-04-02,250.39,26215.54310423,,bitfinex
2015-04-03,253.68,28294.9928171,,bitfinex
2015-04-04,253.20666667,9458.99655888,,bitfinex
2015-04-05,257.76666667,23998.8744946,,bitfinex
2015-04-06,257.19333333,20821.28788205,,bitfinex
2015-04-07,254.87,10602.25211989,,bitfinex
2015-04-08,247.54333333,39627.09142625,,bitfinex
2015-04-09,242.29,22642.23555309,,bitfinex
2015-04-10,236.87,37332.55695617,,bitfinex
2015-04-11,237.05333333,17745.94355839,,bitfinex
2015-04-12,235.82,10100.9528618,,bitfinex
2015-04-13,227.58,47137.09401198,,bitfinex
2015-04-14,220.76,40768.83003182,,bitfinex
2015-04-15,222.58,24034.52460674,,bitfinex
2015-04-16,227.05,28949.22753757,,bitfinex
2015-04-17,223.65333333,27060.8607461,,bitfinex
2015-04-18,222.39333333,11898.00868101,,bitfinex
2015-04-19,223.75333333,17571.78546845,,bitfinex
2015-04-20,224.15,19932.04806585,,bitfinex
2015-04-21,232.70333333,31768.42309111,,bitfinex
2015-04-22,235.04333333,22065.58915188,,bitfinex
2015-04-23,235.41,8848.92120824,,bitfinex
2015-04-24,232.19666667,22481.38342876,,bitfinex
2015-04-25,228.02,13390.72875835,,bitfinex
2015-04-26,220.15333333,40909.65649832,,bitfinex
2015-04-27,225.88,35237.99532264,,bitfinex
2015-04-28,225.17,17189.69732867,,bitfinex
2015-04-29,225.23,12204.2370919,,bitfinex
2015-04-30,233.87666667,41361.85775564,,bitfinex
2015-05-01,234.09666667,17016.63985893,,bitfinex
2015-05-02,234.11666667,8932.20058187,,bitfinex
2015-05-03,239.35,19159.47837938,,bitfinex
2015-05-04,239.70666667,24658.09328531,,bitfinex
2015-05-05,235.47,26115.90770763,,bitfinex
2015-05-06,230.81333333,47524.99716569,,bitfinex
2015-05-07,234.96666667,27216.12711778,,bitfinex
2015-05-08,243.30666667,31065.29966057,,bitfinex
2015-05-09,243.95,19372.31104585,,bitfinex
2015-05-10,241.82333333,11933.40665351,,bitfinex
2015-05-11,242.15,15989.07724903,,bitfinex
2015-05-12,242.48333333,13639.32470388,,bitfinex
2015-05-13,238.30666667,27912.30563923,,bitfinex
2015-05-14,235.73,19130.36373168,,bitfinex
2015-05-15,236.72666667,9526.75229743,,bitfinex
2015-05-16,235.76,6100.36287139,,bitfinex
2015-05-17,236.66333333,4806.56015574,,bitfinex
2015-05-18,233.02333333,14181.53020393,,bitfinex
2015-05-19,232.29333333,5868.66140137,,bitfinex
2015-05-20,233.68,11419.18036701,,bitfinex
2015-05-21,235.22333333,10508.6308148,,bitfinex
2015-05-22,239.13,22839.33369777,,bitfinex
2015-05-23,239.18333333,8514.03827738,,bitfinex
2015-05-24,240.82,7277.27708444,,bitfinex
2015-05-25,238.10666667,8684.72025188,,bitfinex
2015-05-26,237.04,8818.48722363,,bitfinex
2015-05-27,236.92666667,9190.04045076,,bitfinex
2015-05-28,236.73666667,5791.2187079,,bitfinex
2015-05-29,236.23333333,6839.5288437,,bitfinex
2015-05-30,232.49,14770.9904026,,bitfinex
2015-05-31,229.46333333,11657.2744918,,bitfinex
2015-06-01,224.2,31722.40362833,,bitfinex
2015-06-02,223.88333333,16451.17196392,,bitfinex
2015-06-03,224.8,17205.46368926,,bitfinex
2015-06-04,223.88333333,11211.3224354,,bitfinex
2015-06-05,225.46333333,17603.33491923,,bitfinex
2015-06-06,225.85333333,6830.97598346,,bitfinex
2015-06-07,224.18333333,17255.89548148,,bitfinex
2015-06-08,227.54666667,28828.66238248,,bitfinex
2015-06-09,229.64,16389.23268951,,bitfinex
2015-06-10,228.68333333,10773.51262276,,bitfinex
2015-06-11,229.76666667,9540.22374616,,bitfinex
2015-06-12,230,9752.03407847,,bitfinex
2015-06-13,231.85666667,11058.62709509,,bitfinex
2015-06-14,233.83,8262.11109659,,bitfinex
2015-06-15,236.16333333,19153.66136261,,bitfinex
2015-06-16,247.39,50864.75832382,,bitfinex
2015-06-17,251.35,47507.56832005,,bitfinex
2015-06-18,248.73666667,27557.79401773,,bitfinex
2015-06-19,246.73,23929.35570024,,bitfinex
2015-06-20,243.76,23906.50021434,,bitfinex
2015-06-21,243.67666667,8170.86177002,,bitfinex
2015-06-22,246.05333333,18508.5265582,,bitfinex
2015-06-23,244.53333333,11550.64365544,,bitfinex
2015-06-24,240.99666667,15567.44406628,,bitfinex
2015-06-25,241.51666667,8703.1761925,,bitfinex
2015-06-26,242.6,10163.3707055,,bitfinex
2015-06-27,248.66,18134.80646999,,bitfinex
2015-06-28,249.34,12904.13085238,,bitfinex
2015-06-29,254.33333333,34766.03162974,,bitfinex
2015-06-30,261.70666667,47278.28915102,,bitfinex
2015-07-01,258.56,21543.00131962,,bitfinex
2015-07-02,256.71,17333.69829282,,bitfinex
2015-07-03,255.03333333,11646.45599554,,bitfinex
2015-07-04,258.93,9650.00914711,,bitfinex
2015-07-05,268.61333333,47847.8565046,,bitfinex
2015-07-06,271.75,56663.3721804,,bitfinex
2015-07-07,266.61,22261.54092507,,bitfinex
2015-07-08,269.21,35178.24762291,,bitfinex
2015-07-09,269.81666667,24012.13725144,,bitfinex
2015-07-10,283.34666667,89653.52305406,,bitfinex
2015-07-11,292.71,39246.40431143,,bitfinex
2015-07-12,306.39666667,60434.98401822,,bitfinex
2015-07-13,295.38333333,74185.04905934,,bitfinex
2015-07-14,290.02666667,23532.18616,,bitfinex
2015-07-15,287.79,21724.73336989,,bitfinex
2015-07-16,283.05,52862.42327279,,bitfinex
2015-07-17,277.79,25360.43591806,,bitfinex
2015-07-18,278.9,15393.90519821,,bitfinex
2015-07-19,276.30333333,8015.11644591,,bitfinex
2015-07-20,278.06666667,12344.24155054,,bitfinex
2015-07-21,277.58,13041.15058252,,bitfinex
2015-07-22,276.96,10965.62496006,,bitfinex
2015-07-23,276.83666667,5434.12477348,,bitfinex
2015-07-24,284.85,24289.51713571,,bitfinex
2015-07-25,289.37,11608.53005554,,bitfinex
2015-07-26,291.9,9326.27781654,,bitfinex
2015-07-27,293.19333333,25470.11207745,,bitfinex
2015-07-28,295.92333333,14363.19270352,,bitfinex
2015-07-29,290.54,15838.21441038,,bitfinex
2015-07-30,287.74,12138.69713341,,bitfinex
2015-07-31,285.1,14587.82173473,,bitfinex
2015-08-01,280.61,12322.36791025,,bitfinex
2015-08-02,280.71333333,11744.26292872,,bitfinex
2015-08-03,282.67666667,14793.62873214,,bitfinex
2015-08-04,284.23,11989.287824,,bitfinex
2015-08-05,282.68333333,8849.6322467,,bitfinex
2015-08-06,279.88666667,8941.09009878,,bitfinex
2015-08-07,279.08666667,12711.18708131,,bitfinex
2015-08-08,267.42666667,36959.89705773,,bitfinex
2015-08-09,264.63666667,20867.96225144,,bitfinex
2015-08-10,264.99666667,10783.26024375,,bitfinex
2015-08-11,269.92,12654.8738087,,bitfinex
2015-08-12,268.88,16300.51607737,,bitfinex
2015-08-13,265.26666667,12871.17274446,,bitfinex
2015-08-14,265.73,13586.58736054,,bitfinex
2015-08-15,263.64,10398.48328344,,bitfinex
2015-08-16,259.76666667,27231.3411812,,bitfinex
2015-08-17,259.42,9940.91939962,,bitfinex
2015-08-18,211.5,88032.39934147,,bitfinex
2015-08-19,226.46666667,78315.06980801,,bitfinex
2015-08-20,233.25,26308.87033229,,bitfinex
2015-08-21,232.45333333,13064.18358359,,bitfinex
2015-08-22,228.91666667,20895.61341681,,bitfinex
2015-08-23,228.15333333,12119.38389326,,bitfinex
2015-08-24,215.60333333,53295.4079375,,bitfinex
2015-08-25,216.01666667,69277.66517374,,bitfinex
2015-08-26,226.2,23772.39595361,,bitfinex
2015-08-27,226.42,11742.60058542,,bitfinex
2015-08-28,230.28,27328.70336836,,bitfinex
2015-08-29,230.64666667,10072.00741902,,bitfinex
2015-08-30,229.71666667,8821.01196508,,bitfinex
2015-08-31,230.11666667,10923.58339907,,bitfinex
2015-09-01,229.06,9810.61182733,,bitfinex
2015-09-02,229.37,9011.85646725,,bitfinex
2015-09-03,227.77,6915.70967104,,bitfinex
2015-09-04,229.85333333,10799.59831518,,bitfinex
2015-09-05,235.20333333,12199.2302943,,bitfinex
2015-09-06,241.65,20519.61403104,,bitfinex
2015-09-07,240.96,6949.44115779,,bitfinex
2015-09-08,244.05,16374.81175458,,bitfinex
2015-09-09,241.00666667,14351.38526353,,bitfinex
2015-09-10,239.46666667,10791.49280604,,bitfinex
2015-09-11,237.30333333,10243.49203509,,bitfinex
2015-09-12,237.36666667,9280.94291521,,bitfinex
2015-09-13,232.25333333,10215.58302914,,bitfinex
2015-09-14,231.06333333,9416.99072288,,bitfinex
2015-09-15,230.39666667,7621.52812507,,bitfinex
2015-09-16,229.49666667,8185.35355617,,bitfinex
2015-09-17,232.84666667,12037.78994562,,bitfinex
2015-09-18,230.53333333,9007.77255259,,bitfinex
2015-09-19,232.59333333,4329.15727342,,bitfinex
2015-09-20,232.3,3457.17417393,,bitfinex
2015-09-21,228.85666667,9274.07985298,,bitfinex
2015-09-22,229.77,18854.93660883,,bitfinex
2015-09-23,231.19,5720.27547465,,bitfinex
2015-09-24,233.81333333,15377.24096672,,bitfinex
2015-09-25,235.33666667,9861.4277771,,bitfinex
2015-09-26,234.77666667,4796.04811748,,bitfinex
2015-09-27,233.71666667,2592.00155383,,bitfinex
2015-09-28,238.41333333,12488.22015999,,bitfinex
2015-09-29,238.30333333,9459.77890536,,bitfinex
2015-09-30,236.79333333,5152.91520089,,bitfinex
2015-10-01,238.25333333,6107.43096947,,bitfinex
2015-10-02,238.39666667,5607.98936459,,bitfinex
2015-10-03,239.52666667,6221.0973625,,bitfinex
2015-10-04,239.90666667,2081.94241537,,bitfinex
2015-10-05,240.37666667,12198.93702028,,bitfinex
2015-10-06,245.96,16277.3495449,,bitfinex
2015-10-07,245.14333333,8806.62652877,,bitfinex
2015-10-08,243.75666667,6046.70528354,,bitfinex
2015-10-09,244.3,3572.48926215,,bitfinex
2015-10-10,245.30666667,4196.52667741,,bitfinex
2015-10-11,246.82333333,4868.94170189,,bitfinex
2015-10-12,246.61,5203.50998203,,bitfinex
2015-10-13,249.56,16746.31969231,,bitfinex
2015-10-14,253.18333333,10143.26693665,,bitfinex
2015-10-15,255.37666667,10462.87049232,,bitfinex
2015-10-16,262.06333333,21966.84227808,,bitfinex
2015-10-17,268.80333333,42840.66767715,,bitfinex
2015-10-18,267.65666667,15347.19309163,,bitfinex
2015-10-19,265.24333333,10903.41916897,,bitfinex
2015-10-20,269.77666667,14439.64408514,,bitfinex
2015-10-21,268.06,10617.44629594,,bitfinex
2015-10-22,274.36666667,27240.7695845,,bitfinex
2015-10-23,278.42,15857.56333783,,bitfinex
2015-10-24,282.55333333,13934.58656724,,bitfinex
2015-10-25,287.32666667,40017.6507969,,bitfinex
2015-10-26,285.79666667,17157.55627524,,bitfinex
2015-10-27,293.62,26822.84229073,,bitfinex
2015-10-28,302.59333333,35610.63970487,,bitfinex
2015-10-29,312.63666667,51213.84331228,,bitfinex
2015-10-30,326.00333333,62862.23793759,,bitfinex
2015-10-31,319.69,42942.31178779,,bitfinex
2015-11-01,325.77333333,25673.08701765,,bitfinex
2015-11-02,355.08333333,71218.14798775,,bitfinex
2015-11-03,396.66333333,171811.47423274,,bitfinex
2015-11-04,426.63333333,274470.23823395,,bitfinex
2015-11-05,402.36333333,157932.04798265,,bitfinex
2015-11-06,374.51333333,106656.20529615,,bitfinex
2015-11-07,382.84666667,34416.71346293,,bitfinex
2015-11-08,376.66333333,30831.92301096,,bitfinex
2015-11-09,376.69666667,38111.95484914,,bitfinex
2015-11-10,350.2,88482.28569644,,bitfinex
2015-11-11,319.50666667,117018.93148587,,bitfinex
2015-11-12,332.47333333,57236.75520545,,bitfinex
2015-11-13,336.16666667,29935.63022971,,bitfinex
2015-11-14,334.19666667,20324.62676926,,bitfinex
2015-11-15,324.04,31597.16786285,,bitfinex
2015-11-16,327.43333333,25747.01423645,,bitfinex
2015-11-17,336.61333333,27167.97701986,,bitfinex
2015-11-18,334.28,15625.53831971,,bitfinex
2015-11-19,329.03,18932.55286053,,bitfinex
2015-11-20,319.47666667,30160.01024754,,bitfinex
2015-11-21,325.38,10478.85571617,,bitfinex
2015-11-22,324.29,7051.90999034,,bitfinex
2015-11-23,324.01,7775.67515741,,bitfinex
2015-11-24,319.80666667,9618.01049005,,bitfinex
2015-11-25,326.1,20618.16569952,,bitfinex
2015-11-26,351.08333333,81494.12980639,,bitfinex
2015-11-27,358.02666667,34902.85886152,,bitfinex
2015-11-28,357.34666667,19427.6777884,,bitfinex
2015-11-29,368.35333333,25800.68951783,,bitfinex
2015-11-30,376.66,47495.85537836,,bitfinex
2015-12-01,365.22666667,44101.91747802,,bitfinex
2015-12-02,356.15666667,31554.77112148,,bitfinex
2015-12-03,361.42666667,27383.79989609,,bitfinex
2015-12-04,360.62666667,14651.48749597,,bitfinex
2015-12-05,382.29,46142.29540096,,bitfinex
2015-12-06,394.72666667,60599.92466399,,bitfinex
2015-12-07,395.15666667,33608.01166612,,bitfinex
2015-12-08,410.92,33197.6232291,,bitfinex
2015-12-09,416.77333333,52055.32070854,,bitfinex
2015-12-10,415.95,21325.44367572,,bitfinex
2015-12-11,443.59666667,75656.53043328,,bitfinex
2015-12-12,437.71666667,104706.95104448,,bitfinex
2015-12-13,430.84,33630.9154141,,bitfinex
2015-12-14,439.96333333,27298.36713131,,bitfinex
2015-12-15,458.60333333,41307.22114202,,bitfinex
2015-12-16,454.97666667,67047.01540226,,bitfinex
2015-12-17,453.44666667,17868.85558593,,bitfinex
2015-12-18,460.07333333,27050.45154476,,bitfinex
2015-12-19,460.48,21223.57972208,,bitfinex
2015-12-20,445.63333333,46323.16552625,,bitfinex
2015-12-21,436.44666667,43203.8050522,,bitfinex
2015-12-22,437.43,18516.12084854,,bitfinex
2015-12-23,440.66666667,16464.78677745,,bitfinex
2015-12-24,452.56,19865.73831943,,bitfinex
2015-12-25,453.49,15176.72802632,,bitfinex
2015-12-26,427.35333333,96491.8801717,,bitfinex
2015-12-27,418.07,27798.81551073,,bitfinex
2015-12-28,422.08333333,24284.33007661,,bitfinex
2015-12-29,427.78333333,22073.56319971,,bitfinex
2015-12-30,425.85,22247.59645834,,bitfinex
2015-12-31,424.70333333,21403.65928213,,bitfinex
2016-01-01,432.24333333,13077.66890809,,bitfinex
2016-01-02,432.83333333,6347.95293087,,bitfinex
2016-01-03,427.73,19201.83336317,,bitfinex
2016-01-04,431.84666667,12950.38203246,,bitfinex
2016-01-05,431.55333333,11172.00381734,,bitfinex
2016-01-06,428.72,9440.11476438,,bitfinex
2016-01-07,449.29666667,55448.62348451,,bitfinex
2016-01-08,455.18333333,29967.95308695,,bitfinex
2016-01-09,450.77,8950.47934716,,bitfinex
2016-01-10,446.87333333,13778.25596659,,bitfinex
2016-01-11,448.39,14814.61191991,,bitfinex
2016-01-12,436.34333333,20739.28807916,,bitfinex
2016-01-13,427.82333333,33154.90771329,,bitfinex
2016-01-14,430.08333333,13304.53778619,,bitfinex
2016-01-15,381.87,123890.27071977,,bitfinex
2016-01-16,377.8,74062.26019306,,bitfinex
2016-01-17,384.69666667,20715.00430074,,bitfinex
2016-01-18,384.03666667,19469.04404369,,bitfinex
2016-01-19,381.65,17187.63603882,,bitfinex
2016-01-20,407.52,82802.50152887,,bitfinex
2016-01-21,413.52666667,29020.2464756,,bitfinex
2016-01-22,387.80333333,62213.91956269,,bitfinex
2016-01-23,386.74333333,21470.91850297,,bitfinex
2016-01-24,398.4,23219.92783728,,bitfinex
2016-01-25,392.57666667,22664.63967213,,bitfinex
2016-01-26,392.02333333,13322.87042917,,bitfinex
2016-01-27,393.87333333,8538.43203569,,bitfinex
2016-01-28,382.96,25024.08113809,,bitfinex
2016-01-29,374.54333333,62204.81102909,,bitfinex
2016-01-30,377.05333333,10501.94797823,,bitfinex
2016-01-31,368.99666667,14887.77869027,,bitfinex
2016-02-01,371.30666667,24797.19675855,,bitfinex
2016-02-02,372.46333333,10443.46213856,,bitfinex
2016-02-03,369.54333333,13195.15019685,,bitfinex
2016-02-04,384.16666667,37339.9192622,,bitfinex
2016-02-05,387.91,16879.23586874,,bitfinex
2016-02-06,375.09666667,40202.13384674,,bitfinex
2016-02-07,372.99333333,13056.06239366,,bitfinex
2016-02-08,372.16666667,16881.20552174,,bitfinex
2016-02-09,374.10333333,9216.51889923,,bitfinex
2016-02-10,380.43333333,33532.24585818,,bitfinex
2016-02-11,377.82333333,14521.32801979,,bitfinex
2016-02-12,381.17,10146.83584537,,bitfinex
2016-02-13,389.51666667,14755.53765591,,bitfinex
2016-02-14,403.29666667,29423.6760944,,bitfinex
2016-02-15,402.54333333,30129.68519329,,bitfinex
2016-02-16,404.9,13991.05677741,,bitfinex
2016-02-17,413.98,30400.76489361,,bitfinex
2016-02-18,420.07333333,25228.63442938,,bitfinex
2016-02-19,418.13,13268.55624683,,bitfinex
2016-02-20,434.79333333,47477.18201239,,bitfinex
2016-02-21,440.03333333,43012.3640973,,bitfinex
2016-02-22,438.59333333,16337.46643988,,bitfinex
2016-02-23,426.77,32431.14307513,,bitfinex
2016-02-24,421.18333333,22426.10899723,,bitfinex
2016-02-25,424.79333333,13595.76030845,,bitfinex
2016-02-26,430.40666667,18860.34189347,,bitfinex
2016-02-27,434.90333333,11592.35336819,,bitfinex
2016-02-28,431.48,19852.27109854,,bitfinex
2016-02-29,438.16666667,20389.46046158,,bitfinex
2016-03-01,434.95666667,19625.83277542,,bitfinex
2016-03-02,426.55,16463.12915261,,bitfinex
2016-03-03,420.46333333,20874.05140073,,bitfinex
2016-03-04,413.43666667,21749.41985593,,bitfinex
2016-03-05,398.83333333,46951.85160138,,bitfinex
2016-03-06,401.75333333,19707.20471997,,bitfinex
2016-03-07,410.00333333,15306.22133026,,bitfinex
2016-03-08,411.11666667,10227.45551202,,bitfinex
2016-03-09,411.67333333,9027.75321888,,bitfinex
2016-03-10,415.14333333,13709.08292075,,bitfinex
2016-03-11,419.85666667,15464.77864266,,bitfinex
2016-03-12,412.73333333,17020.42554463,,bitfinex
2016-03-13,412.62333333,7628.34253444,,bitfinex
2016-03-14,415.2,9210.4322585,,bitfinex
2016-03-15,415.7,9632.10565438,,bitfinex
2016-03-16,416.41333333,7066.70644692,,bitfinex
2016-03-17,418.67333333,8308.82137835,,bitfinex
2016-03-18,409.91,21090.86035612,,bitfinex
2016-03-19,408.22666667,8954.99064014,,bitfinex
2016-03-20,410.79,5655.4961424,,bitfinex
2016-03-21,410.00666667,7818.38780842,,bitfinex
2016-03-22,415.42,10196.10581222,,bitfinex
2016-03-23,417.89,7195.02123423,,bitfinex
2016-03-24,415.81,7559.67108636,,bitfinex
2016-03-25,415.35333333,3690.24588063,,bitfinex
2016-03-26,416.43666667,5039.73935942,,bitfinex
2016-03-27,424.71666667,22410.75689622,,bitfinex
2016-03-28,424.81,9241.01649983,,bitfinex
2016-03-29,416.30666667,23306.73060022,,bitfinex
2016-03-30,412.56666667,9037.93067535,,bitfinex
2016-03-31,415.77,7268.31765999,,bitfinex
2016-04-01,416.6,5456.76943887,,bitfinex
2016-04-02,420.21,6070.78823934,,bitfinex
2016-04-03,419.47333333,4254.11994825,,bitfinex
2016-04-04,419.3,5751.29314238,,bitfinex
2016-04-05,422.78666667,7261.82082675,,bitfinex
2016-04-06,422.98,5680.19307306,,bitfinex
2016-04-07,420.97333333,7727.14024559,,bitfinex
2016-04-08,419.49666667,9847.57852609,,bitfinex
2016-04-09,416.41,6326.97349855,,bitfinex
2016-04-10,420.57,4248.0217564,,bitfinex
2016-04-11,422.14666667,6404.8393151,,bitfinex
2016-04-12,426.71666667,14772.70507218,,bitfinex
2016-04-13,425.14333333,6666.45445863,,bitfinex
2016-04-14,425.50333333,4132.51666239,,bitfinex
2016-04-15,429.99333333,15836.34443285,,bitfinex
2016-04-16,432.72666667,7705.23014106,,bitfinex
2016-04-17,429.45666667,8483.81721252,,bitfinex
2016-04-18,429.15333333,7577.09982227,,bitfinex
2016-04-19,435.1,12049.76316529,,bitfinex
2016-04-20,442.35333333,21245.46997568,,bitfinex
2016-04-21,449.59,17836.1281487,,bitfinex
2016-04-22,448.48666667,12208.12421703,,bitfinex
2016-04-23,451.43666667,10158.08874218,,bitfinex
2016-04-24,459.39666667,24137.22663382,,bitfinex
2016-04-25,462.78333333,25926.4859588,,bitfinex
2016-04-26,467.3,18688.00355841,,bitfinex
2016-04-27,452.67333333,40283.22481066,,bitfinex
2016-04-28,445.43,25328.14705281,,bitfinex
2016-04-29,452.87,13419.0298735,,bitfinex
2016-04-30,449.19666667,10583.37006176,,bitfinex
2016-05-01,449.93,3901.33894349,,bitfinex
2016-05-02,444.07666667,29738.73405787,,bitfinex
2016-05-03,447.49666667,12157.57208565,,bitfinex
2016-05-04,447.81,7045.36356892,,bitfinex
2016-05-05,448.53,10788.72696544,,bitfinex
2016-05-06,458.39333333,26539.51960951,,bitfinex
2016-05-07,460.51666667,7810.85492375,,bitfinex
2016-05-08,459.17666667,6454.8718905,,bitfinex
2016-05-09,461.58666667,15120.9467619,,bitfinex
2016-05-10,453.57,22571.93908792,,bitfinex
2016-05-11,452.32333333,8033.34446997,,bitfinex
2016-05-12,452.55666667,18088.01160389,,bitfinex
2016-05-13,455.14,7127.41790473,,bitfinex
2016-05-14,456.22,3608.80902935,,bitfinex
2016-05-15,457.62333333,5644.05214261,,bitfinex
2016-05-16,454.32,8789.98783701,,bitfinex
2016-05-17,453.05,7609.40911039,,bitfinex
2016-05-18,454.01666667,7162.25703935,,bitfinex
2016-05-19,440.75333333,30396.81255853,,bitfinex
2016-05-20,439.23666667,14241.01574451,,bitfinex
2016-05-21,439.42333333,6222.70927555,,bitfinex
2016-05-22,437.86,7236.70601603,,bitfinex
2016-05-23,441.47333333,7873.12727328,,bitfinex
2016-05-24,445.09,8329.83371693,,bitfinex
2016-05-25,447.36666667,12353.39238921,,bitfinex
2016-05-26,451.58666667,9517.72213888,,bitfinex
2016-05-27,469.3,59125.78988828,,bitfinex
2016-05-28,513.34,74521.63290893,,bitfinex
2016-05-29,537.70333333,83566.1345341,,bitfinex
2016-05-30,534.16666667,32596.67572365,,bitfinex
2016-05-31,531.73,49880.61185947,,bitfinex
2016-06-01,535.55333333,27816.55857142,,bitfinex
2016-06-02,538.39,16882.36888075,,bitfinex
2016-06-03,562.15333333,48446.29176522,,bitfinex
2016-06-04,575.62,39118.52413869,,bitfinex
2016-06-05,575.04333333,28143.30108186,,bitfinex
2016-06-06,582.62333333,27464.29482304,,bitfinex
2016-06-07,576.75333333,36112.75303445,,bitfinex
2016-06-08,579.60666667,18084.17616213,,bitfinex
2016-06-09,576.51333333,21873.89242109,,bitfinex
2016-06-10,578.34,16178.04239417,,bitfinex
2016-06-11,602.93333333,28441.70390684,,bitfinex
2016-06-12,652.78,116432.04033077,,bitfinex
2016-06-13,694.29,117683.1761548,,bitfinex
2016-06-14,682.29666667,65715.57001677,,bitfinex
2016-06-15,688.09333333,34104.05155391,,bitfinex
2016-06-16,748.60333333,123792.10326991,,bitfinex
2016-06-17,743.32,97376.65112675,,bitfinex
2016-06-18,755.79333333,66955.08891907,,bitfinex
2016-06-19,760.43333333,26699.53099594,,bitfinex
2016-06-20,744.22333333,46264.53575564,,bitfinex
2016-06-21,682.31666667,102133.43481751,,bitfinex
2016-06-22,627.68333333,100527.24338807,,bitfinex
2016-06-23,606.78666667,122951.19634304,,bitfinex
2016-06-24,657.09333333,92367.92348682,,bitfinex
2016-06-25,667.66,55625.81218907,,bitfinex
2016-06-26,636.58666667,45122.51971245,,bitfinex
2016-06-27,646.91,46177.36715309,,bitfinex
2016-06-28,647.50666667,35578.38730736,,bitfinex
2016-06-29,635.94333333,33257.97319913,,bitfinex
2016-06-30,662.59333333,40248.02350751,,bitfinex
2016-07-01,677.66,41619.56329063,,bitfinex
2016-07-02,695.11666667,29202.5184462,,bitfinex
2016-07-03,670.12333333,44643.74663855,,bitfinex
2016-07-04,670.08,23524.41815461,,bitfinex
2016-07-05,668.6,17404.86098631,,bitfinex
2016-07-06,675.55,15922.73770485,,bitfinex
2016-07-07,644.20333333,75728.02667603,,bitfinex
2016-07-08,655.07,32848.48926483,,bitfinex
2016-07-09,644.18,46883.15867842,,bitfinex
2016-07-10,645.76,10274.8647221,,bitfinex
2016-07-11,651.31666667,13920.79217796,,bitfinex
2016-07-12,664.18,30215.611421,,bitfinex
2016-07-13,658.69333333,17511.79159831,,bitfinex
2016-07-14,659.05666667,20197.93077134,,bitfinex
2016-07-15,664.52,9472.16958394,,bitfinex
2016-07-16,664.7,5924.14414477,,bitfinex
2016-07-17,678.92333333,20414.443628,,bitfinex
2016-07-18,675.68666667,18078.66362509,,bitfinex
2016-07-19,672.86333333,10947.2977349,,bitfinex
2016-07-20,667.61666667,12852.46911207,,bitfinex
2016-07-21,662.66,10702.00559668,,bitfinex
2016-07-22,651.81666667,27841.92311271,,bitfinex
2016-07-23,652.04333333,10004.54716872,,bitfinex
2016-07-24,658.83,14018.78565407,,bitfinex
2016-07-25,654.93333333,14838.34110471,,bitfinex
2016-07-26,648.88,20359.80927161,,bitfinex
2016-07-27,654.91,13286.86440061,,bitfinex
2016-07-28,656.04,8880.20242111,,bitfinex
2016-07-29,657.79,9227.87150603,,bitfinex
2016-07-30,654.41333333,8090.96048464,,bitfinex
2016-07-31,633.08333333,33255.804679,,bitfinex
2016-08-01,613.55,31426.51603003,,bitfinex
2016-08-02,604.79666667,33013.96233754,,bitfinex
2016-08-03,,,0,none
2016-08-04,,,0,none
2016-08-05,,,0,none
2016-08-06,,,0,none
2016-08-07,,,0,none
2016-08-08,,,0,none
2016-08-09,,,0,none
2016-08-10,594.59333333,21352.11111853,,bitfinex
2016-08-11,591.87,15295.56242806,,bitfinex
2016-08-12,587.5,6287.98760026,,bitfinex
2016-08-13,585.25,6420.32283696,,bitfinex
2016-08-14,572.38666667,7530.30904219,,bitfinex
2016-08-15,567.79333333,7650.16951653,,bitfinex
2016-08-16,572.39,6221.58467139,,bitfinex
2016-08-17,573.11,5033.03121331,,bitfinex
2016-08-18,573.55666667,6000.6229885,,bitfinex
2016-08-19,573.86,2942.51726681,,bitfinex
2016-08-20,578.7,3326.81486245,,bitfinex
2016-08-21,581.89666667,2425.60721087,,bitfinex
2016-08-22,586.42666667,4623.22707838,,bitfinex
2016-08-23,585.11,4803.80673527,,bitfinex
2016-08-24,582.41,5052.56705987,,bitfinex
2016-08-25,577.45,3571.55271552,,bitfinex
2016-08-26,577.53,1769.10070238,,bitfinex
2016-08-27,571.59,2258.285485,,bitfinex
2016-08-28,572.29666667,1518.12951235,,bitfinex
2016-08-29,575.29666667,2800.79053777,,bitfinex
2016-08-30,577.94666667,3195.79981424,,bitfinex
2016-08-31,575.89666667,3511.25386186,,bitfinex
2016-09-01,574.04666667,3616.49453131,,bitfinex
2016-09-02,577.23,5670.91686647,,bitfinex
2016-09-03,600.31,8205.25257421,,bitfinex
2016-09-04,611.66666667,5061.10388377,,bitfinex
2016-09-05,610.34,5077.20791116,,bitfinex
2016-09-06,614.15333333,3089.90030138,,bitfinex
2016-09-07,617.14333333,5526.08815432,,bitfinex
2016-09-08,628.33666667,8271.43993824,,bitfinex
2016-09-09,627.1,4272.0667237,,bitfinex
2016-09-10,627.44333333,4044.14425778,,bitfinex
2016-09-11,614.14666667,9640.78154317,,bitfinex
2016-09-12,611.61333333,4972.78278704,,bitfinex
2016-09-13,621.41,7273.90802996,,bitfinex
2016-09-14,614.42333333,5932.2014428,,bitfinex
2016-09-15,613.58,4374.86124848,,bitfinex
2016-09-16,611.25666667,3703.33212784,,bitfinex
2016-09-17,607.8,3566.49931965,,bitfinex
2016-09-18,612.18333333,2932.95793227,,bitfinex
2016-09-19,611.14666667,2956.96640014,,bitfinex
2016-09-20,604.05333333,3414.85985074,,bitfinex
2016-09-21,596.53666667,7658.45169444,,bitfinex
2016-09-22,597.23333333,2333.42531112,,bitfinex
2016-09-23,601.07666667,1957.41100837,,bitfinex
2016-09-24,603.18333333,943.40330697,,bitfinex
2016-09-25,600.55,1385.71804476,,bitfinex
2016-09-26,606.36666667,3113.73087306,,bitfinex
2016-09-27,605.81666667,3196.8005667,,bitfinex
2016-09-28,604.2,2052.84259047,,bitfinex
2016-09-29,605.2,3144.33070204,,bitfinex
2016-09-30,609.45333333,2363.90769959,,bitfinex
2016-10-01,614.02,1900.06005168,,bitfinex
2016-10-02,599.43333333,4967.64168069,,bitfinex
2016-10-03,613.19333333,3284.72217779,,bitfinex
2016-10-04,611.57333333,4006.4969625,,bitfinex
2016-10-05,613.79,3411.1070412,,bitfinex
2016-10-06,614.03,3075.05759652,,bitfinex
2016-10-07,618.28,4853.35465297,,bitfinex
2016-10-08,620.42666667,3113.2366971,,bitfinex
2016-10-09,617.16,2735.93897282,,bitfinex
2016-10-10,618.26,3178.06655812,,bitfinex
2016-10-11,635.59666667,12434.74756907,,bitfinex
2016-10-12,639.53666667,3854.24778624,,bitfinex
2016-10-13,639.22666667,5009.93379241,,bitfinex
2016-10-14,641.70666667,6637.09071324,,bitfinex
2016-10-15,641.26666667,2402.26242554,,bitfinex
2016-10-16,643.26666667,2389.29065568,,bitfinex
2016-10-17,640.64333333,5018.0317722,,bitfinex
2016-10-18,637.86333333,6087.91173668,,bitfinex
2016-10-19,634.53666667,8991.46184485,,bitfinex
2016-10-20,631.35666667,3336.85339327,,bitfinex
2016-10-21,635.91,7218.71238716,,bitfinex
2016-10-22,657.41666667,10094.58498193,,bitfinex
2016-10-23,662.15666667,5729.98352418,,bitfinex
2016-10-24,656.02333333,5695.45023816,,bitfinex
2016-10-25,660.70666667,5525.77069839,,bitfinex
2016-10-26,674.33333333,11694.7207574,,bitfinex
2016-10-27,685.42666667,12929.47408695,,bitfinex
2016-10-28,689.96333333,10104.62725742,,bitfinex
2016-10-29,709.97666667,15281.35978463,,bitfinex
2016-10-30,705.39,12196.45481239,,bitfinex
2016-10-31,699.20666667,8567.85971694,,bitfinex
2016-11-01,727.38666667,22309.54256132,,bitfinex
2016-11-02,741.97,9392.42912698,,bitfinex
2016-11-03,707.72333333,28203.16502613,,bitfinex
2016-11-04,701.64666667,14558.28565553,,bitfinex
2016-11-05,707.86333333,6022.25996563,,bitfinex
2016-11-06,711.85666667,7163.32896867,,bitfinex
2016-11-07,706.45666667,3788.61245453,,bitfinex
2016-11-08,710.99333333,9870.58000188,,bitfinex
2016-11-09,725.36666667,15100.09957331,,bitfinex
2016-11-10,716.33333333,4457.54406507,,bitfinex
2016-11-11,715.87333333,4914.19872949,,bitfinex
2016-11-12,706.88666667,5914.20699191,,bitfinex
2016-11-13,699.23666667,8691.96006393,,bitfinex
2016-11-14,705.36666667,6011.54651731,,bitfinex
2016-11-15,713.20666667,7936.33043228,,bitfinex
2016-11-16,734.15666667,17948.50671428,,bitfinex
2016-11-17,746.50666667,14889.30874689,,bitfinex
2016-11-18,749.45333333,6962.71085661,,bitfinex
2016-11-19,750.96333333,6044.662876,,bitfinex
2016-11-20,732.61,13912.6238054,,bitfinex
2016-11-21,735.89,7200.7851153,,bitfinex
2016-11-22,745.67,9485.31653992,,bitfinex
2016-11-23,741.23333333,5581.25749339,,bitfinex
2016-11-24,736.51333333,6069.21753303,,bitfinex
2016-11-25,737.16,4062.25913716,,bitfinex
2016-11-26,730.72666667,4490.18685577,,bitfinex
2016-11-27,727.86333333,3495.31780063,,bitfinex
2016-11-28,730.5,4139.05898631,,bitfinex
2016-11-29,731.54,5649.69631816,,bitfinex
2016-11-30,737.04,5529.65195159,,bitfinex
2016-12-01,750.05333333,13400.31286407,,bitfinex
2016-12-02,769.74666667,13415.18994303,,bitfinex
2016-12-03,765.43666667,5730.44318638,,bitfinex
2016-12-04,765.77,4202.67589499,,bitfinex
2016-12-05,754.73666667,10067.87220188,,bitfinex
2016-12-06,755.43333333,5279.31102049,,bitfinex
2016-12-07,762.03,10694.95441679,,bitfinex
2016-12-08,766.95666667,4751.01944947,,bitfinex
2016-12-09,769.40666667,3651.76507059,,bitfinex
2016-12-10,773.55333333,3364.77600041,,bitfinex
2016-12-11,768.59333333,4144.9434301,,bitfinex
2016-12-12,777.73333333,6758.33976156,,bitfinex
2016-12-13,775.58666667,5581.84400278,,bitfinex
2016-12-14,775.6,3680.69569057,,bitfinex
2016-12-15,777.35,3184.82202996,,bitfinex
2016-12-16,781.69333333,4774.94217575,,bitfinex
2016-12-17,788.97333333,6201.33773511,,bitfinex
2016-12-18,789.12333333,2432.0011579,,bitfinex
2016-12-19,790.20333333,2153.17342051,,bitfinex
2016-12-20,796.06,6992.55928622,,bitfinex
2016-12-21,818.26333333,16218.64051022,,bitfinex
2016-12-22,852.73333333,15249.7644032,,bitfinex
2016-12-23,899.33,26032.6640387,,bitfinex
2016-12-24,899.21333333,7388.14310165,,bitfinex
2016-12-25,887.05666667,12044.63319326,,bitfinex
2016-12-26,906.87,11822.15680628,,bitfinex
2016-12-27,926.64666667,9187.2716467,,bitfinex
2016-12-28,966.87666667,20822.76642174,,bitfinex
2016-12-29,967.58,22557.8630825,,bitfinex
2016-12-30,954.36,19356.95874256,,bitfinex
2016-12-31,959.93,7156.02771718,,bitfinex
2017-01-01,988.91666667,13441.14897548,,bitfinex
2017-01-02,1016.13333333,21808.63450497,,bitfinex
2017-01-03,1030.33333333,14107.95571394,,bitfinex
2017-01-04,1108.66666667,53728.83876762,,bitfinex
2017-01-05,1006.66333333,91204.82486651,,bitfinex
2017-01-06,931.5,57405.1450472,,bitfinex
2017-01-07,878.03,40602.99825714,,bitfinex
2017-01-08,916.5,30742.59543249,,bitfinex
2017-01-09,898.23333333,16587.34368893,,bitfinex
2017-01-10,906.41333333,12138.62205226,,bitfinex
2017-01-11,821.06666667,62866.93940118,,bitfinex
2017-01-12,790.25333333,35912.53320486,,bitfinex
2017-01-13,812.04,25872.9606262,,bitfinex
2017-01-14,817.95666667,12532.91801594,,bitfinex
2017-01-15,816.25666667,5392.39823595,,bitfinex
2017-01-16,827.33666667,7652.41647063,,bitfinex
2017-01-17,880.93,27345.22656398,,bitfinex
2017-01-18,882.84666667,21304.10739962,,bitfinex
2017-01-19,897.93666667,15082.09728947,,bitfinex
2017-01-20,894.59666667,9494.96378276,,bitfinex
2017-01-21,916.30666667,12173.61851885,,bitfinex
2017-01-22,918.54,21843.96279593,,bitfinex
2017-01-23,914.46,9766.87832709,,bitfinex
2017-01-24,899.21333333,20709.83546724,,bitfinex
2017-01-25,892.38666667,10476.73117032,,bitfinex
2017-01-26,908.75,9821.49759912,,bitfinex
2017-01-27,914.62,10140.89977872,,bitfinex
2017-01-28,919.47666667,3614.96133848,,bitfinex
2017-01-29,915.42,2700.81599478,,bitfinex
2017-01-30,916.08333333,3459.90937732,,bitfinex
2017-01-31,950.78,19636.05164971,,bitfinex
2017-02-01,976.27666667,11349.86242647,,bitfinex
2017-02-02,995.9,17790.55876914,,bitfinex
2017-02-03,1007.43666667,18970.00291973,,bitfinex
2017-02-04,1024.23333333,17193.35830428,,bitfinex
2017-02-05,1011.56666667,16188.32220713,,bitfinex
2017-02-06,1018.3,8898.68443426,,bitfinex
2017-02-07,1043.4,15185.97338083,,bitfinex
2017-02-08,1041.76666667,23087.43181503,,bitfinex
2017-02-09,999.77,59960.08008763,,bitfinex
2017-02-10,981.12,24479.88642939,,bitfinex
2017-02-11,997.70333333,9333.99287,,bitfinex
2017-02-12,998.04666667,4334.14418189,,bitfinex
2017-02-13,991.84,9050.85229559,,bitfinex
2017-02-14,1006.96666667,12201.41659023,,bitfinex
2017-02-15,1011.46666667,5612.05335299,,bitfinex
2017-02-16,1032.73333333,11260.04584229,,bitfinex
2017-02-17,1052.23333333,16170.48965152,,bitfinex
2017-02-18,1061.3,7148.61940527,,bitfinex
2017-02-19,1055.73333333,6437.65012328,,bitfinex
2017-02-20,1080.43333333,13291.40598501,,bitfinex
2017-02-21,1116.2,24501.72301054,,bitfinex
2017-02-22,1123.96666667,14325.96464901,,bitfinex
2017-02-23,1167.76666667,26155.64694995,,bitfinex
2017-02-24,1172.6,48194.73428838,,bitfinex
2017-02-25,1158.06666667,16284.70208363,,bitfinex
2017-02-26,1165.03333333,11081.04641653,,bitfinex
2017-02-27,1189.83333333,11761.46289493,,bitfinex
2017-02-28,1193.9,17472.57654792,,bitfinex
2017-03-01,1218.53333333,22515.14373915,,bitfinex
2017-03-02,1251.96666667,30567.99575896,,bitfinex
2017-03-03,1280.03333333,22291.04174637,,bitfinex
2017-03-04,1266.56666667,15548.98973312,,bitfinex
2017-03-05,1267.76666667,9315.37985801,,bitfinex
2017-03-06,1278.33333333,9601.0336208,,bitfinex
2017-03-07,1233.13333333,42010.77345782,,bitfinex
2017-03-08,1178.56666667,46839.64626745,,bitfinex
2017-03-09,1178,24142.69864558,,bitfinex
2017-03-10,1137.93333333,104909.77170613,,bitfinex
2017-03-11,1156.73333333,31258.1893225,,bitfinex
2017-03-12,1207.96666667,18976.8181757,,bitfinex
2017-03-13,1230.83333333,23066.99795587,,bitfinex
2017-03-14,1240.9,17971.76324106,,bitfinex
2017-03-15,1253.7,15839.62474154,,bitfinex
2017-03-16,1186.93333333,51470.95183399,,bitfinex
2017-03-17,1101.73333333,59231.71537089,,bitfinex
2017-03-18,1001.50666667,87862.73760004,,bitfinex
2017-03-19,1014.96666667,40547.80017336,,bitfinex
2017-03-20,1035.23333333,20542.76197018,,bitfinex
2017-03-21,1092.4,33405.34520081,,bitfinex
2017-03-22,1046.88333333,41325.11952863,,bitfinex
2017-03-23,1035.23333333,19321.73705224,,bitfinex
2017-03-24,968.24333333,43525.11623355,,bitfinex
2017-03-25,947.12333333,46012.43192404,,bitfinex
2017-03-26,975,33261.23717014,,bitfinex
2017-03-27,1016.56666667,31918.34553246,,bitfinex
2017-03-28,1043.26666667,25249.28777688,,bitfinex
2017-03-29,1036.43333333,22321.19137681,,bitfinex
2017-03-30,1038.63333333,24804.75744172,,bitfinex
2017-03-31,1068.63333333,27501.30773207,,bitfinex
2017-04-01,1090.13333333,16999.27798784,,bitfinex
2017-04-02,1102.2,20419.58344985,,bitfinex
2017-04-03,1139.16666667,30421.87752093,,bitfinex
2017-04-04,1145.13333333,21160.72292204,,bitfinex
2017-04-05,1132.76666667,22550.24327963,,bitfinex
2017-04-06,1179.4,32172.3977499,,bitfinex
2017-04-07,1194.1,20436.90678347,,bitfinex
2017-04-08,1187.33333333,11020.46100271,,bitfinex
2017-04-09,1207.4,16311.4410083,,bitfinex
2017-04-10,1219.4,11550.76844005,,bitfinex
2017-04-11,1229.8,9556.43937579,,bitfinex
2017-04-12,1230.9,12009.36822367,,bitfinex
2017-04-13,1195.16666667,19137.280504,,bitfinex
2017-04-14,1203.33333333,12312.66932657,,bitfinex
2017-04-15,1199.43333333,9146.27230828,,bitfinex
2017-04-16,1206.56666667,4501.30140112,,bitfinex
2017-04-17,1229.66666667,15156.76221152,,bitfinex
2017-04-18,1259.06666667,16135.94720927,,bitfinex
2017-04-19,1262.26666667,7585.47446029,,bitfinex
2017-04-20,1298.43333333,15619.65294287,,bitfinex
2017-04-21,1322.36666667,7996.0628207,,bitfinex
2017-04-22,1330.43333333,12373.81020486,,bitfinex
2017-04-23,1350.06666667,7747.28495256,,bitfinex
2017-04-24,1343.2,7914.95740395,,bitfinex
2017-04-25,1363.9,8274.25031814,,bitfinex
2017-04-26,1391.33333333,11805.38500428,,bitfinex
2017-04-27,1427.5,10395.02292187,,bitfinex
2017-04-28,1409.53333333,14015.43950939,,bitfinex
2017-04-29,1421.06666667,8767.24728441,,bitfinex
2017-04-30,1426.26666667,8518.9989198,,bitfinex
2017-05-01,1508.33333333,22304.38776047,,bitfinex
2017-05-02,1545.36666667,16733.9475974,,bitfinex
2017-05-03,1595.96666667,17068.49027999,,bitfinex
2017-05-04,1609.36666667,31487.73394596,,bitfinex
2017-05-05,1572,32641.02704637,,bitfinex
2017-05-06,1580.73333333,14017.3669,,bitfinex
2017-05-07,1609.16666667,13909.04677547,,bitfinex
2017-05-08,1679.13333333,19909.47185591,,bitfinex
2017-05-09,1756.7,31202.81048677,,bitfinex
2017-05-10,1778.86666667,18622.84844555,,bitfinex
2017-05-11,1841.86666667,24389.69494191,,bitfinex
2017-05-12,1766.66666667,21397.59752421,,bitfinex
2017-05-13,1770.16666667,16604.1258002,,bitfinex
2017-05-14,1818.3,11331.54939494,,bitfinex
2017-05-15,1773.8,15744.12619515,,bitfinex
2017-05-16,1769.76666667,9553.87684399,,bitfinex
2017-05-17,1843.43333333,15843.52866569,,bitfinex
2017-05-18,1919.03333333,12907.31444238,,bitfinex
2017-05-19,1963.83333333,23001.54277259,,bitfinex
2017-05-20,2031.46666667,21690.02239317,,bitfinex
2017-05-21,2041.93333333,17221.8786751,,bitfinex
2017-05-22,2095.83333333,57242.11459685,,bitfinex
2017-05-23,2191.26666667,22521.55913805,,bitfinex
2017-05-24,2362.16666667,29621.02784304,,bitfinex
2017-05-25,2366.4,55155.58771399,,bitfinex
2017-05-26,2203.3,39695.54803574,,bitfinex
2017-05-27,2000.33333333,47142.41211278,,bitfinex
2017-05-28,2067.1,25758.38871188,,bitfinex
2017-05-29,2149.06666667,16457.50196129,,bitfinex
2017-05-30,2163.93333333,21448.63349515,,bitfinex
2017-05-31,2144.26666667,21235.80538279,,bitfinex
2017-06-01,2289.16666667,18959.51293368,,bitfinex
2017-06-02,2358.9,12549.64323152,,bitfinex
2017-06-03,2429.93333333,10767.98190593,,bitfinex
2017-06-04,2450.4,11880.38342039,,bitfinex
2017-06-05,2588.8,15390.90318474,,bitfinex
2017-06-06,2788.1,42687.66878995,,bitfinex
2017-06-07,2698.03333333,22094.39852705,,bitfinex
2017-06-08,2699.33333333,16977.81608895,,bitfinex
2017-06-09,2807.56666667,9521.11676705,,bitfinex
2017-06-10,2802.53333333,16167.31572508,,bitfinex
2017-06-11,2912.73333333,19034.13681498,,bitfinex
2017-06-12,2605.4,48340.94768842,,bitfinex
2017-06-13,2645.06666667,23172.05888392,,bitfinex
2017-06-14,2465.57426082,34717.77383967,,bitfinex
2017-06-15,2292.83333333,55839.12799374,,bitfinex
2017-06-16,2394.1,22402.38792853,,bitfinex
2017-06-17,2538.36666667,16637.61754264,,bitfinex
2017-06-18,2517.13333333,19988.15666217,,bitfinex
2017-06-19,2551.96666667,13719.30250362,,bitfinex
2017-06-20,2687.56666667,20548.87916909,,bitfinex
2017-06-21,2652.23333333,24534.64225948,,bitfinex
2017-06-22,2645.53333333,15181.54910803,,bitfinex
2017-06-23,2684.3,8139.41274551,,bitfinex
2017-06-24,2551.82306895,16770.84545232,,bitfinex
2017-06-25,2482.2,18137.88200398,,bitfinex
2017-06-26,2387.56666667,36367.69575763,,bitfinex
2017-06-27,2417.66666667,33486.18233724,,bitfinex
2017-06-28,2496.06666667,21827.31364705,,bitfinex
2017-06-29,2478.06666667,12961.9523678,,bitfinex
2017-06-30,2445.23333333,10401.10293533,,bitfinex
2017-07-01,2359.4,15078.96351787,,bitfinex
2017-07-02,2407.8,12034.38846849,,bitfinex
2017-07-03,2509.2,16140.02672285,,bitfinex
2017-07-04,2573.16666667,15748.26775488,,bitfinex
2017-07-05,2565.16666667,13534.22090134,,bitfinex
2017-07-06,2582.1,9831.80500857,,bitfinex
2017-07-07,2508.36666667,17684.0187603,,bitfinex
2017-07-08,2506.9,9695.56666625,,bitfinex
2017-07-09,2501.46666667,7783.15800355,,bitfinex
2017-07-10,2351.6,28087.99805426,,bitfinex
2017-07-11,2280.26666667,33052.1904417,,bitfinex
2017-07-12,2320.86666667,21670.26048445,,bitfinex
2017-07-13,2341.06666667,18420.25303352,,bitfinex
2017-07-14,2230.03333333,27737.40511138,,bitfinex
2017-07-15,2054.6,41756.10334064,,bitfinex
2017-07-16,1934.1,53021.70937327,,bitfinex
2017-07-17,2122.23333333,40491.97402145,,bitfinex
2017-07-18,2274,44173.71437714,,bitfinex
2017-07-19,2289.1,35723.08734982,,bitfinex
2017-07-20,2680.13333333,83576.70120792,,bitfinex
2017-07-21,2721.33333333,57421.33484214,,bitfinex
2017-07-22,2801.5,35233.48963492,,bitfinex
2017-07-23,2760.86666667,35184.98212472,,bitfinex
2017-07-24,2762.93333333,20704.17808636,,bitfinex
2017-07-25,2589.33333333,56100.38383885,,bitfinex
2017-07-26,2514.57937332,34182.49178777,,bitfinex
2017-07-27,2619.26666667,31351.53802505,,bitfinex
2017-07-28,2753.43333333,40535.16793338,,bitfinex
2017-07-29,2723.1,24269.79377942,,bitfinex
2017-07-30,2697.03333333,34957.05960447,,bitfinex
2017-07-31,2810.73333333,27572.20108312,,bitfinex
2017-08-01,2745.83333333,42307.80919837,,bitfinex
2017-08-02,2690,23762.21734343,,bitfinex
2017-08-03,2769.43333333,16855.03770022,,bitfinex
2017-08-04,2832.7,18994.72100108,,bitfinex
2017-08-05,3148.36666667,50558.24084609,,bitfinex
2017-08-06,3234.46666667,16949.87411874,,bitfinex
2017-08-07,3342,24533.43663551,,bitfinex
2017-08-08,3412.93333333,31720.31264697,,bitfinex
2017-08-09,3335.16666667,26260.31204254,,bitfinex
2017-08-10,3387.33333333,19129.99938696,,bitfinex
2017-08-11,3572.8,26420.38188547,,bitfinex
2017-08-12,3808.6,37660.6403351,,bitfinex
2017-08-13,4028.6,48212.99471929,,bitfinex
2017-08-14,4200.7,34185.63060683,,bitfinex
2017-08-15,4138.1,64111.03447992,,bitfinex
2017-08-16,4238.83333333,35292.3092464,,bitfinex
2017-08-17,4344.80087121,795.150377,3427,binance
2017-08-18,4239.52667827,1199.888264,5233,binance
2017-08-19,4063.58264533,381.309763,2153,binance
2017-08-20,4132.80787227,467.083022,2321,binance
2017-08-21,4043.74380572,691.74306,3972,binance
2017-08-22,3881.82947223,966.684858,6494,binance
2017-08-23,4143.97656709,1001.136565,8629,binance
2017-08-24,4186.43371218,787.418753,6247,binance
2017-08-25,4331.55886559,573.61274,6554,binance
2017-08-26,4286.85290225,228.108068,2260,binance
2017-08-27,4338.78595416,350.692585,3670,binance
2017-08-28,4291.95414348,603.841616,4349,binance
2017-08-29,4444.54615875,603.545028,4159,binance
2017-08-30,4556.40937386,808.468771,5551,binance
2017-08-31,4632.09842262,556.956802,4161,binance
2017-09-01,4753.56775592,560.666366,4000,binance
2017-09-02,4582.39292157,929.148595,7475,binance
2017-09-03,4515.30615361,691.216198,6022,binance
2017-09-04,4237.60105676,1394.644614,9317,binance
2017-09-05,4136.45972159,1228.938157,10084,binance
2017-09-06,4491.58903065,807.363726,7956,binance
2017-09-07,4607.62794312,500.429975,3070,binance
2017-09-08,4298.08393752,1132.255046,4733,binance
2017-09-09,4273.61311816,658.782952,3777,binance
2017-09-10,4089.15973802,660.373275,3435,binance
2017-09-11,4224.12707619,699.989065,4228,binance
2017-09-12,4234.95023173,879.630319,6501,binance
2017-09-13,3908.60681181,913.462545,5019,binance
2017-09-14,3552.0629925,1665.021543,9066,binance
2017-09-15,3346.47738354,1968.866492,10445,binance
2017-09-16,3702.9991748,1297.563953,8809,binance
2017-09-17,3615.64698486,682.17121,6355,binance
2017-09-18,3950.49277352,1030.006455,8220,binance
2017-09-19,3943.46503142,902.332129,7342,binance
2017-09-20,3938.75197312,720.935076,7231,binance
2017-09-21,3750.83887564,1001.654084,8714,binance
2017-09-22,3613.69816787,838.966425,8152,binance
2017-09-23,3719.09379711,752.792791,8402,binance
2017-09-24,3696.57484559,661.63639,8724,binance
2017-09-25,3824.43828707,727.994713,9740,binance
2017-09-26,3913.20687253,526.727987,7971,binance
2017-09-27,4066.77473609,628.170966,8373,binance
2017-09-28,4181.26645147,849.785325,11426,binance
2017-09-29,4101.42116265,1602.309565,14834,binance
2017-09-30,4287.27806544,720.353183,9324,binance
2017-10-01,4315.4066105,726.963685,9816,binance
2017-10-02,4430.42604334,655.756974,8185,binance
2017-10-03,4275.45227789,1082.323563,12379,binance
2017-10-04,4233.23297196,868.465101,11006,binance
2017-10-05,4229.71299747,779.138638,9158,binance
2017-10-06,4367.04385246,506.529176,6546,binance
2017-10-07,4376.82848341,297.5975,4804,binance
2017-10-08,4527.53808637,518.462004,7580,binance
2017-10-09,4703.29813522,646.463145,10372,binance
2017-10-10,4835.29388863,1043.221773,11967,binance
2017-10-11,4790.41689666,753.429396,5895,binance
2017-10-12,5216.37938476,1276.701482,8030,binance
2017-10-13,5637.40004046,1879.82762,11663,binance
2017-10-14,5700.66538014,970.759046,6259,binance
2017-10-15,5622.26928231,1343.523375,7452,binance
2017-10-16,5691.25894782,1528.996462,9153,binance
2017-10-17,5624.05381484,1429.869376,9755,binance
2017-10-18,5374.44407352,2317.804373,14824,binance
2017-10-19,5638.1166666,1881.722107,11553,binance
2017-10-20,5821.93857707,1972.97722,11656,binance
2017-10-21,6077.49485435,1664.307693,10182,binance
2017-10-22,5899.31818049,1362.092216,8846,binance
2017-10-23,5852.05695407,1812.557715,10736,binance
2017-10-24,5644.23729854,2580.418767,13075,binance
2017-10-25,5495.34577076,2282.813205,12026,binance
2017-10-26,5786.78361354,1972.965882,11429,binance
2017-10-27,5818.21785757,1403.706416,8305,binance
2017-10-28,5723.94812223,1276.754412,8556,binance
2017-10-29,5884.9158215,1804.778173,10651,binance
2017-10-30,6127.63702418,1473.687043,9027,binance
2017-10-31,6275.82894993,1511.774925,12503,binance
2017-11-01,6535.61220438,1675.615188,16775,binance
2017-11-02,6937.58043786,2503.610803,20222,binance
2017-11-03,7197.71032441,1891.497592,15375,binance
2017-11-04,7193.10864598,1399.191767,13395,binance
2017-11-05,7451.69974522,1207.83233,11090,binance
2017-11-06,7188.53440912,1763.019261,13525,binance
2017-11-07,7063.49958475,1440.259494,13132,binance
2017-11-08,7260.49494968,2822.298802,24381,binance
2017-11-09,7211.53263778,1913.398308,13818,binance
2017-11-10,6785.05463831,3254.704105,18889,binance
2017-11-11,6419.91228427,2754.156861,17840,binance
2017-11-12,5979.99594408,4968.483069,31069,binance
2017-11-13,6294.012365,2621.243039,16165,binance
2017-11-14,6512.61948017,1254.292531,10476,binance
2017-11-15,6993.78825142,1779.605845,10313,binance
2017-11-16,7504.24606209,2331.95675,14961,binance
2017-11-17,7790.30844843,3982.395925,22012,binance
2017-11-18,7671.33385969,3954.266477,18383,binance
2017-11-19,7840.69471204,3867.340444,14897,binance
2017-11-20,8121.97200994,3886.634348,20101,binance
2017-11-21,8158.25933879,4544.474016,20798,binance
2017-11-22,8215.5237127,3545.00571,14752,binance
2017-11-23,8158.54641057,4093.952687,16625,binance
2017-11-24,8123.74833615,4411.789112,19754,binance
2017-11-25,8408.14566456,4292.623682,18632,binance
2017-11-26,8954.69711412,4147.380237,19268,binance
2017-11-27,9501.24307846,4521.625707,22806,binance
2017-11-28,9809.55346533,4917.210985,18923,binance
2017-11-29,10183.54414542,13352.538715,47894,binance
2017-11-30,9737.4919392,9389.574329,41153,binance
2017-12-01,10148.56929074,6134.923633,32375,binance
2017-12-02,10921.69715578,4765.439757,29694,binance
2017-12-03,11287.60259322,5346.636524,39335,binance
2017-12-04,11325.36506976,4663.424562,32232,binance
2017-12-05,11659.94906689,5550.732055,31317,binance
2017-12-06,12583.51255088,6707.946319,40196,binance
2017-12-07,14632.61173462,7487.065695,57541,binance
2017-12-08,15440.68871398,17589.013136,84727,binance
2017-12-09,14755.09976185,13918.758687,66738,binance
2017-12-10,14122.36081022,16553.037173,80669,binance
2017-12-11,16331.52001011,11820.401762,71373,binance
2017-12-12,16500.95088532,9436.802411,76032,binance
2017-12-13,15847.65331727,12416.328801,83847,binance
2017-12-14,16019.16358039,11616.867151,86150,binance
2017-12-15,17406.04898259,9181.273947,85478,binance
2017-12-16,18153.80959105,4202.628709,51777,binance
2017-12-17,19163.55281936,9177.183434,84581,binance
2017-12-18,18479.62601938,10624.633071,91956,binance
2017-12-19,17621.30517111,13210.74822,116569,binance
2017-12-20,16445.03526902,13450.496693,129762,binance
2017-12-21,15753.46398655,20324.2173,117731,binance
2017-12-22,13236.12222566,36076.271175,243261,binance
2017-12-23,14059.21232585,13141.538875,135005,binance
2017-12-24,12806.06290973,28557.534988,173557,binance
2017-12-25,13534.21690569,15748.207607,116416,binance
2017-12-26,14955.01798518,15034.668104,133133,binance
2017-12-27,15456.68605723,14959.864723,142202,binance
2017-12-28,13970.1266944,21717.858014,178032,binance
2017-12-29,14437.33466383,18072.008116,142100,binance
2017-12-30,12892.24890871,19221.158039,190204,binance
2017-12-31,13194.27487727,11768.989718,138893,binance
2018-01-01,13333.4343241,8609.915844,105595,binance
2018-01-02,13931.45852142,20078.092111,177728,binance
2018-01-03,14844.82598877,15905.667639,162787,binance
2018-01-04,14664.16889378,21329.649574,170310,binance
2018-01-05,15883.79663486,23251.491125,192969,binance
2018-01-06,16650.11595634,18571.457508,158242,binance
2018-01-07,16504.65333222,12493.125558,120269,binance
2018-01-08,14908.30467682,26600.609912,208642,binance
2018-01-09,14713.94515398,14315.004253,156656,binance
2018-01-10,14014.78051626,17411.001655,161476,binance
2018-01-11,13309.23174954,33554.723751,239416,binance
2018-01-12,13553.86968921,16417.162137,134452,binance
2018-01-13,14162.44878047,12221.508528,123639,binance
2018-01-14,13311.00668215,17017.894329,152364,binance
2018-01-15,13691.86854013,14652.094705,145362,binance
2018-01-16,11390.18156205,63401.169175,418243,binance
2018-01-17,10288.06437331,72331.796646,517293,binance
2018-01-18,11168.80068368,48464.434937,393112,binance
2018-01-19,11215.36783211,34129.375421,273271,binance
2018-01-20,12463.51558123,28768.857827,251647,binance
2018-01-21,11727.69183202,41379.773426,360207,binance
2018-01-22,10872.87247777,43752.606791,363264,binance
2018-01-23,10658.59632598,37473.922552,355286,binance
2018-01-24,11026.73710631,27158.587762,293429,binance
2018-01-25,11328.30537441,20839.954183,221040,binance
2018-01-26,10904.91776142,33056.87196,314720,binance
2018-01-27,11275.42609312,18860.768345,207478,binance
2018-01-28,11855.72082914,16887.339524,206247,binance
2018-01-29,11440.07309926,14170.377538,169199,binance
2018-01-30,10525.72606955,25554.372946,259212,binance
2018-01-31,10082.40689513,18015.956805,201422,binance
2018-02-01,9463.38675408,33564.764311,316020,binance
2018-02-02,8689.6607133,49971.626975,453411,binance
2018-02-03,8941.15657052,28725.000735,327519,binance
2018-02-04,8587.16935458,32014.308449,356134,binance
2018-02-05,7431.27079033,63403.182579,533510,binance
2018-02-06,6829.88053342,100201.500307,785996,binance
2018-02-07,7863.55947327,60778.460497,514893,binance
2018-02-08,7735.70776387,1521.537318,12417,binance
2018-02-09,8463.0778942,20482.910825,273091,binance
2018-02-10,8574.29023907,49381.512653,537578,binance
2018-02-11,8150.24776001,45025.187952,524626,binance
2018-02-12,8632.04052517,41987.85049,477660,binance
2018-02-13,8607.11821937,35454.972956,401893,binance
2018-02-14,9069.07576647,40811.952867,514897,binance
2018-02-15,9773.25906273,52427.596715,608349,binance
2018-02-16,9986.66812269,38161.205974,405310,binance
2018-02-17,10649.24172,41882.108407,413585,binance
2018-02-18,10622.36071577,61137.380728,537534,binance
2018-02-19,10868.26257485,40831.417131,366882,binance
2018-02-20,11454.51319848,48153.354288,432197,binance
2018-02-21,10739.92243974,68113.818754,542340,binance
2018-02-22,10170.06681668,67060.166483,506273,binance
2018-02-23,9996.04441364,57202.70237,467480,binance
2018-02-24,9920.19751837,40888.156299,337918,binance
2018-02-25,9561.26071799,28373.517586,233567,binance
2018-02-26,9964.91606312,34878.292756,285276,binance
2018-02-27,10561.51453051,30705.385123,240542,binance
2018-02-28,10646.2409919,30800.983782,277886,binance
2018-03-01,10687.33522021,25092.55393,230428,binance
2018-03-02,10996.59131904,23910.71009,211691,binance
2018-03-03,11356.59121361,21287.15328,190444,binance
2018-03-04,11265.63919698,17295.918653,168359,binance
2018-03-05,11546.76990008,15144.231063,164318,binance
2018-03-06,10971.91044327,29515.572363,250306,binance
2018-03-07,10164.49567197,50647.67108,396721,binance
2018-03-08,9599.76496096,41109.473226,336514,binance
2018-03-09,8845.15104182,64112.291407,462712,binance
2018-03-10,9177.24933897,37180.012857,288066,binance
2018-03-11,9102.81783129,44325.973386,333367,binance
2018-03-12,9366.6929963,42230.77793,336642,binance
2018-03-13,9140.11204338,40191.409358,342734,binance
2018-03-14,8571.19986999,49708.094108,399127,binance
2018-03-15,8072.71877832,52291.022277,400529,binance
2018-03-16,8304.8202519,38815.409893,255807,binance
2018-03-17,8032.96448759,33110.206329,292041,binance
2018-03-18,7704.24200446,59488.231711,423336,binance
2018-03-19,8366.70394954,55297.084942,360414,binance
2018-03-20,8645.45811832,44865.105835,298261,binance
2018-03-21,8960.11811241,39972.405371,293696,binance
2018-03-22,8735.24055156,40617.556809,276449,binance
2018-03-23,8520.80536181,39991.007666,278571,binance
2018-03-24,8832.38724212,35466.609572,270300,binance
2018-03-25,8517.52076283,29001.769316,215660,binance
2018-03-26,8139.91575071,44033.59566,310462,binance
2018-03-27,7951.59920396,37427.64805,266540,binance
2018-03-28,7923.31598261,26401.33167,183620,binance
2018-03-29,7425.56505515,54620.915125,359537,binance
2018-03-30,6896.02469396,65306.031976,400057,binance
2018-03-31,7007.09984366,36868.539087,240293,binance
2018-04-01,6749.73550199,44071.430463,260942,binance
2018-04-02,6983.1039558,32123.560072,206780,binance
2018-04-03,7332.61808872,37787.331811,248143,binance
2018-04-04,7043.88869802,42227.183804,277249,binance
2018-04-05,6749.90401618,39029.73146,238476,binance
2018-04-06,6634.11840211,27455.01192,162456,binance
2018-04-07,6889.5806974,32269.578267,178577,binance
2018-04-08,6998.76955878,21427.673165,152461,binance
2018-04-09,6875.63560861,34078.297206,212669,binance
2018-04-10,6781.90927135,22326.728095,147755,binance
2018-04-11,6886.61099119,23997.871177,155607,binance
2018-04-12,7480.17752426,64861.595987,404588,binance
2018-04-13,7991.43125519,55044.523148,351905,binance
2018-04-14,7996.78920287,31621.286357,194500,binance
2018-04-15,8240.21909997,27946.720444,181778,binance
2018-04-16,8068.32244141,36664.069715,226748,binance
2018-04-17,8031.13082384,32152.603567,221228,binance
2018-04-18,8070.33261951,26969.04457,183472,binance
2018-04-19,8212.59712714,27113.847464,196821,binance
2018-04-20,8475.58035041,39795.337485,289687,binance
2018-04-21,8781.41415096,40872.229909,295374,binance
2018-04-22,8887.30124775,29458.25348,229871,binance
2018-04-23,8892.08222753,25838.114709,190944,binance
2018-04-24,9319.67417074,46268.790106,326608,binance
2018-04-25,9186.75154294,81110.037589,477363,binance
2018-04-26,8892.46980712,43300.304245,285850,binance
2018-04-27,9204.97516431,37241.347036,268471,binance
2018-04-28,9253.66238999,34759.62842,257288,binance
2018-04-29,9357.96328521,38149.850035,311494,binance
2018-04-30,9285.72866396,35002.033875,285951,binance
2018-05-01,8988.35102456,41018.463633,268741,binance
2018-05-02,9126.70325719,26123.543961,188258,binance
2018-05-03,9441.41300144,38768.388288,282581,binance
2018-05-04,9677.49725457,28681.588879,210165,binance
2018-05-05,9876.24579139,24990.018345,212076,binance
2018-05-06,9655.32776765,27690.351559,229309,binance
2018-05-07,9353.00486597,33787.640012,230754,binance
2018-05-08,9259.01590935,25533.831889,189159,binance
2018-05-09,9182.09646769,25673.524899,192337,binance
2018-05-10,9243.44097474,25055.063718,221075,binance
2018-05-11,8685.16368557,48227.048061,365538,binance
2018-05-12,8396.8383507,40241.32081,310305,binance
2018-05-13,8561.49500788,25632.869362,215590,binance
2018-05-14,8574.1233329,37389.666533,292731,binance
2018-05-15,8615.9707396,28126.956136,360379,binance
2018-05-16,8257.32785644,31130.718908,300842,binance
2018-05-17,8234.68228663,25439.844799,310780,binance
2018-05-18,8087.79608775,23476.158251,183913,binance
2018-05-19,8251.92080016,17193.424276,134185,binance
2018-05-20,8390.04232111,19957.057109,161265,binance
2018-05-21,8446.99927052,21516.596486,184158,binance
2018-05-22,8196.0368022,23710.902858,192154,binance
2018-05-23,7719.24732341,42910.666774,306812,binance
2018-05-24,7511.77232892,37845.446595,253694,binance
2018-05-25,7470.07890322,26739.95664,239025,binance
2018-05-26,7482.30489363,19464.086071,212344,binance
2018-05-27,7308.01393463,18706.945515,198341,binance
2018-05-28,7229.7226454,27219.438963,233392,binance
2018-05-29,7310.09961211,39407.21183,237359,binance
2018-05-30,7426.50228682,32041.583623,242079,binance
2018-05-31,7506.40454136,30776.063102,274399,binance
2018-06-01,7482.84028689,28259.124078,303069,binance
2018-06-02,7610.97284628,26720.690219,290131,binance
2018-06-03,7698.09682724,27505.158951,349636,binance
2018-06-04,7568.9977743,32258.835115,307003,binance
2018-06-05,7493.69060633,31722.973384,236865,binance
2018-06-06,7602.15642207,27229.991898,257573,binance
2018-06-07,7698.79928415,25062.227202,244186,binance
2018-06-08,7616.60239103,23396.804671,321734,binance
2018-06-09,7609.72219191,19339.885176,278971,binance
2018-06-10,7018.04695995,52342.020032,471088,binance
2018-06-11,6745.06795882,34552.162303,203442,binance
2018-06-12,6693.16451351,36722.211191,224658,binance
2018-06-13,6395.85077346,46185.5181,266517,binance
2018-06-14,6499.25712579,44478.130837,256384,binance
2018-06-15,6535.74321977,30018.329905,184938,binance
2018-06-16,6453.22429045,22277.241147,140470,binance
2018-06-17,6505.72415847,19847.247688,129759,binance
2018-06-18,6554.40095623,31821.434995,180773,binance
2018-06-19,6721.94738567,24311.421143,160490,binance
2018-06-20,6674.39256006,26359.752452,166074,binance
2018-06-21,6730.53763701,25428.854048,159783,binance
2018-06-22,6278.32004729,52157.370833,300515,binance
2018-06-23,6113.40037882,26622.788589,170164,binance
2018-06-24,5987.76171469,47445.998955,275996,binance
2018-06-25,6201.01931318,39164.515306,218384,binance
2018-06-26,6176.14028496,19377.240484,113431,binance
2018-06-27,6090.97134798,19225.671098,99481,binance
2018-06-28,6056.74022001,30585.266026,156241,binance
2018-06-29,5939.30163324,33911.287278,212542,binance
2018-06-30,6370.54415746,37919.61284,230915,binance
2018-07-01,6352.60013962,27562.965974,183060,binance
2018-07-02,6500.72841853,36230.452264,242589,binance
2018-07-03,6584.71404729,38657.781691,232914,binance
2018-07-04,6629.84028515,23571.892777,146203,binance
2018-07-05,6581.01530184,35071.972898,216533,binance
2018-07-06,6539.11229405,29397.094748,193854,binance
2018-07-07,6591.93153987,23973.876886,145449,binance
2018-07-08,6739.29674004,24622.947794,145349,binance
2018-07-09,6705.36613796,26732.40655,147315,binance
2018-07-10,6459.94332399,38560.672702,189913,binance
2018-07-11,6350.48940943,28715.498487,151869,binance
2018-07-12,6207.16847488,31306.663348,150985,binance
2018-07-13,6235.67664193,26375.325286,144757,binance
2018-07-14,6239.61305749,17783.071999,108052,binance
2018-07-15,6327.88564979,22979.211508,114997,binance
2018-07-16,6548.95504621,36204.87708,201733,binance
2018-07-17,6998.68230269,52105.423459,276178,binance
2018-07-18,7407.75542031,59487.64345,327949,binance
2018-07-19,7404.44423228,41218.256437,235597,binance
2018-07-20,7430.87047923,46140.313447,251391,binance
2018-07-21,7343.44723405,28886.490291,164901,binance
2018-07-22,7453.50534172,30270.21844,144711,binance
2018-07-23,7687.50616018,41646.346671,219776,binance
2018-07-24,8102.25852772,60121.163749,326329,binance
2018-07-25,8249.87882814,48257.649124,277935,binance
2018-07-26,8146.06306522,43223.481682,235681,binance
2018-07-27,8034.66028762,43671.005891,227397,binance
2018-07-28,8176.86040718,26215.173839,144170,binance
2018-07-29,8208.14564619,25531.226185,144331,binance
2018-07-30,8102.29787447,39692.416542,206911,binance
2018-07-31,7864.71273757,48296.915587,239132,binance
2018-08-01,7567.74463985,42582.312932,208008,binance
2018-08-02,7584.00098366,37665.696684,175627,binance
2018-08-03,7401.02174851,44669.486047,226727,binance
2018-08-04,7227.73055556,36288.42601,199335,binance
2018-08-05,6991.75187142,32894.849782,148658,binance
2018-08-06,6992.38220617,32760.191643,177378,binance
2018-08-07,6962.51123173,45438.473501,247202,binance
2018-08-08,6422.45729653,59550.536319,305603,binance
2018-08-09,6408.80450031,51941.185111,248573,binance
2018-08-10,6347.07445155,59034.974902,289661,binance
2018-08-11,6175.15716051,47133.418555,236173,binance
2018-08-12,6306.49099985,38567.770712,190399,binance
2018-08-13,6337.26766467,53895.828783,239602,binance
2018-08-14,6041.02847899,50186.745091,252004,binance
2018-08-15,6381.77805651,68806.687026,329413,binance
2018-08-16,6343.48119134,48515.254618,228942,binance
2018-08-17,6472.98193647,57851.610803,296730,binance
2018-08-18,6437.45916409,53742.322172,276121,binance
2018-08-19,6401.11808904,45190.847994,190758,binance
2018-08-20,6424.88880885,49435.55526,237055,binance
2018-08-21,6385.82339728,41569.947408,180578,binance
2018-08-22,6578.16950259,77909.391359,326562,binance
2018-08-23,6437.02142571,40358.166825,187637,binance
2018-08-24,6565.94779651,38305.675322,180167,binance
2018-08-25,6715.93676838,19220.505929,122483,binance
2018-08-26,6670.11229845,20107.297208,130769,binance
2018-08-27,6734.68619972,37747.078747,205441,binance
2018-08-28,6994.82687156,48352.917163,252033,binance
2018-08-29,7041.57048182,43252.487392,223772,binance
2018-08-30,6918.14714305,44716.77462,230848,binance
2018-08-31,6986.43168585,40467.400638,203142,binance
2018-09-01,7124.87655699,40323.414093,217286,binance
2018-09-02,7246.69535687,39814.840352,210282,binance
2018-09-03,7266.12754473,32396.018371,173846,binance
2018-09-04,7336.36578461,35300.640518,183178,binance
2018-09-05,7054.25223709,63715.256267,308813,binance
2018-09-06,6437.38776796,60644.464227,280845,binance
2018-09-07,6444.10306074,38906.28805,194451,binance
2018-09-08,6325.0331516,38215.032171,180831,binance
2018-09-09,6303.87894249,37053.92382,176709,binance
2018-09-10,6294.13598214,32439.456432,165286,binance
2018-09-11,6293.53118752,33104.88859,173335,binance
2018-09-12,6279.83178902,31433.645939,165590,binance
2018-09-13,6449.64186765,40465.063107,215637,binance
2018-09-14,6495.6946926,37173.339277,198375,binance
2018-09-15,6518.7798903,25243.656612,141362,binance
2018-09-16,6479.00530003,27568.132897,145921,binance
2018-09-17,6362.54980874,35987.254738,196924,binance
2018-09-18,6306.89342157,32620.86667,169055,binance
2018-09-19,6337.84594243,39044.080082,198215,binance
2018-09-20,6425.19007311,25189.024728,153686,binance
2018-09-21,6677.31413487,51779.343463,292494,binance
2018-09-22,6719.34410245,29349.690667,145720,binance
2018-09-23,6718.53911535,30286.229773,168354,binance
2018-09-24,6637.90080991,35305.73991,185297,binance
2018-09-25,6424.82845604,40301.029452,219965,binance
2018-09-26,6476.41155874,33484.54207,184238,binance
2018-09-27,6555.80878921,33087.428297,182590,binance
2018-09-28,6678.03467657,42399.448523,211849,binance
2018-09-29,6558.18905016,30255.9597,171027,binance
2018-09-30,6606.90842625,27764.724519,153447,binance
2018-10-01,6600.64551383,20621.506894,129733,binance
2018-10-02,6575.32893203,28245.810088,147274,binance
2018-10-03,6488.93425019,28451.969138,150607,binance
2018-10-04,6592.94098838,20074.300818,96824,binance
2018-10-05,6601.69408142,16096.552392,86701,binance
2018-10-06,6604.31526216,10939.505391,62065,binance
2018-10-07,6577.24991653,17406.831762,82844,binance
2018-10-08,6647.13980377,23123.419541,135156,binance
2018-10-09,6650.38443795,15354.779469,101956,binance
2018-10-10,6602.03469824,15390.661444,99789,binance
2018-10-11,6325.96879533,48712.400332,253224,binance
2018-10-12,6310.50276932,29004.071419,148077,binance
2018-10-13,6321.51054206,19098.070025,108981,binance
2018-10-14,6368.76396769,15627.411314,96113,binance
2018-10-15,6920.08958137,90748.031246,456913,binance
2018-10-16,6753.86666228,27557.957764,175075,binance
2018-10-17,6742.94600049,26641.431379,158746,binance
2018-10-18,6699.8341239,20116.521941,138002,binance
2018-10-19,6580.12047613,20772.60077,112337,binance
2018-10-20,6565.54342784,19240.722247,110809,binance
2018-10-21,6622.26127354,6515.357792,68018,binance
2018-10-22,6587.95141807,16213.69266,101673,binance
2018-10-23,6565.08663719,13856.601756,86938,binance
2018-10-24,6592.92365681,11951.543977,90762,binance
2018-10-25,6544.90000717,10342.701244,75563,binance
2018-10-26,6543.38546112,9443.504156,77985,binance
2018-10-27,6515.08554948,7776.907864,86848,binance
2018-10-28,6493.52151834,5743.933728,71647,binance
2018-10-29,6399.31200995,13827.224067,135586,binance
2018-10-30,6352.63321238,8877.175385,95116,binance
2018-10-31,6335.59934977,12148.888216,111552,binance
2018-11-01,6377.78417907,9099.035841,89601,binance
2018-11-02,6426.3883608,9739.440679,109482,binance
2018-11-03,6387.24651784,7661.241476,83836,binance
2018-11-04,6435.70916245,10592.394943,126200,binance
2018-11-05,6467.28696821,8987.882156,114235,binance
2018-11-06,6484.35627984,11926.565699,150475,binance
2018-11-07,6573.9395044,14271.591117,151060,binance
2018-11-08,6519.73887667,13259.789282,145405,binance
2018-11-09,6447.25564048,11787.616583,117043,binance
2018-11-10,6448.01092421,7714.829926,97746,binance
2018-11-11,6417.36819205,8213.507117,98435,binance
2018-11-12,6453.39833442,10132.782567,123144,binance
2018-11-13,6457.95884969,11790.564933,150940,binance
2018-11-14,6016.32650152,46478.964003,319011,binance
2018-11-15,5663.07770857,47700.829401,303825,binance
2018-11-16,5658.2391082,38721.802274,221493,binance
2018-11-17,5606.41549508,26411.241413,171403,binance
2018-11-18,5657.08704887,23844.999347,154817,binance
2018-11-19,5223.63388356,70580.892856,378495,binance
2018-11-20,4668.87191922,117380.95159,596769,binance
2018-11-21,4605.46926304,61071.829475,301920,binance
2018-11-22,4559.93717065,34531.119143,180335,binance
2018-11-23,4360.44728889,49371.920322,227935,binance
2018-11-24,4193.38437438,61693.111006,275070,binance
2018-11-25,3916.19627639,101693.975588,428171,binance
2018-11-26,3949.32220974,94503.750767,413329,binance
2018-11-27,3817.29179337,67480.607212,288731,binance
2018-11-28,4160.49645421,91983.567949,386714,binance
2018-11-29,4282.34911652,73980.198669,316601,binance
2018-11-30,4114.7722569,67758.446283,288098,binance
2018-12-01,4151.59030447,44840.073481,205472,binance
2018-12-02,4186.7981839,38912.15479,178087,binance
2018-12-03,3973.08128954,49094.369163,207134,binance
2018-12-04,3952.88092651,48489.551613,220815,binance
2018-12-05,3849.67936036,44004.799448,199011,binance
2018-12-06,3725.1654443,68378.796943,293512,binance
2018-12-07,3388.12396248,95145.457442,413521,binance
2018-12-08,3393.96102518,55365.949949,253650,binance
2018-12-09,3516.74332701,45956.893296,194567,binance
2018-12-10,3476.71528538,40989.244553,192599,binance
2018-12-11,3391.94165181,35920.864154,162266,binance
2018-12-12,3426.21292991,33922.931286,152067,binance
2018-12-13,3366.98217185,40040.917013,160471,binance
2018-12-14,3261.22001894,44492.983807,184525,binance
2018-12-15,3208.10379613,29796.041436,139806,binance
2018-12-16,3250.99605534,24628.808538,125565,binance
2018-12-17,3426.4614369,66761.751697,283814,binance
2018-12-18,3528.84361615,61369.615257,296433,binance
2018-12-19,3745.9971754,94137.341014,434026,binance
2018-12-20,3938.8610239,101543.835986,500506,binance
2018-12-21,3956.61946241,82343.850112,436187,binance
2018-12-22,3855.12621853,42822.350872,249148,binance
2018-12-23,3957.28128743,40117.531529,258417,binance
2018-12-24,4093.39420208,64647.809129,400403,binance
2018-12-25,3755.79017837,62725.629432,356377,binance
2018-12-26,3746.36506971,42629.375817,267746,binance
2018-12-27,3671.77828849,44097.392912,262733,binance
2018-12-28,3712.41378055,45964.304987,251040,binance
2018-12-29,3812.41381475,38874.373903,244844,binance
2018-12-30,3761.50865505,33222.369262,218929,binance
2018-12-31,3729.26256029,29991.77835,190308,binance
2019-01-01,3712.84689962,23741.687033,154227,binance
2019-01-02,3808.02317461,35156.463369,218538,binance
2019-01-03,3796.97244788,29406.948359,199812,binance
2019-01-04,3761.38975937,29519.554671,192232,binance
2019-01-05,3800.94992414,30490.667751,203673,binance
2019-01-06,3890.12321811,36553.806709,240496,binance
2019-01-07,3979.63577992,31869.846264,221219,binance
2019-01-08,3978.74509776,38901.423122,242898,binance
2019-01-09,3974.5145908,28989.439511,209240,binance
2019-01-10,3733.68733123,59402.22851,374760,binance
2019-01-11,3588.04304905,38338.654733,264996,binance
2019-01-12,3586.7739843,21999.928354,175679,binance
2019-01-13,3520.16612103,26385.757454,183113,binance
2019-01-14,3565.51914221,35235.211215,229452,binance
2019-01-15,3596.73822041,34137.997459,231684,binance
2019-01-16,3584.56368514,27480.179977,205159,binance
2019-01-17,3586.20588262,29755.440838,217797,binance
2019-01-18,3596.97603037,22713.446755,177567,binance
2019-01-19,3669.30064481,22171.578123,175054,binance
2019-01-20,3575.63828776,27901.938598,204941,binance
2019-01-21,3528.55871283,19644.436839,160825,binance
2019-01-22,3538.41398675,29336.442967,195484,binance
2019-01-23,3561.36800017,24938.842698,192892,binance
2019-01-24,3554.98703182,20826.25118,162159,binance
2019-01-25,3557.11570345,17608.346671,153413,binance
2019-01-26,3585.94463395,19476.532344,135369,binance
2019-01-27,3551.40939206,22735.598162,163855,binance
2019-01-28,3446.5616833,40405.111401,260799,binance
2019-01-29,3403.0478646,29544.928977,189650,binance
2019-01-30,3442.93336376,23968.260243,180820,binance
2019-01-31,3442.68895853,29607.190253,198100,binance
2019-02-01,3447.12085729,25260.476159,167520,binance
2019-02-02,3467.14605604,17920.802,153234,binance
2019-02-03,3463.05205247,19867.33639,138592,binance
2019-02-04,3459.46410098,23131.981108,155686,binance
2019-02-05,3463.02682884,25264.41503,162066,binance
2019-02-06,3412.62722846,35310.244846,207024,binance
2019-02-07,3407.96518227,18665.538638,148209,binance
2019-02-08,3546.4894663,47968.058013,277242,binance
2019-02-09,3654.64894048,24759.833719,192209,binance
2019-02-10,3642.76252515,23250.602634,171099,binance
2019-02-11,3635.87390405,24954.614571,172626,binance
2019-02-12,3621.70607487,29479.59823,198996,binance
2019-02-13,3621.89607616,25773.997648,167690,binance
2019-02-14,3602.52561825,21753.501261,155215,binance
2019-02-15,3606.6424387,20777.872899,151256,binance
2019-02-16,3623.37463321,19565.992751,149393,binance
2019-02-17,3636.65257996,25690.227779,179511,binance
2019-02-18,3792.74916768,64042.730492,393515,binance
2019-02-19,3925.56741553,50207.172667,332281,binance
2019-02-20,3937.88178181,36205.14085,250176,binance
2019-02-21,3945.30377627,31103.884728,209571,binance
2019-02-22,3956.84228429,23943.16375,179588,binance
2019-02-23,4034.20256224,33657.942883,231563,binance
2019-02-24,3923.66402393,62224.18689,410578,binance
2019-02-25,3812.97257198,38102.966245,262716,binance
2019-02-26,3811.97533155,28838.748036,213897,binance
2019-02-27,3795.5633259,31500.995466,201626,binance
2019-02-28,3829.7367356,32561.961044,233849,binance
2019-03-01,3834.00115736,23174.57217,179860,binance
2019-03-02,3814.45923928,19445.838355,149854,binance
2019-03-03,3815.72364115,16718.16541,127681,binance
2019-03-04,3734.28689305,34742.84166,218615,binance
2019-03-05,3790.53147331,32962.536162,202444,binance
2019-03-06,3851.3493414,24775.11883,165101,binance
2019-03-07,3877.69643743,26455.257661,180520,binance
2019-03-08,3887.11278508,34730.366592,211534,binance
2019-03-09,3917.19159004,30979.747653,206869,binance
2019-03-10,3911.31900893,23187.561412,167920,binance
2019-03-11,3880.58987119,38066.885705,209916,binance
2019-03-12,3877.78373813,26921.008622,182885,binance
2019-03-13,3870.65187707,24461.008757,186572,binance
2019-03-14,3869.79229963,27048.74853,196651,binance
2019-03-15,3906.14813694,21740.061498,163866,binance
2019-03-16,3998.39339524,28568.376124,216198,binance
2019-03-17,3980.70031266,18814.255577,146953,binance
2019-03-18,3987.01133686,22454.47801,157876,binance
2019-03-19,3996.4200351,19893.741815,147394,binance
2019-03-20,4012.39883452,23432.300255,175036,binance
2019-03-21,4000.54650831,35997.682119,236100,binance
2019-03-22,3988.58882518,20022.606318,153703,binance
2019-03-23,3997.65368216,17302.604318,143155,binance
2019-03-24,3988.63087642,17179.850648,131087,binance
2019-03-25,3961.91369644,33192.890217,227739,binance
2019-03-26,3929.53621472,29349.537627,192418,binance
2019-03-27,4006.891323,32364.555852,224309,binance
2019-03-28,4023.14939902,20089.293875,157060,binance
2019-03-29,4074.75523718,30084.217444,203826,binance
2019-03-30,4093.11794205,19509.292601,162463,binance
2019-03-31,4101.42613878,13525.087433,124046,binance
2019-04-01,4131.72692491,25507.067641,184268,binance
2019-04-02,4640.36666581,105383.639263,609133,binance
2019-04-03,4994.99811477,109890.125743,692019,binance
2019-04-04,4936.77854421,61054.254168,419141,binance
2019-04-05,4970.27970002,39768.552806,292375,binance
2019-04-06,5050.49455389,41770.842313,281237,binance
2019-04-07,5128.65223776,37615.486804,274084,binance
2019-04-08,5191.21610038,50178.430782,350828,binance
2019-04-09,5155.53362041,34067.012311,253381,binance
2019-04-10,5262.06596843,40073.620471,260967,binance
2019-04-11,5077.77270204,54696.600686,369304,binance
2019-04-12,5003.07626883,33276.678614,226036,binance
2019-04-13,5052.83809265,17292.456802,138674,binance
2019-04-14,5064.92272173,18281.607739,131700,binance
2019-04-15,5082.65059029,29057.191581,204944,binance
2019-04-16,5097.78408574,24242.229493,168550,binance
2019-04-17,5190.26742349,23307.536134,179490,binance
2019-04-18,5242.13612403,22619.239001,167110,binance
2019-04-19,5238.96109671,24611.236323,178148,binance
2019-04-20,5286.87699397,19168.908274,157080,binance
2019-04-21,5241.96400286,25549.570939,210494,binance
2019-04-22,5298.0985473,29563.852309,210361,binance
2019-04-23,5505.14976926,41262.103917,282563,binance
2019-04-24,5443.19059644,48224.152413,339599,binance
2019-04-25,5340.70201525,49636.089948,331089,binance
2019-04-26,5308.6797141,48912.294513,333183,binance
2019-04-27,5300.54222409,15422.896935,145733,binance
2019-04-28,5307.54885487,14371.433869,127730,binance
2019-04-29,5262.64889251,19918.135079,178472,binance
2019-04-30,5275.18119009,22238.06823,180989,binance
2019-05-01,5354.73088578,17217.473216,161488,binance
2019-05-02,5461.47244872,22795.787835,181896,binance
2019-05-03,5711.70684203,46297.172849,338298,binance
2019-05-04,5769.37207876,39682.408991,283145,binance
2019-05-05,5778.27296976,23822.543775,185365,binance
2019-05-06,5715.67728276,25256.596325,230431,binance
2019-05-07,5918.46341408,39905.064422,301388,binance
2019-05-08,5904.69581985,23074.05152,190966,binance
2019-05-09,6100.96763825,27453.011436,227841,binance
2019-05-10,6329.2869663,36623.61079,283074,binance
2019-05-11,6852.1938521,74022.424393,562540,binance
2019-05-12,7129.92248698,86948.975339,647345,binance
2019-05-13,7552.17774145,85804.735333,588497,binance
2019-05-14,7979.54428477,76583.722603,655426,binance
2019-05-15,8056.0038344,37884.327211,347533,binance
2019-05-16,8001.17849641,69630.513996,666538,binance
2019-05-17,7275.06341285,88752.008159,803893,binance
2019-05-18,7318.06544763,37054.944779,379504,binance
2019-05-19,7894.93243577,65577.442058,583432,binance
2019-05-20,7864.34105666,65859.208564,610360,binance
2019-05-21,7908.67924303,52301.752247,554038,binance
2019-05-22,7829.74668964,49136.994589,461337,binance
2019-05-23,7684.79737599,49648.184701,449220,binance
2019-05-24,7958.48606492,46664.785325,428676,binance
2019-05-25,8002.16968171,28414.328817,264448,binance
2019-05-26,8249.72065075,49652.144567,377306,binance
2019-05-27,8723.82720035,51886.768793,478773,binance
2019-05-28,8699.94001648,31470.551534,349123,binance
2019-05-29,8621.22567028,33880.865922,352317,binance
2019-05-30,8572.2158292,70379.998521,617341,binance
2019-05-31,8353.46808834,44727.49162,416525,binance
2019-06-01,8538.23387265,31868.234157,348375,binance
2019-06-02,8673.01745679,27835.133265,299353,binance
2019-06-03,8472.97815083,45692.965104,431252,binance
2019-06-04,7851.93406395,74143.948941,645913,binance
2019-06-05,7757.56949627,48679.656455,426120,binance
2019-06-06,7704.1146708,36624.118747,371485,binance
2019-06-07,7928.93579971,33942.225658,323096,binance
2019-06-08,7902.40169147,22657.329634,250864,binance
2019-06-09,7728.31272636,31568.465157,322175,binance
2019-06-10,7811.64237148,36756.078468,387179,binance
2019-06-11,7846.77026582,30334.999427,309059,binance
2019-06-12,8012.38225466,41597.082622,361980,binance
2019-06-13,8153.47598175,30467.764341,341246,binance
2019-06-14,8371.36756778,39835.246255,410072,binance
2019-06-15,8694.7638981,31791.636039,335840,binance
2019-06-16,9072.80986771,63289.251219,552319,binance
2019-06-17,9219.39286367,47895.485374,462160,binance
2019-06-18,9121.82876829,51554.569401,449730,binance
2019-06-19,9137.45006079,32147.706495,306202,binance
2019-06-20,9365.12740625,34556.053982,350662,binance
2019-06-21,9800.72125711,50484.415892,474344,binance
2019-06-22,10675.58280518,104169.447976,923334,binance
2019-06-23,10885.6619095,57445.323945,557935,binance
2019-06-24,10898.7302009,43101.045285,440335,binance
2019-06-25,11387.26691078,61276.686648,597798,binance
2019-06-26,12801.74750078,155930.147386,1355074,binance
2019-06-27,11837.29244373,173894.820889,1357233,binance
2019-06-28,11794.83204343,95795.203964,883116,binance
2019-06-29,11903.89333275,69642.074157,732073,binance
2019-06-30,11491.2078222,84512.530443,711267,binance
2019-07-01,10689.52325335,90962.268271,757458,binance
2019-07-02,10298.86005008,109561.038728,870148,binance
2019-07-03,11339.09450276,96815.90029,814754,binance
2019-07-04,11664.30582712,66512.221892,643867,binance
2019-07-05,11109.79560758,63534.350582,564857,binance
2019-07-06,11365.98214199,51469.496331,470692,binance
2019-07-07,11301.05086516,38884.795599,366769,binance
2019-07-08,11853.25077117,52182.367215,507860,binance
2019-07-09,12442.12514069,78442.130343,660273,binance
2019-07-10,12538.21078836,109246.044997,899391,binance
2019-07-11,11511.79912933,87506.461058,760057,binance
2019-07-12,11537.70206806,56321.858281,537561,binance
2019-07-13,11319.81339883,54245.594548,510305,binance
2019-07-14,10723.55365135,72517.579236,649043,binance
2019-07-15,10388.22654317,81922.426332,732206,binance
2019-07-16,10105.61398217,97219.443413,796646,binance
2019-07-17,9530.61026282,84942.672717,757742,binance
2019-07-18,10062.15043512,80283.310252,734821,binance
2019-07-19,10432.60155926,56546.932133,567735,binance
2019-07-20,10681.3590406,47331.899848,461660,binance
2019-07-21,10548.96350061,38834.287935,395452,binance
2019-07-22,10403.69796391,40467.954839,389565,binance
2019-07-23,10046.15708874,47624.37071,448147,binance
2019-07-24,9718.92962136,43475.380377,424762,binance
2019-07-25,10005.41020998,37873.354728,368176,binance
2019-07-26,9758.29436177,27167.463217,299935,binance
2019-07-27,9699.49498601,43809.778301,401418,binance
2019-07-28,9473.72772477,29401.022937,271327,binance
2019-07-29,9561.65513138,29021.937411,294468,binance
2019-07-30,9554.47517435,32536.368834,283961,binance
2019-07-31,9861.75540581,39515.35456,364212,binance
2019-08-01,10116.952546,41727.637028,378062,binance
2019-08-02,10474.96233897,42990.444221,431322,binance
2019-08-03,10764.13727018,33802.318824,348893,binance
2019-08-04,10815.19423351,39924.745141,353721,binance
2019-08-05,11633.67319172,65153.673713,622610,binance
2019-08-06,11786.90419394,76705.389875,625827,binance
2019-08-07,11776.17541794,69173.390353,592916,binance
2019-08-08,11802.80226705,51207.257174,473584,binance
2019-08-09,11844.90934006,39427.152588,410902,binance
2019-08-10,11545.44506562,42633.087048,399237,binance
2019-08-11,11386.9743161,26772.90691,306234,binance
2019-08-12,11402.71415829,17568.227075,255966,binance
2019-08-13,11102.6772024,33234.72968,337834,binance
2019-08-14,10426.17937098,54451.847499,534507,binance
2019-08-15,10156.16056585,38174.45112,373368,binance
2019-08-16,10186.96608248,51758.142918,504740,binance
2019-08-17,10267.94349281,29000.581201,332795,binance
2019-08-18,10317.82417043,24085.395172,265705,binance
2019-08-19,10639.04746832,37243.319217,337022,binance
2019-08-20,10733.00392447,32298.921679,305065,binance
2019-08-21,10197.06345589,47355.719282,458814,binance
2019-08-22,10022.75465814,34059.642738,401148,binance
2019-08-23,10262.3949841,27550.336173,326866,binance
2019-08-24,10109.68926314,27692.456844,313227,binance
2019-08-25,10091.96935315,26271.657398,289956,binance
2019-08-26,10368.80876097,41687.511599,405316,binance
2019-08-27,10187.05662307,28402.775383,292888,binance
2019-08-28,9974.57476546,42110.555375,381293,binance
2019-08-29,9507.82828077,35532.69491,343887,binance
2019-08-30,9534.6143494,26834.318104,259270,binance
2019-08-31,9580.50072439,17130.290074,199188,binance
2019-09-01,9644.89048125,19545.404843,191324,binance
2019-09-02,10023.68555709,44740.248093,354155,binance
2019-09-03,10534.05763504,47998.376781,416076,binance
2019-09-04,10548.14490933,43943.889026,383457,binance
2019-09-05,10563.76781932,33970.960639,309846,binance
2019-09-06,10606.57810511,58799.640959,455334,binance
2019-09-07,10415.09545388,27637.877392,272011,binance
2019-09-08,10419.1945666,23984.672018,237752,binance
2019-09-09,10285.36081929,39835.727608,330459,binance
2019-09-10,10178.78760354,28915.412225,286763,binance
2019-09-11,10065.68352569,31953.824562,309120,binance
2019-09-12,10239.87784696,34511.162755,317881,binance
2019-09-13,10291.5653048,30280.339776,304947,binance
2019-09-14,10332.22533558,23621.533519,253929,binance
2019-09-15,10297.92184088,18047.654013,194733,binance
2019-09-16,10228.19446843,28971.401657,274368,binance
2019-09-17,10209.54433622,22914.324563,287483,binance
2019-09-18,10186.46647758,24250.249303,299466,binance
2019-09-19,9986.91988779,44826.282579,429727,binance
2019-09-20,10172.20563445,25088.491069,267032,binance
2019-09-21,10028.82970683,20544.175196,245439,binance
2019-09-22,9983.7128004,22049.275256,253713,binance
2019-09-23,9844.01469489,31937.232356,332817,binance
2019-09-24,8924.79526307,94007.345203,748712,binance
2019-09-25,8430.47691296,60783.892258,544806,binance
2019-09-26,8137.60611502,67930.853749,522062,binance
2019-09-27,8039.59052918,43882.924625,369518,binance
2019-09-28,8141.66094138,34473.605165,319113,binance
2019-09-29,8041.43103168,31544.211388,322501,binance
2019-09-30,8039.32264571,55865.48726,455556,binance
2019-10-01,8349.67792958,43472.418091,387653,binance
2019-10-02,8243.04251556,26243.386644,261430,binance
2019-10-03,8209.44041309,30488.284058,281307,binance
2019-10-04,8132.7588981,26476.330404,259012,binance
2019-10-05,8090.92511621,21907.615564,237769,binance
2019-10-06,7943.44998053,34676.104049,325795,binance
2019-10-07,8063.31360658,52202.072297,482605,binance
2019-10-08,8198.96925281,35452.657423,395685,binance
2019-10-09,8409.45035034,55038.704378,537805,binance
2019-10-10,8532.01164106,39137.946167,406932,binance
2019-10-11,8420.01402102,50405.284418,471818,binance
2019-10-12,8327.71312257,21339.334098,280633,binance
2019-10-13,8338.47946412,27840.739953,320051,binance
2019-10-14,8303.42924876,29810.663253,345679,binance
2019-10-15,8260.67322745,32773.062476,399447,binance
2019-10-16,8049.46490161,34733.593966,421026,binance
2019-10-17,8036.67306481,29656.949158,356490,binance
2019-10-18,7939.58733559,31353.181416,399783,binance
2019-10-19,7958.187412,26627.889388,349746,binance
2019-10-20,8046.90600215,34286.452654,396091,binance
2019-10-21,8214.38845373,30448.679539,367169,binance
2019-10-22,8182.41040518,34651.828663,384699,binance
2019-10-23,7640.69155205,63897.457098,610241,binance
2019-10-24,7435.45776115,32714.383265,403778,binance
2019-10-25,8125.00299973,90748.218174,775418,binance
2019-10-26,9362.55249742,162588.585413,1185369,binance
2019-10-27,9457.58076032,93833.541604,799978,binance
2019-10-28,9469.11573692,80174.217323,681128,binance
2019-10-29,9361.37341417,64158.462446,559589,binance
2019-10-30,9170.31947612,55241.786434,524035,binance
2019-10-31,9161.25709139,54376.024902,490183,binance
2019-11-01,9147.947459,43594.814115,478002,binance
2019-11-02,9270.09701098,28923.060828,325421,binance
2019-11-03,9201.28984755,27894.378279,326024,binance
2019-11-04,9299.42389118,45894.456277,453749,binance
2019-11-05,9320.75367067,45935.873665,492885,binance
2019-11-06,9336.99135069,37336.170372,402997,binance
2019-11-07,9234.17253676,39117.470853,401984,binance
2019-11-08,8945.64877594,62107.289243,567331,binance
2019-11-09,8813.64311304,29469.481405,326730,binance
2019-11-10,8927.91202948,34422.029797,375946,binance
2019-11-11,8790.44567913,44888.053545,415982,binance
2019-11-12,8736.81907686,40366.629471,406765,binance
2019-11-13,8767.60645405,26810.116918,281593,binance
2019-11-14,8667.98858624,33468.468961,337019,binance
2019-11-15,8564.35445023,46087.417751,423919,binance
2019-11-16,8478.62869102,20902.299752,231473,binance
2019-11-17,8515.50909102,27009.037082,259594,binance
2019-11-18,8338.57343309,43017.69094,366263,binance
2019-11-19,8115.14594585,43556.061025,357382,binance
2019-11-20,8112.66252766,32466.23098,288843,binance
2019-11-21,7791.44436506,58418.780261,430062,binance
2019-11-22,7250.06926672,126603.140259,817604,binance
2019-11-23,7223.924235,50449.894755,414045,binance
2019-11-24,7098.5634938,67890.206483,446014,binance
2019-11-25,6950.75722453,119645.735197,679721,binance
2019-11-26,7145.24261771,65722.39769,433933,binance
2019-11-27,7264.74563543,92452.87349,582055,binance
2019-11-28,7509.97394907,56933.981109,388953,binance
2019-11-29,7622.10327434,60745.300873,412929,binance
2019-11-30,7634.67440935,46989.433619,346506,binance
2019-12-01,7347.86489717,60769.342313,420573,binance
2019-12-02,7293.05910199,46330.25604,326881,binance
2019-12-03,7311.70683458,33149.477487,265391,binance
2019-12-04,7319.83584573,83147.149142,516158,binance
2019-12-05,7330.35255349,59306.678855,430359,binance
2019-12-06,7406.36385213,48189.087944,367854,binance
2019-12-07,7524.15318537,31498.684173,263592,binance
2019-12-08,7479.48860523,29856.897631,257514,binance
2019-12-09,7452.96199204,46621.887493,359648,binance
2019-12-10,7302.89543203,49723.76214,439637,binance
2019-12-11,7214.13586449,30093.091944,268269,binance
2019-12-12,7180.59885644,42288.600932,331414,binance
2019-12-13,7237.85127442,27609.873795,252135,binance
2019-12-14,7137.68784856,29561.985967,276819,binance
2019-12-15,7099.72494809,26395.778137,262651,binance
2019-12-16,7010.50106129,43863.993059,371202,binance
2019-12-17,6759.24992397,53865.069929,454097,binance
2019-12-18,6838.98059586,95636.651251,714073,binance
2019-12-19,7159.33138256,55509.049075,439761,binance
2019-12-20,7153.06097952,32132.069205,312766,binance
2019-12-21,7143.77736011,19467.174028,212162,binance
2019-12-22,7296.77506742,39137.45515,356612,binance
2019-12-23,7504.7089396,68051.997203,530669,binance
2019-12-24,7298.45772744,43629.494188,384678,binance
2019-12-25,7212.0247145,27492.044323,289924,binance
2019-12-26,7261.21163359,36259.761076,337695,binance
2019-12-27,7199.62159174,33642.701861,297262,binance
2019-12-28,7312.09067751,26848.982199,272607,binance
2019-12-29,7383.01821138,31387.106085,283213,binance
2019-12-30,7313.02846242,29605.911782,279033,binance
2019-12-31,7224.90262053,25954.453533,251976,binance
2020-01-01,7218.41651855,16792.388165,194010,binance
2020-01-02,7072.67123437,31951.483932,302667,binance
2020-01-03,7235.26863367,68428.500451,519854,binance
2020-01-04,7332.08031248,29987.974977,279370,binance
2020-01-05,7431.27097239,38331.085604,329209,binance
2020-01-06,7565.20949968,54635.695316,449937,binance
2020-01-07,7943.28627178,91171.684661,685315,binance
2020-01-08,8225.79022201,112622.64264,830375,binance
2020-01-09,7896.35806459,64239.51983,478800,binance
2020-01-10,7921.36570078,82406.777448,606101,binance
2020-01-11,8119.57825803,54810.032667,469131,binance
2020-01-12,8112.76677837,38131.494336,350662,binance
2020-01-13,8108.43858753,31159.755683,289144,binance
2020-01-14,8577.59693788,120399.126742,915328,binance
2020-01-15,8768.50626909,84816.297606,764048,binance
2020-01-16,8689.03723384,51991.074284,543064,binance
2020-01-17,8879.9553272,70897.737377,676403,binance
2020-01-18,8900.77278656,38294.746545,458182,binance
2020-01-19,8828.21627859,70676.889259,615665,binance
2020-01-20,8649.79183803,38896.639746,385006,binance
2020-01-21,8660.34826597,36494.687659,365621,binance
2020-01-22,8687.55323414,29080.557138,317424,binance
2020-01-23,8458.85639915,48165.944597,464805,binance
2020-01-24,8392.7778581,41687.529529,407271,binance
2020-01-25,8340.89292512,25521.157932,283118,binance
2020-01-26,8478.56767675,31130.485164,332612,binance
2020-01-27,8767.16492077,53973.542996,514196,binance
2020-01-28,9071.45519939,74584.853765,616678,binance
2020-01-29,9341.82311893,53864.065122,492545,binance
2020-01-30,9396.06566017,60626.744259,529570,binance
2020-01-31,9347.09346418,45552.022352,428547,binance
2020-02-01,9382.64077385,28578.067354,334972,binance
2020-02-02,9368.69204168,45690.91254,446558,binance
2020-02-03,9360.58210158,50892.133451,492124,binance
2020-02-04,9213.14854166,53308.175266,528930,binance
2020-02-05,9457.94117342,64870.415615,661758,binance
2020-02-06,9718.98277888,64949.706588,682179,binance
2020-02-07,9797.20095321,43966.114632,582249,binance
2020-02-08,9811.31909919,43600.843666,514573,binance
2020-02-09,10077.33394683,43408.475616,536848,binance
2020-02-10,9905.3349716,59573.084619,690308,binance
2020-02-11,10011.95825894,62422.395224,710170,binance
2020-02-12,10322.50487802,61008.06393,857655,binance
2020-02-13,10278.07756582,79344.358759,932802,binance
2020-02-14,10256.61586491,47038.480173,622310,binance
2020-02-15,10074.11566095,57657.202947,739781,binance
2020-02-16,9872.46570497,60023.999537,708070,binance
2020-02-17,9678.33538427,70261.011901,778058,binance
2020-02-18,9870.10507524,70604.124019,723413,binance
2020-02-19,9928.46778509,55162.586895,588760,binance
2020-02-20,9576.02114162,60152.342914,667387,binance
2020-02-21,9679.27698282,42181.554524,470599,binance
2020-02-22,9641.86468285,24636.757623,319961,binance
2020-02-23,9861.92269489,37702.089843,441935,binance
2020-02-24,9715.31536574,55796.59612,589384,binance
2020-02-25,9469.53176447,54379.344552,579079,binance
2020-02-26,9016.76619178,92130.345482,871018,binance
2020-02-27,8787.58863237,72483.578762,696646,binance
2020-02-28,8652.42089598,71155.208977,655727,binance
2020-02-29,8669.43412373,36748.183035,414175,binance
2020-03-01,8560.27494692,43892.201779,472019,binance
2020-03-02,8756.54123851,60401.31773,564535,binance
2020-03-03,8778.55353428,55154.997282,512762,binance
2020-03-04,8756.60704484,38696.482578,454817,binance
2020-03-05,9004.90073648,58201.866355,619552,binance
2020-03-06,9081.126196,43782.948044,493216,binance
2020-03-07,9026.05384473,45422.204525,485400,binance
2020-03-08,8472.45669231,77537.315166,740741,binance
2020-03-09,7854.97698632,116968.863268,929234,binance
2020-03-10,7947.370174,86783.443875,737528,binance
2020-03-11,7811.43773636,79942.411172,699401,binance
2020-03-12,6227.74445493,261505.608653,1770812,binance
2020-03-13,5131.3052015,402201.673764,2309830,binance
2020-03-14,5380.55035648,136910.135974,1106125,binance
2020-03-15,5387.1960106,139916.146534,1037714,binance
2020-03-16,4900.14690263,227276.92276,1608176,binance
2020-03-17,5284.48462682,150089.926318,1069217,binance
2020-03-18,5248.74598041,137127.634894,962843,binance
2020-03-19,5852.34949173,199020.873439,1403608,binance
2020-03-20,6391.90465464,219298.329514,1580069,binance
2020-03-21,6166.62411933,128913.668363,990974,binance
2020-03-22,6068.83803184,119115.990527,952259,binance
2020-03-23,6166.87723232,164674.215785,1099406,binance
2020-03-24,6628.97782,151138.009878,1012669,binance
2020-03-25,6660.70781553,132155.734989,912179,binance
2020-03-26,6654.9453735,83026.555211,668467,binance
2020-03-27,6649.29535402,82914.968354,643631,binance
2020-03-28,6204.25727967,93159.693429,725588,binance
2020-03-29,6060.61060749,63311.627714,496709,binance
2020-03-30,6287.93469657,118889.549992,784034,binance
2020-03-31,6438.98231556,72337.595259,538231,binance
2020-04-01,6343.82252043,97500.7524,758061,binance
2020-04-02,6795.01269427,149299.906871,1101043,binance
2020-04-03,6824.09807111,104080.276939,840456,binance
2020-04-04,6782.71602493,72990.861139,659051,binance
2020-04-05,6783.93199665,49685.356983,506433,binance
2020-04-06,7093.1255612,118052.000832,956586,binance
2020-04-07,7309.94402584,103585.168918,924436,binance
2020-04-08,7298.56474404,76059.145838,750516,binance
2020-04-09,7279.51574836,61094.872417,686207,binance
2020-04-10,6948.0220451,104674.623375,949050,binance
2020-04-11,6855.01569353,45470.293206,484618,binance
2020-04-12,6988.55224603,73868.666501,648323,binance
2020-04-13,6735.33652823,96415.476573,804179,binance
2020-04-14,6874.24699683,69068.623285,608665,binance
2020-04-15,6771.77378187,61571.384994,581374,binance
2020-04-16,6921.67450175,125009.857539,971163,binance
2020-04-17,7063.71494936,54126.509763,537554,binance
2020-04-18,7170.24716355,49488.542819,494670,binance
2020-04-19,7149.60165943,45664.86393,483574,binance
2020-04-20,6984.09230246,90149.49137,785174,binance
2020-04-21,6850.81662424,60109.710808,555797,binance
2020-04-22,7014.10076305,61486.377334,508659,binance
2020-04-23,7359.09258398,102773.569561,881099,binance
2020-04-24,7512.49936447,60182.119939,601093,binance
2020-04-25,7550.91446072,43874.427726,521943,binance
2020-04-26,7604.57023218,50522.616209,554480,binance
2020-04-27,7701.94826263,65441.339576,637800,binance
2020-04-28,7718.5860574,46302.752638,499414,binance
2020-04-29,8370.55968562,183546.887514,1433128,binance
2020-04-30,8916.56364118,206277.214124,1661554,binance
2020-05-01,8807.81199703,91468.815059,865960,binance
2020-05-02,8878.31060385,59002.08755,637884,binance
2020-05-03,8969.95880342,90126.065643,877460,binance
2020-05-04,8746.23110863,84418.512331,848802,binance
2020-05-05,8931.43545078,76480.765342,812543,binance
2020-05-06,9183.76899797,105925.30242,1007661,binance
2020-05-07,9580.28735087,147154.611378,1254835,binance
2020-05-08,9902.34654819,100683.7964,967816,binance
2020-05-09,9700.97326685,81950.679567,839384,binance
2020-05-10,8674.81520635,183865.182028,1565771,binance
2020-05-11,8698.63589878,168807.251832,1367382,binance
2020-05-12,8786.07294485,86522.780066,784859,binance
2020-05-13,9081.42702708,92466.274018,869216,binance
2020-05-14,9628.01036953,129565.37747,1199530,binance
2020-05-15,9489.29286085,115890.761516,1055630,binance
2020-05-16,9407.10387606,59587.627862,692028,binance
2020-05-17,9659.29200105,68647.764323,722718,binance
2020-05-18,9726.31791193,82006.603583,794292,binance
2020-05-19,9685.71767486,78539.760454,773581,binance
2020-05-20,9625.66499148,74923.73809,731189,binance
2020-05-21,9199.09556526,108928.780969,951971,binance
2020-05-22,9124.86027045,58943.131024,693694,binance
2020-05-23,9199.20194318,43526.296966,512460,binance
2020-05-24,9047.86087973,70379.86645,774088,binance
2020-05-25,8809.65831274,62833.910949,733557,binance
2020-05-26,8858.6134674,58299.770138,678304,binance
2020-05-27,9064.83287048,68910.355514,662850,binance
2020-05-28,9363.41561159,74110.787662,738725,binance
2020-05-29,9459.94096658,57374.362961,593705,binance
2020-05-30,9531.95171532,55665.27254,651290,binance
2020-05-31,9543.47534469,48333.786403,651473,binance
2020-06-01,9781.03243173,76649.12696,826964,binance
2020-06-02,9819.69941286,108970.773151,1004312,binance
2020-06-03,9554.67127612,46252.644939,562784,binance
2020-06-04,9698.44692294,57456.100969,665881,binance
2020-06-05,9734.66771958,47788.05005,566062,binance
2020-06-06,9635.92160802,32752.950893,435796,binance
2020-06-07,9609.8745672,57952.848385,637766,binance
2020-06-08,9724.89025375,40664.664125,485139,binance
2020-06-09,9716.86257852,46024.001289,551863,binance
2020-06-10,9810.66878819,47130.762982,560909,binance
2020-06-11,9553.96471509,94418.98473,966502,binance
2020-06-12,9417.73108059,50119.066932,553203,binance
2020-06-13,9426.33970915,27759.784851,392763,binance
2020-06-14,9387.00771409,30055.506608,415568,binance
2020-06-15,9215.3985275,86107.924707,839521,binance
2020-06-16,9499.23199256,52052.446927,543481,binance
2020-06-17,9432.75057094,48046.411152,536158,binance
2020-06-18,9406.93355096,37381.953765,475074,binance
2020-06-19,9333.28445385,45330.983673,503484,binance
2020-06-20,9301.98003086,30329.065384,382778,binance
2020-06-21,9354.30483365,24316.926234,321015,binance
2020-06-22,9517.07991729,57895.468343,588704,binance
2020-06-23,9638.74468754,41031.02938,474319,binance
2020-06-24,9410.62219342,61571.561464,572362,binance
2020-06-25,9213.35893855,55831.619156,536205,binance
2020-06-26,9173.31441662,50292.298277,510947,binance
2020-06-27,9064.5575972,46290.930113,499415,binance
2020-06-28,9082.37984227,30688.176421,374404,binance
2020-06-29,9121.64414644,42120.293261,434299,binance
2020-06-30,9146.61174839,31463.162801,328083,binance
2020-07-01,9199.82236626,38488.528699,374832,binance
2020-07-02,9135.54802452,45725.168076,470292,binance
2020-07-03,9090.96951425,28943.420177,343189,binance
2020-07-04,9098.26570065,26441.968484,335225,binance
2020-07-05,9051.28774963,34073.653627,384500,binance
2020-07-06,9227.31314192,54463.132277,533540,binance
2020-07-07,9268.60973251,34587.336678,433481,binance
2020-07-08,9357.67779608,56140.517781,652605,binance
2020-07-09,9317.21536067,48044.450645,575491,binance
2020-07-10,9197.92022305,38295.494006,525484,binance
2020-07-11,9237.48369268,22561.366,413452,binance
2020-07-12,9250.61171665,30872.702286,484875,binance
2020-07-13,9279.67818042,42740.069115,642552,binance
2020-07-14,9214.89109378,45772.552509,613139,binance
2020-07-15,9223.26932856,39053.579665,554780,binance
2020-07-16,9126.88078,43375.571191,681807,binance
2020-07-17,9137.98629095,28054.358741,470991,binance
2020-07-18,9161.26385264,22554.541457,430377,binance
2020-07-19,9155.60456997,26052.019417,440449,binance
2020-07-20,9173.96016738,35458.764082,557096,binance
2020-07-21,9325.06402728,60413.582486,782959,binance
2020-07-22,9377.77460004,48815.004107,663029,binance
2020-07-23,9531.79425833,51856.2335,735371,binance
2020-07-24,9543.12361887,43931.136205,677725,binance
2020-07-25,9622.3222682,40679.545416,675222,binance
2020-07-26,9874.61473154,65279.269319,945611,binance
2020-07-27,10522.44888499,150188.933144,1901088,binance
2020-07-28,10953.02064034,97267.734187,1475636,binance
2020-07-29,11104.41717917,76838.094233,1127302,binance
2020-07-30,11017.04833999,60794.826456,879960,binance
2020-07-31,11223.28343857,70063.660974,971584,binance
2020-08-01,11609.42782427,85087.485126,1174252,binance
2020-08-02,11334.93030345,97553.077604,1459900,binance
2020-08-03,11261.31838794,56931.841475,919185,binance
2020-08-04,11224.52994848,58629.113709,863692,binance
2020-08-05,11490.3387236,74970.256852,964637,binance
2020-08-06,11750.19617362,63529.08502,919918,binance
2020-08-07,11664.43202435,65755.926022,940045,binance
2020-08-08,11684.39444564,41858.16104,779318,binance
2020-08-09,11657.57640691,41493.067342,853386,binance
2020-08-10,11879.23827035,84952.337887,1340835,binance
2020-08-11,11566.23181773,90748.284634,1343979,binance
2020-08-12,11451.36392548,64909.613644,1104096,binance
2020-08-13,11544.02327472,70132.491502,1243382,binance
2020-08-14,11739.99816168,59818.852697,1011746,binance
2020-08-15,11868.27324863,56237.90505,1018956,binance
2020-08-16,11838.34654955,41368.236906,790240,binance
2020-08-17,12118.87659343,84734.21154,1210228,binance
2020-08-18,12122.70561396,75923.835527,1189390,binance
2020-08-19,11774.5578103,73940.169606,1258060,binance
2020-08-20,11795.00976404,46085.254351,798027,binance
2020-08-21,11721.82862323,64448.306142,1189668,binance
2020-08-22,11545.79766354,43678.701646,809328,binance
2020-08-23,11620.21013597,37900.00469,627352,binance
2020-08-24,11734.92497638,46212.391867,656584,binance
2020-08-25,11453.14121685,69590.923272,996668,binance
2020-08-26,11397.64721801,53998.231231,862654,binance
2020-08-27,11344.18886457,63246.036383,959270,binance
2020-08-28,11437.68285125,45953.908365,719985,binance
2020-08-29,11500.89721147,32973.7992,611834,binance
2020-08-30,11611.85667105,43177.879054,756541,binance
2020-08-31,11683.49751885,55353.617744,822062,binance
2020-09-01,11875.48003261,78148.193668,1321492,binance
2020-09-02,11526.82570742,87221.845602,1373524,binance
2020-09-03,10865.97172087,121950.106015,1611610,binance
2020-09-04,10351.43386575,92733.599113,1434860,binance
2020-09-05,10195.13377662,90001.605568,1476782,binance
2020-09-06,10198.95960727,56368.788815,1053192,binance
2020-09-07,10128.97159541,62620.230676,927363,binance
2020-09-08,10109.25176991,73491.878418,1048125,binance
2020-09-09,10194.77304181,49347.113776,755560,binance
2020-09-10,10340.79419289,58253.75375,851877,binance
2020-09-11,10295.19468111,43830.254467,637869,binance
2020-09-12,10370.87209092,35379.153096,577724,binance
2020-09-13,10386.93958752,43837.609865,692439,binance
2020-09-14,10530.61517732,67059.291361,828957,binance
2020-09-15,10780.1798718,61822.452786,893852,binance
2020-09-16,10903.65438314,64991.51244,884153,binance
2020-09-17,10881.16404362,55601.614529,829137,binance
2020-09-18,10919.89977953,47266.728275,717371,binance
2020-09-19,11021.11069047,38440.036858,620127,binance
2020-09-20,10899.84306616,39157.922565,646329,binance
2020-09-21,10625.13212374,70683.431179,1028531,binance
2020-09-22,10464.86864365,43991.235476,738576,binance
2020-09-23,10397.02576963,51876.568079,774391,binance
2020-09-24,10481.21190287,57676.619427,789282,binance
2020-09-25,10657.69946806,48101.117008,733430,binance
2020-09-26,10714.37415212,28420.836659,502670,binance
2020-09-27,10709.4855499,30549.483253,516004,binance
2020-09-28,10868.55940936,50095.251734,686664,binance
2020-09-29,10730.67254226,41874.898399,587576,binance
2020-09-30,10740.46375478,39596.027322,595383,binance
2020-10-01,10714.77380785,60866.332893,794855,binance
2020-10-02,10509.87914457,50130.393705,777193,binance
2020-10-03,10546.17231627,22298.221341,381329,binance
2020-10-04,10608.82448672,23212.001595,377553,binance
2020-10-05,10702.43522986,34025.761653,483340,binance
2020-10-06,10684.21220226,48674.740471,734526,binance
2020-10-07,10614.97824104,32811.990279,503440,binance
2020-10-08,10764.33950087,51959.691572,659291,binance
2020-10-09,11003.76276189,48240.073237,635681,binance
2020-10-10,11335.79530454,43648.036943,698561,binance
2020-10-11,11359.64205254,29043.851339,509714,binance
2020-10-12,11448.68145171,52825.28371,740823,binance
2020-10-13,11436.08923593,42205.283709,618262,binance
2020-10-14,11396.9771211,41415.106015,590025,binance
2020-10-15,11411.57210238,48760.717679,662386,binance
2020-10-16,11336.81383379,48797.749502,693210,binance
2020-10-17,11336.39129259,22368.915241,365973,binance
2020-10-18,11430.61130003,23284.041191,346946,binance
2020-10-19,11615.18693322,47414.534692,650960,binance
2020-10-20,11868.16691486,62134.750663,906111,binance
2020-10-21,12542.03429664,114584.456767,1453620,binance
2020-10-22,12932.52563761,70038.824144,1035811,binance
2020-10-23,12913.6531479,50386.999841,699313,binance
2020-10-24,13025.61188543,35952.20907,536821,binance
2020-10-25,13062.66675402,38481.579504,610498,binance
2020-10-26,13033.20620315,60951.672986,818144,binance
2020-10-27,13431.44458617,80796.553996,1003550,binance
2020-10-28,13378.65782025,94440.561226,1234511,binance
2020-10-29,13327.54466182,74872.602132,1008433,binance
2020-10-30,13400.06482729,70657.778881,1060387,binance
2020-10-31,13766.83905233,67339.238515,1022202,binance
2020-11-01,13755.42092675,36285.648526,606248,binance
2020-11-02,13530.71717488,64566.421908,869850,binance
2020-11-03,13619.28755098,74115.630787,1052569,binance
2020-11-04,13910.06836056,93016.988262,1212959,binance
2020-11-05,14831.24409459,143741.522673,1736055,binance
2020-11-06,15574.04010759,122618.197695,1654968,binance
2020-11-07,15148.29833251,101431.206553,1557021,binance
2020-11-08,15226.15306337,65547.178574,998773,binance
2020-11-09,15328.53851975,108976.334134,1505441,binance
2020-11-10,15298.08300579,61681.919606,1093466,binance
2020-11-11,15629.27818326,78469.746458,1247167,binance
2020-11-12,15937.51052375,102196.356592,1472049,binance
2020-11-13,16254.82937724,75691.881014,1208773,binance
2020-11-14,15981.46559612,59116.347179,931424,binance
2020-11-15,15979.40826832,43596.841513,854441,binance
2020-11-16,16429.48227336,81300.675924,1202386,binance
2020-11-17,17208.19238501,115221.403102,1646652,binance
2020-11-18,17872.37768118,149019.788134,2091832,binance
2020-11-19,17813.16039876,93009.561008,1513304,binance
2020-11-20,18356.47737804,88423.018489,1444692,binance
2020-11-21,18704.53996898,75577.458394,1451352,binance
2020-11-22,18343.42601112,81645.737778,1528524,binance
2020-11-23,18431.00965351,82961.506093,1629379,binance
2020-11-24,18887.77024353,113581.509241,2179862,binance
2020-11-25,19030.08404006,93266.576887,1785408,binance
2020-11-26,17277.47786454,181005.246693,2770483,binance
2020-11-27,16960.38466814,85297.024787,1572299,binance
2020-11-28,17378.66955107,64910.69997,1209385,binance
2020-11-29,18014.84764172,55329.016303,1141289,binance
2020-11-30,19104.99640241,115463.466888,1744149,binance
2020-12-01,19155.00419918,127698.762652,2023802,binance
2020-12-02,18928.68081971,75911.013478,1566635,binance
2020-12-03,19291.64873382,66689.391279,1242229,binance
2020-12-04,19051.76892995,71283.6682,1286657,binance
2020-12-05,18951.38268574,42922.748573,932124,binance
2020-12-06,19154.95974919,37043.091861,820382,binance
2020-12-07,19179.92811093,41372.296293,840954,binance
2020-12-08,18833.61292976,61626.947614,1143181,binance
2020-12-09,18221.02875216,79585.553801,1302476,binance
2020-12-10,18266.91618671,52890.675094,891151,binance
2020-12-11,17918.58793017,72610.724259,1117810,binance
2020-12-12,18488.55481962,49519.978432,891810,binance
2020-12-13,19156.73315354,56560.821744,938022,binance
2020-12-14,19173.83304404,47257.201294,842382,binance
2020-12-15,19347.84174407,61834.366011,1046423,binance
2020-12-16,20341.26933601,114306.33557,1659135,binance
2020-12-17,22698.99041403,184882.476748,2795084,binance
2020-12-18,22862.06828436,79646.134315,1613775,binance
2020-12-19,23464.09856818,86045.064677,1678611,binance
2020-12-20,23612.70875881,76690.145685,1743225,binance
2020-12-21,23122.11088315,88030.297243,1593949,binance
2020-12-22,23103.37119854,87033.12616,1496277,binance
2020-12-23,23500.65019007,119047.259733,2194611,binance
2020-12-24,23218.44977089,69013.834252,1421257,binance
2020-12-25,24141.94767382,79519.943569,1504426,binance
2020-12-26,25525.22300149,97806.513386,1735574,binance
2020-12-27,27138.94967936,148455.586214,2438493,binance
2020-12-28,26991.46733631,79721.742496,1508204,binance
2020-12-29,26675.90744213,69411.592606,1605166,binance
2020-12-30,28146.64635526,95356.057826,1916095,binance
2020-12-31,28786.1628441,75508.505152,1552793,binance
2021-01-01,29207.11624263,54182.925011,1314910,binance
2021-01-02,31338.72434378,129993.873362,2245922,binance
2021-01-03,33545.63533738,120957.56675,2369698,binance
2021-01-04,31433.73983596,140899.88569,2642408,binance
2021-01-05,32258.6578216,116049.997038,2526851,binance
2021-01-06,34859.06945186,127139.20131,2591783,binance
2021-01-07,38114.38544444,132825.700437,2814686,binance
2021-01-08,39834.35797791,139789.957499,2925632,binance
2021-01-09,40307.97044865,75785.979675,1998156,binance
2021-01-10,38948.07943694,118209.544503,2628050,binance
2021-01-11,33825.02180442,249131.539943,4431451,binance
2021-01-12,34724.64796396,133948.151996,2674145,binance
2021-01-13,34728.06086584,124477.914938,2514289,binance
2021-01-14,38609.14621596,102950.389421,2297466,binance
2021-01-15,36953.12652541,118300.920916,2560801,binance
2021-01-16,36814.1062974,86348.431508,2066363,binance
2021-01-17,35468.85787593,80157.727384,1860642,binance
2021-01-18,36137.35847143,70698.11875,1707766,binance
2021-01-19,36870.99963062,79611.307769,1939371,binance
2021-01-20,34986.8666295,89368.422918,2234539,binance
2021-01-21,32481.92098926,131803.182926,2820752,binance
2021-01-22,31357.92868248,142971.684049,2707810,binance
2021-01-23,32341.34208473,64595.287675,1700056,binance
2021-01-24,32160.62031039,57978.037966,1528287,binance
2021-01-25,33432.60039102,88499.226921,2106548,binance
2021-01-26,31875.66220757,84972.20691,2010392,binance
2021-01-27,30841.63193904,95911.961711,2065953,binance
2021-01-28,31888.54115753,92621.145617,2060660,binance
2021-01-29,35352.19425406,231827.005626,4403349,binance
2021-01-30,33979.39558031,84889.68134,2201040,binance
2021-01-31,33307.60971222,68742.280384,1707064,binance
2021-02-01,33750.42086513,82718.276882,1810492,binance
2021-02-02,34799.36113707,78056.65988,1789672,binance
2021-02-03,36532.24151722,80784.333663,1881740,binance
2021-02-04,37496.10587363,92080.735898,2211866,binance
2021-02-05,37630.89504783,66681.334275,1853253,binance
2021-02-06,39714.47887702,98757.311183,2291646,binance
2021-02-07,38600.98792975,84363.679763,1976357,binance
2021-02-08,42436.08586122,138597.536914,3230961,binance
2021-02-09,46634.30170547,115499.861712,3119034,binance
2021-02-10,45614.6099931,97154.1822,2891592,binance
2021-02-11,46734.93069153,89561.081454,2570949,binance
2021-02-12,47520.32389233,85870.035697,2418841,binance
2021-02-13,47166.37739086,63768.097399,2058823,binance
2021-02-14,48617.14558592,73735.475533,2090070,binance
2021-02-15,47636.10660326,79398.156784,2313155,binance
2021-02-16,48978.98657501,88813.266298,2199849,binance
2021-02-17,50917.2648364,85743.637818,2514374,binance
2021-02-18,51844.54134729,60758.046954,1891592,binance
2021-02-19,53366.55377846,79659.77802,2339215,binance
2021-02-20,56232.14056685,80948.205314,2642846,binance
2021-02-21,57042.90905029,58166.708511,1950533,binance
2021-02-22,53823.43779804,134019.434944,3313083,binance
2021-02-23,48506.79212457,169375.025051,3825196,binance
2021-02-24,49782.02875883,91881.209252,2194532,binance
2021-02-25,49839.81730781,83310.673121,2305679,binance
2021-02-26,46483.51082692,109423.200663,2371766,binance
2021-02-27,47015.71622336,66060.834292,1757720,binance
2021-02-28,44649.25035225,83055.369042,1838345,binance
2021-03-01,47687.16910759,85086.111648,2147223,binance
2021-03-02,48589.54314874,64221.06214,1855583,binance
2021-03-03,50712.3455472,81035.913705,2242131,binance
2021-03-04,49362.99115577,82649.716829,2291936,binance
2021-03-05,47666.12242568,78192.496372,2054216,binance
2021-03-06,48287.10994442,44399.234242,1476474,binance
2021-03-07,50310.02985713,55235.028032,1758101,binance
2021-03-08,50768.50241739,66987.359664,1999401,binance
2021-03-09,53888.17747254,71656.737076,2194398,binance
2021-03-10,55460.05630234,84749.238943,2647284,binance
2021-03-11,56306.86367973,81914.812859,2509970,binance
2021-03-12,56699.56683727,73405.406047,2489931,binance
2021-03-13,59263.35563428,83245.091346,2559002,binance
2021-03-14,60386.57798317,52601.05275,1829769,binance
2021-03-15,57158.30952761,102771.427298,2683815,binance
2021-03-16,55192.2253308,77986.694355,2241208,binance
2021-03-17,56246.83051669,70421.620841,2204296,binance
2021-03-18,58589.09484068,66580.406675,2040947,binance
2021-03-19,58266.01585164,52392.652961,1885830,binance
2021-03-20,58829.02440166,44476.941776,1724131,binance
2021-03-21,57124.54215956,48564.470274,1773546,binance
2021-03-22,56366.05710436,62581.626169,1927345,binance
2021-03-23,54602.53259927,59789.365427,1740349,binance
2021-03-24,54863.52276663,83537.465021,2401988,binance
2021-03-25,51902.73959921,87400.534538,2099425,binance
2021-03-26,53233.58721761,63813.774692,1773150,binance
2021-03-27,55224.9065162,50105.475055,1528776,binance
2021-03-28,55794.00022167,39050.387511,1551283,binance
2021-03-29,57135.99997882,67857.937398,1983437,binance
2021-03-30,58450.6768019,55122.443122,1612744,binance
2021-03-31,58646.07230135,60975.542666,1928224,binance
2021-04-01,58825.32050573,47415.61722,1594431,binance
2021-04-02,59329.17384951,47382.418781,1666356,binance
2021-04-03,58704.0786276,47409.852113,1606805,binance
2021-04-04,57610.84107559,41314.081973,1499113,binance
2021-04-05,58152.04847108,54258.01579,2035877,binance
2021-04-06,58429.02372042,54201.000727,1960513,binance
2021-04-07,56905.58393079,71228.405659,2206433,binance
2021-04-08,57172.53296082,44283.147019,1661080,binance
2021-04-09,58247.14441848,40831.884911,1615962,binance
2021-04-10,60039.3827246,69906.424117,2470398,binance
2021-04-11,59820.92844942,41156.715391,1746102,binance
2021-04-12,60186.97355054,56375.037117,1806298,binance
2021-04-13,62220.38578297,82848.688746,2703735,binance
2021-04-14,63414.58572169,82616.343993,2645625,binance
2021-04-15,62903.20596066,51649.70034,1938028,binance
2021-04-16,61541.38944422,91764.139884,2639940,binance
2021-04-17,61204.61254855,58912.256128,2268816,binance
2021-04-18,55647.51038382,124882.131824,3444089,binance
2021-04-19,56227.4502305,78229.042267,2390527,binance
2021-04-20,55505.25994863,72744.482151,2148820,binance
2021-04-21,55304.366988,66984.756909,2134946,binance
2021-04-22,53460.3855087,104656.631337,2744621,binance
2021-04-23,49694.15806016,132230.780719,2888237,binance
2021-04-24,49891.71853346,55361.512573,1164985,binance
2021-04-25,49228.84838011,58255.645004,1475479,binance
2021-04-26,52782.36780667,86310.802124,2174544,binance
2021-04-27,54559.73358442,54064.034675,1568666,binance
2021-04-28,54783.55960513,55130.459015,1830042,binance
2021-04-29,53789.94949115,52486.019455,1763676,binance
2021-04-30,55530.00726084,68578.910045,2267648,binance
2021-05-01,57754.05246215,42600.351836,1743013,binance
2021-05-02,56767.1775472,36812.878863,1371638,binance
2021-05-03,57894.33687387,57649.931286,2102128,binance
2021-05-04,55147.05765778,85324.625903,2492629,binance
2021-05-05,56015.71993129,77263.923439,2378119,binance
2021-05-06,56885.07297134,70181.671908,2459881,binance
2021-05-07,56871.72274894,74542.747829,2361692,binance
2021-05-08,58521.86675376,69709.906028,2311378,binance
2021-05-09,57925.47568494,69806.11991,2170139,binance
2021-05-10,57283.08702083,89586.34925,2575419,binance
2021-05-11,55698.06070631,64329.54055,1911480,binance
2021-05-12,54847.37658178,99842.789836,2676826,binance
2021-05-13,49573.03629529,147332.002121,3570506,binance
2021-05-14,50147.28241074,80082.204306,2095860,binance
2021-05-15,48646.01883998,89437.449359,2286791,binance
2021-05-16,46972.13969086,114269.812775,2661295,binance
2021-05-17,44083.0443198,166657.172736,3216821,binance
2021-05-18,43996.2079631,116979.860784,2561165,binance
2021-05-19,38035.27527022,354347.243161,6331062,binance
2021-05-20,39503.45777277,203017.596923,4269898,binance
2021-05-21,38165.82241057,202100.888258,3993336,binance
2021-05-22,37383.30781696,126542.243689,2716691,binance
2021-05-23,34223.9005444,217136.046593,4082004,binance
2021-05-24,37101.6510818,161630.893971,3510578,binance
2021-05-25,37979.13233324,111996.228404,2508310,binance
2021-05-26,39260.2323111,104780.773396,2432319,binance
2021-05-27,38839.09735332,86547.158794,2102182,binance
2021-05-28,36389.03231001,135377.62972,2659178,binance
2021-05-29,35058.89321027,112663.092689,2169643,binance
2021-05-30,35384.25587283,73535.386967,1559892,binance
2021-05-31,36172.69687176,94160.735289,1896359,binance
2021-06-01,36609.10456644,81234.66377,1760417,binance
2021-06-02,37336.30236736,67587.372495,1530915,binance
2021-06-03,38621.42380863,75889.106011,1949658,binance
2021-06-04,37007.02144457,91317.799245,1926311,binance
2021-06-05,36340.63116845,70459.62149,1463754,binance
2021-06-06,35925.49111252,47650.206637,993430,binance
2021-06-07,35522.72364099,77574.952573,1532260,binance
2021-06-08,32703.81694573,123251.189037,2074885,binance
2021-06-09,35098.6457678,136607.597517,2601479,binance
2021-06-10,37095.38828137,109527.284943,2231430,binance
2021-06-11,36997.46956928,78466.0053,1727645,binance
2021-06-12,35709.92722545,87717.54999,1719650,binance
2021-06-13,36918.4728453,86921.025555,1894103,binance
2021-06-14,39810.28771275,108522.391949,2185089,binance
2021-06-15,40254.85741485,80679.622838,1931890,binance
2021-06-16,39312.73012202,87771.976937,2134897,binance
2021-06-17,38541.26416924,79541.307119,1620210,binance
2021-06-18,36836.50338903,95228.042935,1809253,binance
2021-06-19,35711.39661045,68712.449461,1212278,binance
2021-06-20,34765.21948867,89878.17085,1691871,binance
2021-06-21,32859.12492474,168778.873159,2688993,binance
2021-06-22,31370.7276787,204208.179762,3113977,binance
2021-06-23,33727.51005923,126966.100563,2026228,binance
2021-06-24,33770.22871067,86625.80426,1531230,binance
2021-06-25,33138.74792413,116061.130356,2094932,binance
2021-06-26,31315.18920061,107820.375287,1814051,binance
2021-06-27,33121.54750504,96613.244211,1799875,binance
2021-06-28,34505.52818331,82222.267819,1868627,binance
2021-06-29,35620.56031701,90788.79622,1673802,binance
2021-06-30,34852.40049612,77152.197634,1301036,binance
2021-07-01,33619.68886021,71708.266112,1240681,binance
2021-07-02,33293.936545,56172.181378,1176457,binance
2021-07-03,34346.32351344,43044.578641,1078278,binance
2021-07-04,35339.48237548,43703.475789,1164970,binance
2021-07-05,34049.8181559,64123.874245,1109367,binance
2021-07-06,34215.26707968,58210.596349,1184687,binance
2021-07-07,34524.13288427,53807.521675,1041416,binance
2021-07-08,32864.11022883,70136.48032,1257892,binance
2021-07-09,33145.86740237,47153.939899,1236351,binance
2021-07-10,33709.73781257,34761.175468,865508,binance
2021-07-11,33891.1399481,31572.647448,952891,binance
2021-07-12,33636.35375466,48181.403762,1176847,binance
2021-07-13,32791.20700098,41126.361008,956053,binance
2021-07-14,32401.93668921,46777.823484,1123129,binance
2021-07-15,31992.47712923,51639.576353,1099367,binance
2021-07-16,31718.49526619,48499.864154,1067591,binance
2021-07-17,31542.05365741,34012.242132,883442,binance
2021-07-18,31760.75547806,35923.716186,760979,binance
2021-07-19,31063.55573916,47340.468499,846029,binance
2021-07-20,29839.58510623,61034.049017,1062139,binance
2021-07-21,31440.31559948,82796.265128,1415058,binance
2021-07-22,32130.54899514,46148.092433,1000742,binance
2021-07-23,32565.43100894,50112.863626,1394786,binance
2021-07-24,33870.97202259,47977.550138,1196914,binance
2021-07-25,34416.60961756,47852.928313,1245775,binance
2021-07-26,38257.65120464,152452.512724,3330102,binance
2021-07-27,37734.85736193,88397.267015,1938478,binance
2021-07-28,39872.79356689,101344.528441,2631048,binance
2021-07-29,39893.57333192,53998.439283,1428738,binance
2021-07-30,39941.87922604,73602.784805,1797012,binance
2021-07-31,41656.50427189,44849.791012,1565380,binance
2021-08-01,41287.03832297,53953.186326,1603964,binance
2021-08-02,39556.11231313,50837.351954,1162878,binance
2021-08-03,38435.91060736,57117.435853,1379871,binance
2021-08-04,38769.69012561,52329.35243,1220555,binance
2021-08-05,39297.84385265,84343.755621,1913281,binance
2021-08-06,41555.89008229,75753.941347,2223356,binance
2021-08-07,43563.34206175,73396.740808,2258213,binance
2021-08-08,44352.58872165,69329.092698,1857112,binance
2021-08-09,45086.0122022,74587.884845,2130595,binance
2021-08-10,45572.83423301,53814.643421,1951330,binance
2021-08-11,46132.42233566,52734.901977,1862925,binance
2021-08-12,44851.33076198,55266.108781,1623329,binance
2021-08-13,46423.40231867,48239.370431,1804716,binance
2021-08-14,46980.19238725,46114.359022,1849556,binance
2021-08-15,46324.40658007,42110.711334,1580122,binance
2021-08-16,46915.02857709,52480.574014,1655378,binance
2021-08-17,45869.03570755,57039.341629,1781303,binance
2021-08-18,45096.11095661,54099.415985,1656723,binance
2021-08-19,45239.48175813,53411.75392,1774382,binance
2021-08-20,47864.8176772,56850.352228,1950404,binance
2021-08-21,49009.72162653,46745.136584,2069725,binance
2021-08-22,48832.01792493,37007.887795,1610192,binance
2021-08-23,49877.89890127,52462.541954,2143309,binance
2021-08-24,48732.70733297,51014.594748,1692896,binance
2021-08-25,48133.51929781,44655.830342,1559186,binance
2021-08-26,47272.42509123,49371.277774,1532753,binance
2021-08-27,47710.04617132,42068.104965,1320503,binance
2021-08-28,48872.34055693,26681.063786,793012,binance
2021-08-29,48653.91474609,32652.283473,1193046,binance
2021-08-30,47962.85752866,40288.35083,1204012,binance
2021-08-31,47358.91860848,48645.52737,1300400,binance
2021-09-01,47812.66260689,49904.65528,1280384,binance
2021-09-02,49699.57763759,54410.770538,1549849,binance
2021-09-03,49971.06800269,59025.644157,1645163,binance
2021-09-04,50008.48578777,34664.65959,1225830,binance
2021-09-05,50541.87498165,40544.835873,1417660,binance
2021-09-06,51762.60336672,49249.667081,1678015,binance
2021-09-07,48794.50787166,123048.802719,3321711,binance
2021-09-08,46113.99066851,65069.3152,1796101,binance
2021-09-09,46432.1007957,50651.66002,1567586,binance
2021-09-10,45744.70823913,49048.26618,1569941,binance
2021-09-11,45346.65762292,30440.4081,1060890,binance
2021-09-12,45639.93635275,32094.28052,1179808,binance
2021-09-13,44791.47433794,65429.15056,1703512,binance
2021-09-14,46198.19874834,44855.85099,1210258,binance
2021-09-15,47610.46459985,43204.71174,1176050,binance
2021-09-16,47843.90367576,40725.08895,1176129,binance
2021-09-17,47505.23710728,34461.92776,1033968,binance
2021-09-18,48257.26165472,30906.47038,976346,binance
2021-09-19,47630.62558757,29847.24349,909785,binance
2021-09-20,44320.29576851,78003.524443,1842231,binance
2021-09-21,42018.52987944,84534.080485,1820721,binance
2021-09-22,42548.06618612,58349.05542,1304011,binance
2021-09-23,44090.9645955,48699.57655,1196106,binance
2021-09-24,42760.33434382,84113.426292,1819744,binance
2021-09-25,42513.9737719,33594.57189,949787,binance
2021-09-26,42595.37248153,49879.99765,1374145,binance
2021-09-27,43465.2962209,39776.84383,1001487,binance
2021-09-28,41877.118862,43372.2624,1045389,binance
2021-09-29,41765.48407842,33511.53487,884909,binance
2021-09-30,43239.17451647,46381.22781,1197815,binance
2021-10-01,46435.21314377,66244.87492,1771237,binance
2021-10-02,47824.11007785,30508.98131,996116,binance
2021-10-03,48102.57154795,30825.05601,1114294,binance
2021-10-04,48261.40126309,46796.49372,1437692,binance
2021-10-05,50226.72961301,52125.66793,1641651,binance
2021-10-06,53042.78262158,79877.545181,2443126,binance
2021-10-07,54320.56751795,54917.37766,1703147,binance
2021-10-08,54637.64161131,46160.25785,1548832,binance
2021-10-09,54821.00146599,55177.08013,1609483,binance
2021-10-10,55177.92159737,89237.836128,2427176,binance
2021-10-11,56574.61773231,52933.165751,1690409,binance
2021-10-12,56426.74670475,53471.2855,1554412,binance
2021-10-13,55964.7861888,55808.44492,1610489,binance
2021-10-14,57647.4665417,43053.336781,1372048,binance
2021-10-15,60104.40654212,82512.908022,2649137,binance
2021-10-16,61277.24577795,35467.88096,1360379,binance
2021-10-17,60658.37135404,39099.24124,1331655,binance
2021-10-18,61683.14553131,51798.44844,1629184,binance
2021-10-19,62856.2908906,53628.107744,1755708,binance
2021-10-20,65388.84823924,51428.934856,1823286,binance
2021-10-21,64310.54986694,68538.64537,2181665,binance
2021-10-22,61961.19474505,52119.35886,1555280,binance
2021-10-23,61031.80152204,27626.93678,982103,binance
2021-10-24,60515.58496066,31226.57676,1052085,binance
2021-10-25,62662.12073624,36853.83806,1270453,binance
2021-10-26,61978.14587871,40217.50083,1334460,binance
2021-10-27,59369.6009975,62124.49016,1913083,binance
2021-10-28,60233.36917056,61056.35301,1878275,binance
2021-10-29,61538.56566145,43973.90414,1417344,binance
2021-10-30,61562.12353204,31478.12566,1197748,binance
2021-10-31,61031.33784124,39267.63794,1563417,binance
2021-11-01,61253.65242023,44687.66672,1472636,binance
2021-11-02,62741.61519815,46368.2841,1858362,binance
2021-11-03,62612.69694119,43336.09049,1601925,binance
2021-11-04,61733.38215464,35930.93314,1346081,binance
2021-11-05,61489.57081127,31604.48749,1243074,binance
2021-11-06,60833.92028202,25590.57408,965309,binance
2021-11-07,62147.8324063,25515.6883,1068629,binance
2021-11-08,65679.25426707,54442.094554,2349581,binance
2021-11-09,67492.92324786,44661.378068,1847655,binance
2021-11-10,66525.63595502,65171.504046,2347934,binance
2021-11-11,64867.57058129,37237.98058,1327827,binance
2021-11-12,63930.76270516,44490.10816,1479149,binance
2021-11-13,64094.34752044,22504.97383,904149,binance
2021-11-14,64519.31690564,25705.07347,951393,binance
2021-11-15,65053.04852315,37829.37124,1305209,binance
2021-11-16,60754.43235608,77455.15609,2353681,binance
2021-11-17,59793.45071406,46289.38491,1471305,binance
2021-11-18,58648.43386828,62146.99931,1960419,binance
2021-11-19,57106.16795607,50715.88726,1560459,binance
2021-11-20,58640.21258075,33811.5901,1200190,binance
2021-11-21,59136.25102884,31902.22785,1249219,binance
2021-11-22,57393.16258122,51724.32047,1624768,binance
2021-11-23,56837.59744913,49917.85017,1570845,binance
2021-11-24,56709.36658784,39612.04964,1432991,binance
2021-11-25,58255.13826983,42153.51522,1604266,binance
2021-11-26,55353.73467846,65927.87066,2138184,binance
2021-11-27,54621.02994847,29716.99957,1110145,binance
2021-11-28,54811.80362107,36163.7137,1253408,binance
2021-11-29,57653.71214667,40125.28009,1349625,binance
2021-11-30,57436.60807885,49161.05194,1587472,binance
2021-12-01,57498.26748329,44956.63656,1442301,binance
2021-12-02,56611.1332045,37574.05976,1307890,binance
2021-12-03,55087.82867737,58927.69027,1865063,binance
2021-12-04,48122.15157588,114203.373748,3362771,binance
2021-12-05,48956.69055469,45580.82012,1371839,binance
2021-12-06,48684.81698162,58571.21575,1741956,binance
2021-12-07,50990.76143752,38253.46877,1212350,binance
2021-12-08,50108.32671306,38425.92466,1118225,binance
2021-12-09,48854.96796751,37692.68665,1130599,binance
2021-12-10,48267.04094038,44233.57391,1215231,binance
2021-12-11,48375.34255539,28889.19358,957390,binance
2021-12-12,49670.19568863,26017.93421,863605,binance
2021-12-13,47649.13167014,50869.52093,1399599,binance
2021-12-14,47237.66385574,39955.98445,1194992,binance
2021-12-15,48170.671332,51629.181,1438176,binance
2021-12-16,48551.0827046,31949.86739,1023983,binance
2021-12-17,46769.29039913,43104.4887,1261780,binance
2021-12-18,46570.85055761,25020.05271,862066,binance
2021-12-19,47259.00709044,29305.70665,874827,binance
2021-12-20,46399.78898017,35848.50609,1076488,binance
2021-12-21,48449.84826248,37713.92924,1119412,binance
2021-12-22,48970.84481665,27004.2022,949480,binance
2021-12-23,49389.15486244,35192.54046,1176050,binance
2021-12-24,51068.21700118,31661.94946,1074410,binance
2021-12-25,50769.00056057,19135.51613,766979,binance
2021-12-26,50164.19152701,22569.88914,797133,binance
2021-12-27,51127.34458605,28779.58212,1009238,binance
2021-12-28,48897.25062761,45853.33924,1345774,binance
2021-12-29,47438.96651406,39498.87,1114074,binance
2021-12-30,47072.41043793,30352.29569,910157,binance
2021-12-31,47247.01111404,34937.99796,1059783,binance
2022-01-01,47140.0388676,19604.46325,714899,binance
2022-01-02,47251.32175871,18340.4604,709624,binance
2022-01-03,46713.90017656,27662.0771,885624,binance
2022-01-04,46466.74383597,35491.4136,1021815,binance
2022-01-05,45077.3057282,51784.11857,1478532,binance
2022-01-06,43067.1318993,38880.37305,1150707,binance
2022-01-07,41830.72722165,54836.50818,1406635,binance
2022-01-08,41490.74898417,32952.73111,1021908,binance
2022-01-09,41929.83335929,22724.39426,752733,binance
2022-01-10,41161.94551744,50729.17019,1250983,binance
2022-01-11,42223.96892001,37296.43729,1015526,binance
2022-01-12,43334.22942727,33943.2928,1023902,binance
2022-01-13,43423.27173772,34910.87762,1036234,binance
2022-01-14,42645.918824,32640.88292,946938,binance
2022-01-15,43147.60395601,21936.05616,752688,binance
2022-01-16,43063.19508949,20602.35271,732171,binance
2022-01-17,42427.18344872,27562.08613,918029,binance
2022-01-18,41892.51904018,29324.08257,905061,binance
2022-01-19,41895.1626331,31685.72159,924528,binance
2022-01-20,42163.64007994,42330.33953,1098761,binance
2022-01-21,38323.96486927,88860.891999,2092561,binance
2022-01-22,35453.56004307,90471.338961,2099978,binance
2022-01-23,35511.10114413,44279.52354,1142407,binance
2022-01-24,34732.06199439,91904.753211,1999352,binance
2022-01-25,36545.52992788,49232.40183,1248246,binance
2022-01-26,37626.89306662,69830.16036,1584468,binance
2022-01-27,36323.80587266,53020.87934,1308408,binance
2022-01-28,37011.76529697,42154.26956,1061101,binance
2022-01-29,37874.91178319,26129.49682,816601,binance
2022-01-30,37924.63772643,21430.66527,698593,binance
2022-01-31,37627.05956582,36855.2458,936014,binance
2022-02-01,38591.10692323,34574.44663,917617,binance
2022-02-02,37801.53642484,35794.6813,907905,binance
2022-02-03,36766.27270766,32081.10999,848961,binance
2022-02-04,39048.19135118,64703.95874,1380724,binance
2022-02-05,41491.18574264,32532.34372,1006352,binance
2022-02-06,41694.34671977,22405.16704,788291,binance
2022-02-07,43174.63452878,51060.62006,1473274,binance
2022-02-08,43888.30262087,64880.29387,1653350,binance
2022-02-09,43932.05500609,34428.16729,1066395,binance
2022-02-10,44456.52357194,62357.29091,1541483,binance
2022-02-11,43087.48192658,44975.1687,1169354,binance
2022-02-12,42291.75209849,26556.85681,830322,binance
2022-02-13,42326.29583355,17732.08113,624898,binance
2022-02-14,42249.99451912,34010.1306,867622,binance
2022-02-15,43912.51705765,38095.19576,990694,binance
2022-02-16,43937.16969316,28471.8727,823745,binance
2022-02-17,42191.93955974,47245.99494,1067658,binance
2022-02-18,40268.79282964,43845.92241,1025882,binance
2022-02-19,40015.43239188,18042.0551,586653,binance
2022-02-20,38673.56625089,33439.29011,811235,binance
2022-02-21,38205.54560109,62347.68496,1352290,binance
2022-02-22,37382.03721223,53785.94589,1212527,binance
2022-02-23,38233.67080333,43560.732,1030872,binance
2022-02-24,35983.07374179,120476.29458,2622780,binance
2022-02-25,38849.42531107,56574.57125,1408558,binance
2022-02-26,39256.55252245,29361.2568,924257,binance
2022-02-27,38514.68730674,46229.44719,1265753,binance
2022-02-28,40234.42468416,73945.63858,1931087,binance
2022-03-01,43755.67600694,61743.09873,1866871,binance
2022-03-02,44144.61629108,57782.65081,1653131,binance
2022-03-03,43033.48720968,50940.61021,1289320,binance
2022-03-04,40781.31392962,61964.68498,1465066,binance
2022-03-05,39116.18471817,30363.13341,879727,binance
2022-03-06,38870.07188033,39677.26158,986352,binance
2022-03-07,38274.80291148,63994.11559,1456041,binance
2022-03-08,38674.5974054,55583.06638,1271128,binance
2022-03-09,41506.65413496,67392.58799,1570230,binance
2022-03-10,39663.62514319,71962.93154,1512655,binance
2022-03-11,39069.35441392,59018.7642,1252571,binance
2022-03-12,39096.6607148,24034.36432,671733,binance
2022-03-13,38681.6427487,32791.82359,841844,binance
2022-03-14,38809.35091499,46945.45375,1114899,binance
2022-03-15,39042.71519845,46015.54926,1060517,binance
2022-03-16,40314.71924482,88120.76167,2051837,binance
2022-03-17,40901.00867847,37189.38087,935784,binance
2022-03-18,41013.40371883,45408.00969,1065054,binance
2022-03-19,41858.51916958,29067.18108,801197,binance
2022-03-20,41557.65493538,30653.33468,799695,binance
2022-03-21,41058.67533865,39426.24877,947206,binance
2022-03-22,42485.54254522,59454.94294,1367343,binance
2022-03-23,42268.79544052,40828.87039,916671,binance
2022-03-24,43353.55207854,56195.12374,1202541,binance
2022-03-25,44331.74346763,54614.43648,1141588,binance
2022-03-26,44389.36900174,23041.61741,693647,binance
2022-03-27,45540.8651627,41874.91071,1135096,binance
2022-03-28,47327.11379852,58949.2614,1498975,binance
2022-03-29,47552.12807411,36772.28457,1095678,binance
2022-03-30,47186.42932358,40947.2085,1081607,binance
2022-03-31,46510.00656072,48645.12667,1290541,binance
2022-04-01,45432.45987405,56271.06474,1372216,binance
2022-04-02,46439.88538883,37073.53582,1056716,binance
2022-04-03,46444.51717239,33394.67794,966563,binance
2022-04-04,45997.9451452,44641.87514,1171998,binance
2022-04-05,46256.00989242,42192.74852,1046080,binance
2022-04-06,44382.48916291,60849.32936,1471912,binance
2022-04-07,43423.25303142,37396.54156,999816,binance
2022-04-08,43202.31636149,42375.04203,1108136,binance
2022-04-09,42437.34604102,17891.66047,640230,binance
2022-04-10,42661.97031294,22771.09403,678983,binance
2022-04-11,40938.02336566,63560.44721,1385924,binance
2022-04-12,39990.88086018,57751.01778,1153667,binance
2022-04-13,40567.95505057,41342.27254,948061,binance
2022-04-14,40609.82196524,36807.01401,803756,binance
2022-04-15,40242.82254366,24026.35739,616536,binance
2022-04-16,40383.26133042,15805.44718,423446,binance
2022-04-17,40193.83879831,19988.49259,590241,binance
2022-04-18,39701.99461035,54243.49575,1157741,binance
2022-04-19,41140.26906564,35788.85843,934526,binance
2022-04-20,41515.39341626,40877.35041,1063843,binance
2022-04-21,41743.37232657,59316.27657,1515456,binance
2022-04-22,40077.39535585,46664.0196,1043471,binance
2022-04-23,39656.01590218,20291.42375,724132,binance
2022-04-24,39557.80396142,26703.61186,868183,binance
2022-04-25,39184.3837097,63037.12784,1280351,binance
2022-04-26,39237.76051752,66650.258,1381618,binance
2022-04-27,38864.79114516,57083.12272,1232083,binance
2022-04-28,39649.49829134,56086.6715,1135242,binance
2022-04-29,38989.17538568,51453.65715,1101140,binance
2022-04-30,38359.42493311,35321.18989,1017369,binance
2022-05-01,38087.44953404,38812.24104,1021157,binance
2022-05-02,38692.00899741,53200.92628,1053893,binance
2022-05-03,38180.9484113,40316.45358,1005131,binance
2022-05-04,38970.33797944,62574.61736,1238847,binance
2022-05-05,37529.22572945,88722.43355,1979692,binance
2022-05-06,36040.13344653,68437.80187,1214518,binance
2022-05-07,35661.56784606,34281.70682,746488,binance
2022-05-08,34486.06488068,72445.64344,1301451,binance
2022-05-09,32137.09551257,191876.926428,2564538,binance
2022-05-10,31292.17814176,165532.00311,2470325,binance
2022-05-11,30426.84352423,207063.739278,3559270,binance
2022-05-12,28338.60872235,204507.263138,3951233,binance
2022-05-13,30211.3437924,97872.36957,2051900,binance
2022-05-14,29385.607876,51095.87863,1204626,binance
2022-05-15,30285.89219523,46275.66912,1016769,binance
2022-05-16,29905.61091428,73082.19658,1561954,binance
2022-05-17,30235.96903568,56724.13307,1175382,binance
2022-05-18,29504.07830721,59749.15799,1379212,binance
2022-05-19,29676.46373736,67877.36415,1860780,binance
2022-05-20,29753.31715457,60517.25325,1694004,binance
2022-05-21,29360.59516342,20987.13124,643486,binance
2022-05-22,29938.08431763,36158.98748,862880,binance
2022-05-23,29957.13462822,63901.49932,1328317,binance
2022-05-24,29276.09243832,59442.96036,946421,binance
2022-05-25,29757.90971936,59537.38659,985440,binance
2022-05-26,29171.14763102,94581.65463,1431112,binance
2022-05-27,28863.2821239,90998.5201,1321406,binance
2022-05-28,28848.40407173,34479.35127,684423,binance
2022-05-29,29193.14339411,27567.34764,635311,binance
2022-05-30,30795.04469787,96785.9476,1380410,binance
2022-05-31,31734.10577259,62433.11632,1161340,binance
2022-06-01,30670.45397459,103395.63382,1404611,binance
2022-06-02,30049.33211521,56961.42928,1086183,binance
2022-06-03,29881.50971224,54067.44727,993769,binance
2022-06-04,29700.88476824,25617.90113,618037,binance
2022-06-05,29870.51321737,23139.9281,604680,binance
2022-06-06,31225.97226233,68836.92456,1124745,binance
2022-06-07,30245.42646465,110674.51658,1743957,binance
2022-06-08,30452.15734124,68542.61276,1236327,binance
2022-06-09,30239.86161544,46291.1865,841562,binance
2022-06-10,29602.89354485,76204.2498,1258608,binance
2022-06-11,28709.66653547,65901.39895,1084163,binance
2022-06-12,27594.24933111,92474.598809,1451271,binance
2022-06-13,24320.41501356,254611.034966,3261484,binance
2022-06-14,22094.40339717,187201.64671,2583151,binance
2022-06-15,21164.4238662,200774.493467,2847831,binance
2022-06-16,21370.12490856,99673.59429,1690477,binance
2022-06-17,20723.09982852,86694.33663,1352992,binance
2022-06-18,18970.72090823,196441.655524,2467372,binance
2022-06-19,19385.4800563,128320.87595,1950660,binance
2022-06-20,20365.20166462,109028.94154,1639448,binance
2022-06-21,21065.18630233,104371.0749,1515321,binance
2022-06-22,20320.45724972,92133.97938,1394981,binance
2022-06-23,20579.27114858,83127.08716,1207858,binance
2022-06-24,21117.41518211,77430.36622,1309709,binance
2022-06-25,21268.47075164,51431.67794,874540,binance
2022-06-26,21383.23753934,53278.10464,885306,binance
2022-06-27,21006.11397491,64475.0013,1002214,binance
2022-06-28,20718.50369355,63801.0832,1064497,binance
2022-06-29,20134.12291371,77309.04379,1210636,binance
2022-06-30,19276.06799419,93846.64806,1438163,binance
2022-07-01,19643.47379637,111844.59494,1668363,binance
2022-07-02,19237.97585709,46180.3021,833508,binance
2022-07-03,19187.79618952,51087.46631,880786,binance
2022-07-04,19661.91877024,74814.04601,1282843,binance
2022-07-05,19990.91388279,96041.13756,1612273,binance
2022-07-06,20202.45532362,82439.5808,1472221,binance
2022-07-07,20975.50833019,85014.58261,1653722,binance
2022-07-08,21785.49140955,403081.57349,4358216,binance
2022-07-09,21618.86066056,178417.84468,3524386,binance
2022-07-10,21139.66404461,192188.21556,3434401,binance
2022-07-11,20458.13574536,137535.40724,3232941,binance
2022-07-12,19742.5658036,139506.45862,3626399,binance
2022-07-13,19576.11083249,209250.24888,4789109,binance
2022-07-14,20171.76302032,174809.21696,4576355,binance
2022-07-15,20819.52649575,143343.3049,4411375,binance
2022-07-16,20986.54485407,121011.67393,3723401,binance
2022-07-17,21240.48906153,118229.4525,4261057,binance
2022-07-18,21936.05441842,239942.73132,6564387,binance
2022-07-19,22574.22230063,263770.76574,6488375,binance
2022-07-20,23587.49348378,238762.17094,6364038,binance
2022-07-21,22900.46988824,184817.68191,4808194,binance
2022-07-22,23201.81217333,171598.43966,4745582,binance
2022-07-23,22476.77009651,122137.77375,3762227,binance
2022-07-24,22665.38227239,115189.67277,3671238,binance
2022-07-25,21924.68917628,180344.76643,4807238,binance
2022-07-26,21025.94090884,177817.24326,4545385,binance
2022-07-27,21874.59568567,210971.19796,5475738,binance
2022-07-28,23350.46463505,236029.0741,6500034,binance
2022-07-29,23871.99344716,198298.50623,6221401,binance
2022-07-30,24060.62436328,151060.13211,4801528,binance
2022-07-31,23706.80686975,127743.32483,4463721,binance
2022-08-01,23204.82716914,144210.16219,4775213,binance
2022-08-02,22970.48936761,158073.28225,5066511,binance
2022-08-03,23196.01478741,145948.80995,4887642,binance
2022-08-04,22843.57540383,154854.67016,4966138,binance
2022-08-05,23089.2824966,175251.69749,5340569,binance
2022-08-06,23175.44833454,83911.80307,3360228,binance
2022-08-07,23082.04344834,88890.00877,3646643,binance
2022-08-08,23854.05525627,170958.44152,5892045,binance
2022-08-09,23376.53496996,143182.50858,5105613,binance
2022-08-10,23544.45165094,208916.54953,6818207,binance
2022-08-11,24414.7131406,249759.79557,8269994,binance
2022-08-12,23970.45428205,174207.5704,6134163,binance
2022-08-13,24542.76624316,152852.25435,5617859,binance
2022-08-14,24526.55050177,151206.14473,5473905,binance
2022-08-15,24301.4640595,242539.54758,7488466,binance
2022-08-16,23950.41925021,179324.94821,5978567,binance
2022-08-17,23703.85219419,210668.68766,6901586,binance
2022-08-18,23409.62119745,144185.97011,6029662,binance
2022-08-19,21767.07390192,283995.87747,8860928,binance
2022-08-20,21149.51547894,183041.68363,5723362,binance
2022-08-21,21388.31841117,159200.6841,5034461,binance
2022-08-22,21246.37099519,222222.04526,6443370,binance
2022-08-23,21395.53272077,200967.77164,6333442,binance
2022-08-24,21471.08428029,174383.22046,5561412,binance
2022-08-25,21611.57852173,169915.78301,5618785,binance
2022-08-26,21128.21024398,273811.61955,7587244,binance
2022-08-27,20111.41957085,162582.46032,5263328,binance
2022-08-28,19963.92658283,139307.95976,4678693,binance
2022-08-29,20005.43680932,210509.49545,5840323,binance
2022-08-30,20098.53599212,256634.35529,6593178,binance
2022-08-31,20205.44372027,276946.60765,6389133,binance
2022-09-01,19948.4653992,245289.97263,5937975,binance
2022-09-02,20110.40338437,245986.6033,5740705,binance
2022-09-03,19836.57580484,146639.03204,3739909,binance
2022-09-04,19803.91406801,145588.77893,3838915,binance
2022-09-05,19793.79707601,222543.01057,4657233,binance
2022-09-06,19580.45007592,356315.05718,7124384,binance
2022-09-07,18917.62937344,287394.7788,5597127,binance
2022-09-08,19242.62394253,262813.28273,6013826,binance
2022-09-09,20819.35235008,428919.74652,7777214,binance
2022-09-10,21395.48745766,307997.33504,5615783,binance
2022-09-11,21605.23162516,280702.55149,4801844,binance
2022-09-12,22113.95948412,395395.61828,6979539,binance
2022-09-13,21537.19726465,431915.03333,8126869,binance
2022-09-14,20204.52396334,340826.40151,6313052,binance
2022-09-15,19981.59472366,333069.76076,6690974,binance
2022-09-16,19676.49264482,283791.07064,5120935,binance
2022-09-17,19953.51539676,179350.24338,3862666,binance
2022-09-18,19801.82151345,254217.46904,4634096,binance
2022-09-19,18961.79135721,380512.40306,6820580,binance
2022-09-20,19148.64304367,324098.3286,5900070,binance
2022-09-21,19059.78622608,385034.10021,6907777,binance
2022-09-22,18991.11250577,379321.72111,6251862,binance
2022-09-23,18996.0728435,385886.91829,5906265,binance
2022-09-24,19077.21698105,239496.56746,3907636,binance
2022-09-25,18960.76801077,191191.4492,3714450,binance
2022-09-26,19025.96863013,439239.21943,5837041,binance
2022-09-27,19731.24031249,593260.74161,8152473,binance
2022-09-28,19111.50359636,521385.45547,7357437,binance
2022-09-29,19360.98350387,406424.93256,5631615,binance
2022-09-30,19567.13509183,444322.9534,6254203,binance
2022-10-01,19322.85341736,165625.13959,2470590,binance
2022-10-02,19199.63914077,206812.47032,3320217,binance
2022-10-03,19320.09903346,293585.75212,4471910,binance
2022-10-04,19979.16958545,327012.00127,4871932,binance
2022-10-05,20098.13649908,312239.75224,4540004,binance
2022-10-06,20157.59295363,320122.1702,5085004,binance
2022-10-07,19711.07936574,220874.83913,4324772,binance
2022-10-08,19476.14251461,102480.09842,2637385,binance
2022-10-09,19446.80531541,113900.82681,2833704,binance
2022-10-10,19301.50526389,212509.09849,4432688,binance
2022-10-11,19069.16710667,243473.84286,4792106,binance
2022-10-12,19113.19723877,213826.26731,4556597,binance
2022-10-13,18897.26873763,399756.68337,7470896,binance
2022-10-14,19559.01721333,351634.32601,6688310,binance
2022-10-15,19133.60717211,113847.64232,3052219,binance
2022-10-16,19193.69709985,131894.61885,3438605,binance
2022-10-17,19440.73891069,222813.87634,5162979,binance
2022-10-18,19460.96985616,260313.07848,5588482,binance
2022-10-19,19206.47504387,186137.29538,4545820,binance
2022-10-20,19129.52724085,223530.13068,5391090,binance
2022-10-21,19036.07390898,269310.75769,5679281,binance
2022-10-22,19178.62938358,110403.90837,2887106,binance
2022-10-23,19355.01058073,167057.20184,3939703,binance
2022-10-24,19351.19287842,256168.14467,5676899,binance
2022-10-25,19775.52475673,326370.67061,7214687,binance
2022-10-26,20587.91604091,380492.69576,8512349,binance
2022-10-27,20603.50597773,328643.57791,7748080,binance
2022-10-28,20379.0569693,287039.94569,6638096,binance
2022-10-29,20805.87467818,254881.77755,6255599,binance
2022-10-30,20718.25969971,192795.60886,4920007,binance
2022-10-31,20510.43644491,303567.61628,6571526,binance
2022-11-01,20505.31407463,279932.43771,5971938,binance
2022-11-02,20425.66686047,373716.27299,7431698,binance
2022-11-03,20244.27852037,319185.1544,6948227,binance
2022-11-04,20740.53014137,453694.39165,9249613,binance
2022-11-05,21335.205493,245621.98525,5570832,binance
2022-11-06,21203.26577246,230036.97217,5268210,binance
2022-11-07,20763.61024933,386977.60337,8344242,binance
2022-11-08,19400.92055597,760705.362783,14530601,binance
2022-11-09,17402.99363232,731926.929729,13605474,binance
2022-11-10,16966.59100303,608448.36432,12719887,binance
2022-11-11,17088.61609788,393552.86492,9900073,binance
2022-11-12,16850.97860295,167819.96035,5046837,binance
2022-11-13,16621.25338917,184960.78846,5382834,binance
2022-11-14,16501.16381916,380210.7775,9215128,binance
2022-11-15,16846.68374998,282461.84391,7200265,binance
2022-11-16,16683.16754304,261493.40809,6297404,binance
2022-11-17,16598.93695847,228038.97873,5352083,binance
2022-11-18,16750.99201944,214224.18184,5114799,binance
2022-11-19,16649.91756843,104963.15558,3142123,binance
2022-11-20,16540.49639741,154842.13478,4557344,binance
2022-11-21,16010.01660916,324096.997753,7440871,binance
2022-11-22,15961.77612276,239548.06623,6276097,binance
2022-11-23,16487.67777484,264927.70408,6260616,binance
2022-11-24,16613.21648882,206565.92346,5031851,binance
2022-11-25,16494.92831416,182089.49533,4396465,binance
2022-11-26,16567.16495735,181804.81666,3817130,binance
2022-11-27,16534.73657663,162025.47607,3362221,binance
2022-11-28,16210.81558217,252695.40367,5570407,binance
2022-11-29,16414.94748932,248106.25009,5206638,binance
2022-11-30,16908.44980405,303019.80719,6519330,binance
2022-12-01,17063.13116386,232818.18218,5097720,binance
2022-12-02,16960.75378191,202372.2062,4305515,binance
2022-12-03,16969.46155962,154542.57306,3308694,binance
2022-12-04,17019.56576088,178619.13387,3948990,binance
2022-12-05,17181.33603487,233703.29225,5138207,binance
2022-12-06,16997.72752699,218730.76883,4416864,binance
2022-12-07,16873.24589711,220657.41334,4284989,binance
2022-12-08,16959.0635969,236417.97804,4520282,binance
2022-12-09,17187.89505373,238422.06465,4282003,binance
2022-12-10,17157.7504575,140573.97937,3032257,binance
2022-12-11,17153.36793139,155286.47871,3260722,binance
2022-12-12,16995.22663464,226227.49694,4463916,binance
2022-12-13,17520.37188978,284462.9139,6242080,binance
2022-12-14,17923.70562886,266681.22209,5743730,binance
2022-12-15,17538.41818438,223701.96882,4789226,binance
2022-12-16,17005.87849701,253379.04116,5703001,binance
2022-12-17,16694.90964529,144825.66684,3905843,binance
2022-12-18,16734.83811961,112619.31646,3369193,binance
2022-12-19,16645.38913384,179094.28305,4681887,binance
2022-12-20,16787.96563705,248808.92324,5945803,binance
2022-12-21,16826.17505068,156810.96362,4375570,binance
2022-12-22,16754.94483675,176044.27235,4678640,binance
2022-12-23,16830.56811743,161612.00947,4561020,binance
2022-12-24,16829.82517348,100224.29096,3076985,binance
2022-12-25,16811.54217859,125441.07202,3570157,binance
2022-12-26,16851.07597772,124564.00656,3915571,binance
2022-12-27,16796.46883788,173749.58616,5047628,binance
2022-12-28,16633.52013379,193037.56577,5465468,binance
2022-12-29,16594.35472811,160998.47158,4553877,binance
2022-12-30,16534.63522168,164916.31174,4310415,binance
2022-12-31,16569.48556708,114490.42864,3344374,binance
2023-01-01,16556.99705324,96925.41374,3218355,binance
2023-01-02,16692.97772042,121888.57191,4036118,binance
2023-01-03,16690.11068145,159541.53733,5097596,binance
2023-01-04,16835.16229839,220362.18862,6310703,binance
2023-01-05,16828.89970674,163473.56641,4842014,binance
2023-01-06,16828.75312943,207401.28415,5388661,binance
2023-01-07,16935.42350554,104526.5688,3227161,binance
2023-01-08,16957.64485072,135155.89695,4036092,binance
2023-01-09,17242.99619295,266211.52723,6327667,binance
2023-01-10,17296.98118412,221382.42581,5448751,binance
2023-01-11,17492.70782055,262221.60653,5627464,binance
2023-01-12,18365.62472096,454568.32178,8911373,binance
2023-01-13,19157.16028119,368615.87823,8021774,binance
2023-01-14,20773.76475745,393913.74951,8659545,binance
2023-01-15,20782.34768249,178542.22549,5194354,binance
2023-01-16,21047.81769383,293078.08262,6856434,binance
2023-01-17,21207.04989175,275407.74409,6440138,binance
2023-01-18,21086.86632774,350916.01949,7617173,binance
2023-01-19,20856.48156272,251385.84925,5819932,binance
2023-01-20,21462.94196944,338079.13659,7382435,binance
2023-01-21,22915.39514251,346445.48432,7796520,binance
2023-01-22,22776.25799742,253577.75286,6603827,binance
2023-01-23,22835.34283657,293588.37938,7258655,binance
2023-01-24,22927.61930698,293158.78254,7395584,binance
2023-01-25,22759.00445145,346042.83223,8060446,binance
2023-01-26,23066.90484539,288924.43581,7181086,binance
2023-01-27,23009.00497745,280833.86315,7079096,binance
2023-01-28,23015.69085246,148115.71085,4181816,binance
2023-01-29,23477.12575185,295688.79204,7030837,binance
2023-01-30,23216.23755015,302405.90121,7790224,binance
2023-01-31,22988.37667826,264649.34909,6798411,binance
2023-02-01,23207.09222451,310790.42271,7863213,binance
2023-02-02,23817.24244938,364177.20751,9102300,binance
2023-02-03,23473.1537574,332571.02904,8007846,binance
2023-02-04,23396.4974924,166126.47295,4852404,binance
2023-02-05,23141.84958644,209251.33917,5903916,binance
2023-02-06,22896.38608703,265371.6069,6956395,binance
2023-02-07,23005.76112615,308006.72482,8293878,binance
2023-02-08,23058.16895565,280056.30717,7896433,binance
2023-02-09,22469.82506424,402894.6955,9784291,binance
2023-02-10,21765.00817222,338591.94247,6993675,binance
2023-02-11,21703.57311137,177021.58433,4207940,binance
2023-02-12,21864.20228467,204435.65163,4561903,binance
2023-02-13,21657.58336048,295730.76791,6503611,binance
2023-02-14,21931.76191763,361958.40109,7695927,binance
2023-02-15,22903.48685594,375669.16111,8335550,binance
2023-02-16,24606.67287189,450080.68366,11006793,binance
2023-02-17,24090.60773862,496813.21376,10895009,binance
2023-02-18,24617.31529918,216917.25213,6296097,binance
2023-02-19,24663.26289159,300395.99542,7660484,binance
2023-02-20,24676.49154377,346938.56997,9808728,binance
2023-02-21,24683.43587702,376000.82868,10712371,binance
2023-02-22,23988.21339467,379425.75365,11395957,binance
2023-02-23,24086.52805552,398400.45437,11396877,binance
2023-02-24,23538.8075529,343582.57453,11531424,binance
2023-02-25,23031.96179038,191311.8101,9124568,binance
2023-02-26,23309.95991426,202323.73623,9506015,binance
2023-02-27,23474.24366031,283706.0859,11754195,binance
2023-02-28,23369.83263034,264140.99894,9568743,binance
2023-03-01,23602.49941964,315287.41737,9390487,binance
2023-03-02,23415.83027322,239315.45219,7435815,binance
2023-03-03,22400.65863772,319954.19785,8214639,binance
2023-03-04,22319.65564668,121257.38132,4169260,binance
2023-03-05,22429.42409843,154841.75786,4835978,binance
2023-03-06,22424.83995765,203751.82957,6471278,binance
2023-03-07,22280.86691925,292519.80912,7813394,binance
2023-03-08,22029.98436685,301460.57272,8018963,binance
2023-03-09,21194.30441134,443658.28584,10076702,binance
2023-03-10,19960.97291504,618456.4671,12106261,binance
2023-03-11,20221.94292508,427831.82133,10412300,binance
2023-03-12,20843.5406012,430944.94288,9721933,binance
2023-03-13,23005.1489229,687889.31259,14820760,binance
2023-03-14,24973.23805642,699360.93423,15223589,binance
2023-03-15,24578.18867616,581450.72984,12613034,binance
2023-03-16,24685.48841822,439421.32998,10418081,binance
2023-03-17,26385.45800391,624460.68091,13113359,binance
2023-03-18,27303.01999851,371238.97174,9948603,binance
2023-03-19,27588.33287709,372066.99054,9578297,binance
2023-03-20,27861.3970993,477378.23373,11775950,binance
2023-03-21,27939.32463615,420929.7422,11530870,binance
2023-03-22,27986.27596452,224113.41296,3589327,binance
2023-03-23,27913.98764379,128649.60818,2159091,binance
2023-03-24,27868.57410899,86242.06544,1511137,binance
2023-03-25,27480.63513361,50844.08102,1088721,binance
2023-03-26,27802.01412182,49671.70353,1068196,binance
2023-03-27,27341.49712536,88039.46898,1575264,binance
2023-03-28,27028.84941736,78602.44341,1521981,binance
2023-03-29,28159.52616537,89486.16008,1704217,binance
2023-03-30,28407.01614225,98865.43256,1843652,binance
2023-03-31,28175.27163842,78198.12139,1537349,binance
2023-04-01,28467.21005099,30238.44753,822781,binance
2023-04-02,28197.0402748,37365.65692,938464,binance
2023-04-03,27966.16135208,79180.01405,1651062,binance
2023-04-04,28098.74535221,49722.55691,1102007,binance
2023-04-05,28336.60200894,60737.64732,1262730,binance
2023-04-06,27984.60821907,40118.94963,934548,binance
2023-04-07,27918.63049054,24762.09387,655634,binance
2023-04-08,27994.11872146,19479.96735,624159,binance
2023-04-09,28093.55385177,32531.16101,777589,binance
2023-04-10,28858.80019118,67754.0622,1285695,binance
2023-04-11,30093.77827085,67990.07621,1340458,binance
2023-04-12,30032.44299058,62049.48451,1246556,binance
2023-04-13,30251.61844481,51934.11731,1054144,binance
2023-04-14,30575.66786167,75984.19452,1504180,binance
2023-04-15,30366.37012267,25429.81247,732418,binance
2023-04-16,30316.40177428,26431.99322,708233,binance
2023-04-17,29681.67965799,56441.81127,1137294,binance
2023-04-18,30013.78377929,62004.89434,1141562,binance
2023-04-19,29353.38846224,86575.48656,1699891,binance
2023-04-20,28601.45619605,76879.09372,1434642,binance
2023-04-21,27864.76255837,77684.7679,1463628,binance
2023-04-22,27464.6846815,36023.69686,859500,binance
2023-04-23,27559.09049525,34812.09581,873485,binance
2023-04-24,27459.30030385,53111.56874,1211080,binance
2023-04-25,27641.19119735,52325.14637,1087067,binance
2023-04-26,28783.93097732,129228.40403,2261942,binance
2023-04-27,29181.97251779,95430.82431,1990148,binance
2023-04-28,29295.35001446,54298.16578,1129240,binance
2023-04-29,29289.67959663,20466.83058,619319,binance
2023-04-30,29486.3007606,39752.5372,949458,binance
2023-05-01,28373.69708428,64433.65958,1362793,binance
2023-05-02,28366.89562304,50824.5224,1174697,binance
2023-05-03,28568.26726088,64615.79213,1502909,binance
2023-05-04,28979.5037136,42575.47501,961542,binance
2023-05-05,29269.23747984,58415.83048,1288027,binance
2023-05-06,29026.16565258,49249.28459,1221021,binance
2023-05-07,28858.00404841,30003.41028,855425,binance
2023-05-08,27885.85964837,68244.36179,1600637,binance
2023-05-09,27594.92770019,40113.31069,1003698,binance
2023-05-10,27702.48425014,71155.11355,1534579,binance
2023-05-11,27202.48928205,47635.31365,1257000,binance
2023-05-12,26441.10593961,67207.93494,1351633,binance
2023-05-13,26827.32508771,22814.90421,605049,binance
2023-05-14,26895.43784507,21594.8036,629537,binance
2023-05-15,27322.06251259,40430.08333,935914,binance
2023-05-16,27059.24574401,33270.45451,815642,binance
2023-05-17,26995.85943792,42958.97785,1016823,binance
2023-05-18,27048.41563773,49198.65143,1057318,binance
2023-05-19,26878.3861986,28754.13544,756295,binance
2023-05-20,26964.86761181,14434.54718,481382,binance
2023-05-21,26944.77224676,21347.87279,568937,binance
2023-05-22,26818.82663233,26458.83828,717111,binance
2023-05-23,27249.17134347,38700.83858,816399,binance
2023-05-24,26522.42922675,54393.0657,1012767,binance
2023-05-25,26288.39288174,37435.44895,753125,binance
2023-05-26,26605.42328859,35061.18713,655755,binance
2023-05-27,26718.70919489,15095.6867,415694,binance
2023-05-28,27456.10044678,43916.00855,843861,binance
2023-05-29,27902.95806863,42385.41945,805579,binance
2023-05-30,27798.84212635,32686.75371,745633,binance
2023-05-31,27172.88324832,46588.80573,908537,binance
2023-06-01,26904.42281584,39217.8088,814389,binance
2023-06-02,27043.22842191,36380.90269,811087,binance
2023-06-03,27151.51607036,16595.34117,466520,binance
2023-06-04,27195.76663458,19258.41049,504474,binance
2023-06-05,26178.10214099,65805.60305,1420829,binance
2023-06-06,26284.07033739,68392.60438,1345725,binance
2023-06-07,26657.2676715,59619.44364,1311928,binance
2023-06-08,26484.63746064,31075.51083,848252,binance
2023-06-09,26531.80301544,27934.7097,746911,binance
2023-06-10,25772.66173887,64944.60108,1713871,binance
2023-06-11,25858.06021104,30014.29595,833902,binance
2023-06-12,25862.55975354,29900.50893,858037,binance
2023-06-13,26031.15538229,41065.60853,1007138,binance
2023-06-14,25574.02518983,45077.31608,957418,binance
2023-06-15,25160.59758518,48664.86063,943268,binance
2023-06-16,25876.70438667,51596.91662,926194,binance
2023-06-17,26524.1716768,27842.2195,666967,binance
2023-06-18,26511.504757,21538.31022,555956,binance
2023-06-19,26599.47698918,35872.65974,732735,binance
2023-06-20,27456.31665209,69666.95525,1189024,binance
2023-06-21,29472.20332207,108926.40412,1872873,binance
2023-06-22,30070.86947117,59054.5646,1146092,binance
2023-06-23,30637.35150891,73931.89635,1338533,binance
2023-06-24,30584.83862494,30513.30135,776343,binance
2023-06-25,30648.93999223,30223.44801,789910,binance
2023-06-26,30275.01320817,45180.41489,954783,binance
2023-06-27,30590.5672505,42699.64157,824373,binance
2023-06-28,30252.03088293,40463.51937,895470,binance
2023-06-29,30496.04203135,36330.62903,758428,binance
2023-06-30,30489.64071177,89419.07618,1559366,binance
2023-07-01,30503.19626638,17501.75075,567975,binance
2023-07-02,30534.17927589,23286.41019,591533,binance
2023-07-03,30909.15339043,43761.64311,781855,binance
2023-07-04,30982.06072207,33206.11943,779472,binance
2023-07-05,30518.5700931,33215.67122,827926,binance
2023-07-06,30591.35007152,71319.6261,1397042,binance
2023-07-07,30156.89880166,34070.53895,912948,binance
2023-07-08,30223.14596171,13094.59042,480214,binance
2023-07-09,30268.15186232,15388.50196,473168,binance
2023-07-10,30397.51814525,41262.87652,896853,binance
2023-07-11,30514.84836409,28476.83311,691213,binance
2023-07-12,30609.50362777,38108.99669,784195,binance
2023-07-13,31013.83504625,70772.51836,1301632,binance
2023-07-14,30772.99004486,60749.48424,1274387,binance
2023-07-15,30309.13192822,14118.55329,488354,binance
2023-07-16,30278.2645534,15760.1281,494225,binance
2023-07-17,30102.47114194,30882.76839,816466,binance
2023-07-18,29901.38910418,30003.8601,754775,binance
2023-07-19,29981.83851378,25657.36137,617415,binance
2023-07-20,29992.81275207,37540.68193,749723,binance
2023-07-21,29861.02822545,23881.40865,555611,binance
2023-07-22,29861.77463679,14660.40467,423988,binance
2023-07-23,30008.56785776,18292.78637,519434,binance
2023-07-24,29336.15545352,39628.99691,869107,binance
2023-07-25,29191.25999955,21565.7478,533797,binance
2023-07-26,29340.44326057,33931.63366,750401,binance
2023-07-27,29345.97708797,22476.47626,583045,binance
2023-07-28,29287.16825885,23993.61627,543177,binance
2023-07-29,29330.56191359,10851.36844,339750,binance
2023-07-30,29275.55413589,15706.97441,454846,binance
2023-07-31,29330.27396292,22605.48964,563115,binance
2023-08-01,29051.2150255,44719.65162,900141,binance
2023-08-02,29466.19103128,48181.65141,945158,binance
2023-08-03,29206.67159349,26476.91994,651970,binance
2023-08-04,29154.4177925,23551.95217,544850,binance
2023-08-05,29065.13018655,11645.52018,331924,binance
2023-08-06,29079.05330767,13178.1972,338654,binance
2023-08-07,29046.9259241,30966.87746,671438,binance
2023-08-08,29604.3484751,45700.53392,877168,binance
2023-08-09,29744.24281025,38003.88725,750252,binance
2023-08-10,29529.47507476,23463.45373,513691,binance
2023-08-11,29421.6576015,20637.0443,437828,binance
2023-08-12,29420.94119779,8971.48068,310852,binance
2023-08-13,29388.68343757,11101.70947,341726,binance
2023-08-14,29405.9118275,31443.11532,671592,binance
2023-08-15,29329.82720762,27503.87691,591162,binance
2023-08-16,29089.90261079,32996.69854,768028,binance
2023-08-17,27483.58372945,100271.54033,1976577,binance
2023-08-18,26281.73454232,69790.65711,1293122,binance
2023-08-19,26016.98313644,26160.75343,615764,binance
2023-08-20,26125.99301916,19056.91209,451543,binance
2023-08-21,26041.52528096,30267.24233,565987,binance
2023-08-22,25893.67280029,34247.06688,603624,binance
2023-08-23,26265.99440076,44023.69978,673711,binance
2023-08-24,26252.64558395,30205.22116,575619,binance
2023-08-25,26036.90721744,27753.33772,611438,binance
2023-08-26,26046.26984908,10022.22322,329412,binance
2023-08-27,26079.14836213,12099.64216,349090,binance
2023-08-28,26044.09577157,22692.62655,523057,binance
2023-08-29,27249.45038889,74251.99488,1137083,binance
2023-08-30,27338.05531545,35448.25848,690292,binance
2023-08-31,26656.83793791,51032.80401,944690,binance
2023-09-01,25819.86508751,41032.15056,881179,binance
2023-09-02,25833.40910183,16250.77698,567728,binance
2023-09-03,25929.28524606,17474.47667,496412,binance
2023-09-04,25876.72616579,21777.59609,596830,binance
2023-09-05,25741.38637673,21323.39337,566736,binance
2023-09-06,25704.26657487,27262.52386,636302,binance
2023-09-07,25965.62063524,27687.49567,631929,binance
2023-09-08,26006.57435161,28999.76471,646852,binance
2023-09-09,25873.7122437,10980.62277,359038,binance
2023-09-10,25806.94383204,18738.26914,489773,binance
2023-09-11,25367.39520904,41682.32,864138,binance
2023-09-12,25948.59547704,56434.38537,1047056,binance
2023-09-13,26112.50466902,31610.82753,714880,binance
2023-09-14,26485.34555216,38333.1725,799278,binance
2023-09-15,26506.86213445,26227.29369,654094,binance
2023-09-16,26566.26551467,13960.93351,526416,binance
2023-09-17,26519.54163308,12998.10277,476775,binance
2023-09-18,26948.10909189,43000.43256,938705,binance
2023-09-19,27121.44519732,36190.52187,898076,binance
2023-09-20,27105.56753846,34207.21867,867288,binance
2023-09-21,26706.87048724,34476.82662,823416,binance
2023-09-22,26614.21689032,18198.2292,567149,binance
2023-09-23,26573.65325634,9440.7026,421717,binance
2023-09-24,26509.03260651,15706.65771,545045,binance
2023-09-25,26202.97165899,26266.2039,873488,binance
2023-09-26,26234.58803036,18495.35066,697727,binance
2023-09-27,26423.81568113,34771.57978,939690,binance
2023-09-28,26807.68376413,44517.83491,1158974,binance
2023-09-29,26961.40056261,28478.76219,878610,binance
2023-09-30,26975.10538127,12804.62307,534908,binance
2023-10-01,27421.94869853,24602.81468,883593,binance
2023-10-02,28051.73360626,57071.14241,1464158,binance
2023-10-03,27456.97263366,28928.96555,1202377,binance
2023-10-04,27516.01415286,29816.142,1188381,binance
2023-10-05,27684.94693959,30681.49619,1210397,binance
2023-10-06,27719.18132933,37983.24277,1326700,binance
2023-10-07,27929.04315274,13348.83825,641623,binance
2023-10-08,27919.77145519,19693.56921,822730,binance
2023-10-09,27589.07979162,31534.74639,1156525,binance
2023-10-10,27495.4128391,22776.84383,1002272,binance
2023-10-11,26963.33320054,37349.44706,1336479,binance
2023-10-12,26758.2342986,23428.64112,1066082,binance
2023-10-13,26851.88699702,24115.76499,1035322,binance
2023-10-14,26884.14545112,10417.25576,517837,binance
2023-10-15,27016.84416609,15274.6917,682942,binance
2023-10-16,28199.07420954,78399.22445,2289339,binance
2023-10-17,28383.70736574,38428.44532,1345810,binance
2023-10-18,28442.26071751,32162.47591,1215235,binance
2023-10-19,28526.80603333,35895.50179,1330256,binance
2023-10-20,29507.72887793,59422.0992,1915748,binance
2023-10-21,29870.58932644,27517.51897,1152137,binance
2023-10-22,29924.66742957,22852.54563,1008299,binance
2023-10-23,31456.58692659,93513.64246,2839938,binance
2023-10-24,34123.05594123,115265.02418,2850160,binance
2023-10-25,34401.77010195,54887.02529,1643976,binance
2023-10-26,34295.87319793,39744.66255,1382785,binance
2023-10-27,33927.49200309,32330.40106,1112240,binance
2023-10-28,34119.19660664,16880.13144,607438,binance
2023-10-29,34403.43412344,20685.52176,717480,binance
2023-10-30,34457.58197799,33657.95976,1117727,binance
2023-10-31,34377.35791484,32737.89822,1179053,binance
2023-11-01,34715.44597973,53473.28165,1624635,binance
2023-11-02,35116.55575554,48015.57732,1450837,binance
2023-11-03,34500.15892486,39071.20644,1237373,binance
2023-11-04,34822.83594034,18377.55545,794787,binance
2023-11-05,35034.46131422,24528.73376,1038468,binance
2023-11-06,35013.47963028,22346.47086,988246,binance
2023-11-07,35101.46542147,38688.73692,1352796,binance
2023-11-08,35492.35185978,33401.34137,1132568,binance
2023-11-09,36751.82349642,82537.88885,2138765,binance
2023-11-10,36971.19278747,43414.04898,1297729,binance
2023-11-11,37064.41755776,22984.97235,923300,binance
2023-11-12,37064.7264964,17687.18874,810885,binance
2023-11-13,36832.45135817,32798.18252,1217191,binance
2023-11-14,36021.93570356,45503.68416,1404428,binance
2023-11-15,36648.89676967,53569.13385,1545427,binance
2023-11-16,36733.81353789,47490.39566,1542446,binance
2023-11-17,36339.964034,38283.61112,1349322,binance
2023-11-18,36511.82544589,17102.24186,784498,binance
2023-11-19,36784.29325121,21246.34648,862400,binance
2023-11-20,37302.10489045,36022.70291,1485050,binance
2023-11-21,36870.40443113,47646.54804,1936895,binance
2023-11-22,36783.41726092,45051.30697,1648374,binance
2023-11-23,37301.88450572,23827.92882,992284,binance
2023-11-24,37795.10402506,44680.80646,1379414,binance
2023-11-25,37746.55950321,11396.14464,569448,binance
2023-11-26,37495.34659351,21264.53723,848020,binance
2023-11-27,37083.92053488,30001.07376,1238017,binance
2023-11-28,37671.60322489,37544.46667,1272779,binance
2023-11-29,37963.84954567,32994.19107,1131353,binance
2023-11-30,37772.03110537,24740.29147,1007791,binance
2023-12-01,38459.63997817,43415.66324,1523417,binance
2023-12-02,39083.9809926,26696.92161,1034690,binance
2023-12-03,39679.32297131,26710.65335,1151524,binance
2023-12-04,41448.72264618,79272.33059,2112219,binance
2023-12-05,42823.72831747,67490.74644,2072700,binance
2023-12-06,43883.55080268,51431.10492,1876282,binance
2023-12-07,43456.55660937,47103.26845,1414759,binance
2023-12-08,43719.47170541,42900.37556,1311268,binance
2023-12-09,43989.74655934,24925.97008,987352,binance
2023-12-10,43809.77561277,18956.61758,830667,binance
2023-12-11,41812.91217202,76663.89804,2087142,binance
2023-12-12,41522.68884209,42722.69773,1526411,binance
2023-12-13,41854.60874057,45865.99773,1724659,binance
2023-12-14,42779.22760329,42047.05709,1599536,binance
2023-12-15,42394.46190188,33421.7932,1323628,binance
2023-12-16,42310.03185599,24118.85747,1180886,binance
2023-12-17,41914.68302768,27722.11452,1227634,binance
2023-12-18,41425.93131733,46734.0925,1741647,binance
2023-12-19,42705.14150632,40927.86444,1609188,binance
2023-12-20,43436.6879283,48710.2947,1934588,binance
2023-12-21,43741.8283875,34624.29384,1500702,binance
2023-12-22,43805.20071523,32783.19638,1404109,binance
2023-12-23,43663.5972477,16557.1293,849658,binance
2023-12-24,43487.35556653,25144.33496,1137678,binance
2023-12-25,43375.2629406,27021.23992,1168428,binance
2023-12-26,42583.07215064,41010.04282,1475816,binance
2023-12-27,42940.89453358,36191.21136,1439770,binance
2023-12-28,42912.83697228,35150.52485,1391826,binance
2023-12-29,42328.76212013,42597.18912,1571137,binance
2023-12-30,42122.2141257,22906.57818,936545,binance
2023-12-31,42462.59675825,23585.91603,1016484,binance
2024-01-01,43055.22952906,27174.29903,1114623,binance
2024-01-02,45195.61361917,65146.40661,2247532,binance
2024-01-03,43193.841077,81194.55173,2658041,binance
2024-01-04,43613.23529354,48038.06334,1819944,binance
2024-01-05,43701.35946179,48075.25327,2064845,binance
2024-01-06,43802.08535416,17835.06144,956642,binance
2024-01-07,44068.87036135,23023.8508,1109259,binance
2024-01-08,45303.73363247,72814.57589,2364464,binance
2024-01-09,46497.21992586,69927.66617,2637745,binance
2024-01-10,45865.25101326,89911.41203,3133588,binance
2024-01-11,46931.79531621,87470.3296,2998451,binance
2024-01-12,44336.55969877,86327.93707,2809192,binance
2024-01-13,42841.52714023,36118.47464,1434243,binance
2024-01-14,42588.75464122,28228.40894,1235727,binance
2024-01-15,42686.55270148,40269.89303,1657611,binance
2024-01-16,42888.55943859,45045.74589,1716580,binance
2024-01-17,42682.59790684,33266.21388,1438172,binance
2024-01-18,41893.20398101,43907.51641,1466087,binance
2024-01-19,41243.9641606,48342.74559,1641428,binance
2024-01-20,41620.71208038,15923.99493,807324,binance
2024-01-21,41700.32169322,11730.16301,657817,binance
2024-01-22,40548.55266794,55426.19911,2147250,binance
2024-01-23,39268.18817477,57956.63351,2043925,binance
2024-01-24,39947.87424281,39293.82861,1675615,binance
2024-01-25,39933.22683474,31022.11853,1291233,binance
2024-01-26,41188.18207852,47384.96726,1624861,binance
2024-01-27,41814.67452111,16224.41667,751148,binance
2024-01-28,42292.21323252,27294.99838,1032493,binance
2024-01-29,42591.80376203,31542.74207,1197856,binance
2024-01-30,43415.30686489,37619.24546,1316610,binance
2024-01-31,42929.94158167,39871.13688,1499559,binance
2024-02-01,42494.37877739,35231.04664,1392269,binance
2024-02-02,43067.98421908,29672.14418,1086342,binance
2024-02-03,43111.25033518,12033.40998,609962,binance
2024-02-04,42831.43470599,17066.89404,931235,binance
2024-02-05,42847.52832404,29467.75905,1317397,binance
2024-02-06,42999.50747036,24675.85433,1120760,binance
2024-02-07,43498.12835774,34392.59915,1378809,binance
2024-02-08,44958.82721504,45439.62231,1863650,binance
2024-02-09,46977.95613817,73503.481,2323884,binance
2024-02-10,47418.04441351,24802.35936,1323421,binance
2024-02-11,48176.64534404,29958.80837,1407270,binance
2024-02-12,49114.09051563,59009.96705,1939394,binance
2024-02-13,49414.00423687,55551.56706,1741811,binance
2024-02-14,51179.49225329,57046.37401,1859392,binance
2024-02-15,52081.61414633,53816.03055,1786569,binance
2024-02-16,52022.41588839,37772.25318,1583711,binance
2024-02-17,51410.30712811,25674.00622,1427773,binance
2024-02-18,51800.84668569,21992.10363,1375422,binance
2024-02-19,52128.01143348,29534.99432,1542990,binance
2024-02-20,51897.65877463,49614.47318,1971912,binance
2024-02-21,51307.08096177,43079.40049,1824860,binance
2024-02-22,51571.17788161,35309.44574,1688184,binance
2024-02-23,51042.82125807,30545.79544,1487039,binance
2024-02-24,51193.95143713,16560.4211,855015,binance
2024-02-25,51648.86990763,18721.63159,923992,binance
2024-02-26,52878.97797111,51256.72199,1808909,binance
2024-02-27,56491.55335328,67194.98562,2414285,binance
2024-02-28,60309.63901724,118763.46984,3895062,binance
2024-02-29,62125.70159846,78425.07603,3169405,binance
2024-03-01,61932.66203676,47737.93473,1947444,binance
2024-03-02,61977.02366172,25534.73659,1641808,binance
2024-03-03,62236.31435012,28994.90903,1992011,binance
2024-03-04,65643.50834959,84835.16005,3887853,binance
2024-03-05,65371.03994765,132696.7813,5310706,binance
2024-03-06,66012.42858483,78738.85491,3302981,binance
2024-03-07,66869.49872246,53059.8869,2428227,binance
2024-03-08,67927.06749408,74261.932842,2943927,binance
2024-03-09,68231.82385385,19872.89743,1345341,binance
2024-03-10,69244.38135643,38404.66835,2139518,binance
2024-03-11,71091.824832,75292.825726,3043414,binance
2024-03-12,71378.52313163,68783.546691,3047890,binance
2024-03-13,72726.65157998,52659.711647,2501197,binance
2024-03-14,71521.17396832,71757.628746,2994869,binance
2024-03-15,68373.21204403,103334.03546,3904445,binance
2024-03-16,67740.93661956,55926.95336,2729019,binance
2024-03-17,66803.69128691,49742.21589,2449156,binance
2024-03-18,67663.93923182,55691.08088,2464515,binance
2024-03-19,64202.61463326,101005.32487,3593832,binance
2024-03-20,63810.3590389,90420.58592,3549793,binance
2024-03-21,66555.3009931,53357.48002,2388390,binance
2024-03-22,64303.20613014,51482.37821,2492881,binance
2024-03-23,64602.22651131,26410.11409,1753566,binance
2024-03-24,65592.02984636,31395.78015,1880774,binance
2024-03-25,68873.01560641,53431.14486,2632220,binance
2024-03-26,70337.24569467,38934.38417,2176807,binance
2024-03-27,69757.80632485,49119.35685,2453366,binance
2024-03-28,70559.80480743,35439.03239,1799897,binance
2024-03-29,69939.18786803,25445.08353,1522607,binance
2024-03-30,69958.45394955,13644.61142,1110488,binance
2024-03-31,70504.1983167,19396.34433,1181926,binance
2024-04-01,69404.37285556,41445.32039,1893438,binance
2024-04-02,66156.57522959,71799.82793,2662410,binance
2024-04-03,65949.86420574,39887.21778,2172096,binance
2024-04-04,67343.69598967,41510.48453,2000945,binance
2024-04-05,67399.27163925,37915.23073,1901980,binance
2024-04-06,68198.681106,20134.28919,1171460,binance
2024-04-07,69479.0404872,21534.74433,1269048,binance
2024-04-08,71534.90864367,45723.87624,2037025,binance
2024-04-09,69960.15290767,39293.90242,1804157,binance
2024-04-10,69074.97331104,42006.02377,1852170,binance
2024-04-11,70415.61712376,31917.25595,1658995,binance
2024-04-12,68545.6641297,56072.86229,2496617,binance
2024-04-13,64632.73893587,71395.22019,3341340,binance
2024-04-14,64061.32275281,61599.17818,2657953,binance
2024-04-15,64861.66581007,52389.53069,2539048,binance
2024-04-16,62792.54759549,53435.29331,2604354,binance
2024-04-17,61817.65562711,50610.54509,2458327,binance
2024-04-18,62537.63336188,43601.60918,2142511,binance
2024-04-19,63345.57370718,69774.30271,2828284,binance
2024-04-20,64265.97930306,23137.42975,1376712,binance
2024-04-21,64939.38987894,19316.42152,1390153,binance
2024-04-22,65981.61825597,31397.99371,1816591,binance
2024-04-23,66466.66427998,22599.90004,1433915,binance
2024-04-24,65357.02780129,33595.69637,1784897,binance
2024-04-25,64059.04041301,31341.46338,1375324,binance
2024-04-26,64117.36951107,27085.19346,1025561,binance
2024-04-27,63074.27939291,20933.06052,912422,binance
2024-04-28,63628.37262477,16949.20005,790652,binance
2024-04-29,62700.67270907,28150.22947,1152296,binance
2024-04-30,61370.08842239,54947.65535,1985671,binance
2024-05-01,57974.33921119,81166.46823,2401089,binance
2024-05-02,58398.849185,47583.81961,1572898,binance
2024-05-03,60928.05652329,43628.40143,1558661,binance
2024-05-04,63502.32691212,24368.69282,1113509,binance
2024-05-05,63830.5272657,18526.75029,992921,binance
2024-05-06,63969.3251229,34674.91949,1392557,binance
2024-05-07,63461.25469427,25598.79472,1272898,binance
2024-05-08,62154.94158724,26121.19004,1415152,binance
2024-05-09,61833.00943198,30660.8061,1381957,binance
2024-05-10,61746.26897111,36529.34025,1500643,binance
2024-05-11,60931.15909171,13374.56936,753281,binance
2024-05-12,61243.12133011,12753.13236,727113,binance
2024-05-13,62379.57191891,32733.41839,1371433,binance
2024-05-14,61885.56425977,29088.72041,1127939,binance
2024-05-15,64147.74676499,43559.74719,1729454,binance
2024-05-16,65758.48733005,31106.3671,1269793,binance
2024-05-17,66406.36989493,26292.23409,1117254,binance
2024-05-18,66971.03272416,14441.25774,734067,binance
2024-05-19,66849.86932039,18025.30409,823729,binance
2024-05-20,68589.15845193,50816.7011,1930939,binance
2024-05-21,70742.33667338,49607.4336,2137448,binance
2024-05-22,69804.07723847,27673.18026,1371973,binance
2024-05-23,68293.59453656,40513.17374,1827855,binance
2024-05-24,67854.8470061,28095.83664,1165907,binance
2024-05-25,69028.2423274,12130.39418,703803,binance
2024-05-26,68977.99373795,11872.11797,722849,binance
2024-05-27,69357.61919356,23136.92737,1219341,binance
2024-05-28,68199.1920771,32622.97042,1459351,binance
2024-05-29,67923.431236,23159.83149,1221044,binance
2024-05-30,68297.84975318,28478.2184,1272851,binance
2024-05-31,67914.4696387,26690.32184,1177860,binance
2024-06-01,67699.49488359,8837.66133,638484,binance
2024-06-02,67859.82051484,15426.32529,812348,binance
2024-06-03,69103.06859512,29633.374,1253789,binance
2024-06-04,69882.41625253,29619.78489,1254515,binance
2024-06-05,71074.83239092,28703.18082,1055115,binance
2024-06-06,71031.37717349,21842.00449,900226,binance
2024-06-07,70431.45304469,35598.45045,1516415,binance
2024-06-08,69396.2769387,9773.82967,714103,binance
2024-06-09,69494.96927911,9890.56709,575583,binance
2024-06-10,69642.56106426,17122.66941,936731,binance
2024-06-11,67424.41234119,41436.01588,1782415,binance
2024-06-12,68601.55864059,37175.32356,1670745,binance
2024-06-13,67363.40748988,29079.55571,1518202,binance
2024-06-14,66334.80306517,28408.18797,1736314,binance
2024-06-15,66205.81286874,11451.80242,700886,binance
2024-06-16,66505.42392316,9392.52223,703295,binance
2024-06-17,66167.02245496,27386.16851,1542620,binance
2024-06-18,65056.31975588,42350.10244,2151711,binance
2024-06-19,65188.43866414,20060.79576,1078458,binance
2024-06-20,65315.35917842,24265.29031,1282687,binance
2024-06-21,64075.15001779,25993.56442,1362617,binance
2024-06-22,64308.40254601,7308.95542,562832,binance
2024-06-23,64058.78066742,8224.45447,592759,binance
2024-06-24,60981.03688772,52161.35414,2190787,binance
2024-06-25,61396.20866701,31189.24361,1277481,binance
2024-06-26,61448.7948696,22485.66463,1112152,binance
2024-06-27,61419.95091783,18344.28631,1062176,binance
2024-06-28,61232.83677708,24821.19255,1479626,binance
2024-06-29,60935.94637733,11509.55904,767669,binance
2024-06-30,61770.25265274,17326.30136,1108912,binance
2024-07-01,63183.85771602,24547.10538,1461508,binance
2024-07-02,62498.51455979,18573.11875,1308816,binance
2024-07-03,60506.66978637,32160.11127,1839372,binance
2024-07-04,58066.53871766,54568.77276,2523236,binance
2024-07-05,55502.61030769,81348.24756,3749255,binance
2024-07-06,57058.8299298,21651.31558,1411065,binance
2024-07-07,57227.84837338,19118.93918,1289229,binance
2024-07-08,56143.29793333,48090.2049,2554389,binance
2024-07-09,57418.84413047,27732.20788,1757693,binance
2024-07-10,58204.10170354,24951.73799,1766696,binance
2024-07-11,58093.6892707,29761.05735,2157661,binance
2024-07-12,57507.82359849,23652.4569,1749738,binance
2024-07-13,58630.30477511,15357.74519,1114391,binance
2024-07-14,60135.16850409,21178.33907,1456088,binance
2024-07-15,62948.54749961,38690.9782,2600425,binance
2024-07-16,64077.07648491,42530.52915,2484783,binance
2024-07-17,65017.6833505,29567.52954,1868671,binance
2024-07-18,64242.55682393,22568.7225,1696742,binance
2024-07-19,65428.24500526,35634.72739,2184889,binance
2024-07-20,66857.84807903,14386.92434,995093,binance
2024-07-21,67177.70521645,21819.11191,1322942,binance
2024-07-22,67522.04859321,21451.04303,1558140,binance
2024-07-23,66501.12360732,31406.15316,1772089,binance
2024-07-24,66131.77408754,23082.56277,1391053,binance
2024-07-25,64521.78071638,35126.42934,1830360,binance
2024-07-26,67266.76114467,24244.36023,1406982,binance
2024-07-27,68190.47994287,31710.21921,1690591,binance
2024-07-28,67786.95583894,10868.69394,821210,binance
2024-07-29,68534.44630156,36467.29633,1952812,binance
2024-07-30,66282.80571463,23132.25441,1622083,binance
2024-07-31,65830.47203214,22625.43905,1609976,binance
2024-08-01,63892.31430467,35542.26854,2397257,binance
2024-08-02,63615.69992337,38820.42937,2457735,binance
2024-08-03,61051.30229702,28034.71567,1669555,binance
2024-08-04,59288.31002796,31616.52003,1886195,binance
2024-08-05,52947.25474388,162065.59186,7568497,binance
2024-08-06,55811.60074638,55884.77676,3433824,binance
2024-08-07,56259.06735945,44269.37684,2397504,binance
2024-08-08,58662.66584907,48349.52949,2603042,binance
2024-08-09,60645.79088283,30972.48017,1827809,binance
2024-08-10,60766.35223777,9995.20621,800499,binance
2024-08-11,60035.99773487,19189.84512,1319469,binance
2024-08-12,59088.24496712,37009.91743,2293837,binance
2024-08-13,59881.9189974,27858.95851,1713485,binance
2024-08-14,60003.46440298,28422.76326,1729342,binance
2024-08-15,58241.93604145,37686.17622,2507858,binance
2024-08-16,58479.01400919,27610.84344,1999539,binance
2024-08-17,59279.17016976,7721.72931,807159,binance
2024-08-18,59638.80446915,13634.85717,1099730,binance
2024-08-19,58585.18969442,22809.31251,1636295,binance
2024-08-20,60062.69317478,31477.44548,1904519,binance
2024-08-21,60125.46698071,27983.6422,1981525,binance
2024-08-22,60662.48099263,21241.20588,1718280,binance
2024-08-23,62330.46104694,38118.07089,2555682,binance
2024-08-24,64057.78217259,15857.15616,1551856,binance
2024-08-25,64193.76877274,12305.47977,1263065,binance
2024-08-26,63602.38637751,19470.05276,2152841,binance
2024-08-27,61422.70659788,35135.94178,2995281,binance
2024-08-28,59211.84430253,36868.54275,3664134,binance
2024-08-29,59877.02997947,27020.90743,2743900,binance
2024-08-30,58939.65415492,28519.32195,2845696,binance
2024-08-31,59084.45320842,8798.409,895944,binance
2024-09-01,58061.71011337,20705.15741,2153180,binance
2024-09-02,58226.31660887,22895.01461,1966119,binance
2024-09-03,58483.70542188,22828.18447,2208758,binance
2024-09-04,57018.67355512,35560.82146,3177549,binance
2024-09-05,56740.23538623,27806.91413,3368058,binance
2024-09-06,54895.08595929,54447.76826,5287281,binance
2024-09-07,54252.471102,16694.04774,1920923,binance
2024-09-08,54426.39358743,16274.14779,1796092,binance
2024-09-09,55882.11704294,32384.51737,3355912,binance
2024-09-10,57111.69224623,23626.78126,2843148,binance
2024-09-11,56794.84231605,33026.56757,4045103,binance
2024-09-12,58017.15469928,31074.40631,3706764,binance
2024-09-13,59032.95756544,29825.23333,3378012,binance
2024-09-14,60020.8012551,12137.90901,1288784,binance
2024-09-15,59777.25241859,13757.92361,1552950,binance
2024-09-16,58286.07144696,26477.5642,3145152,binance
2024-09-17,59891.37957738,33116.25878,3918209,binance
2024-09-18,60243.27346176,36087.02469,5167671,binance
2024-09-19,62715.33665063,34332.52608,4438284,binance
2024-09-20,63267.57451676,25466.37794,3969296,binance
2024-09-21,63120.71731349,8375.34608,1283611,binance
2024-09-22,63015.36324656,14242.19892,2145736,binance
2024-09-23,63585.50031575,24078.05287,3999187,binance
2024-09-24,63520.26378809,23185.04759,3870157,binance
2024-09-25,63731.19130825,17813.11168,3355531,binance
2024-09-26,64539.69799863,28373.30593,4361333,binance
2024-09-27,65711.14483994,22048.80487,3498529,binance
2024-09-28,65750.31804296,9127.23316,1341703,binance
2024-09-29,65722.83865447,8337.74111,1413449,binance
2024-09-30,63984.69433887,30011.08752,3978584,binance
2024-10-01,62367.29358556,43671.48108,5607069,binance
2024-10-02,61150.97228382,31534.70118,5313210,binance
2024-10-03,60666.92703104,26221.43472,5244004,binance
2024-10-04,61571.56931345,21294.65994,3798631,binance
2024-10-05,62067.35363703,7807.46141,1183175,binance
2024-10-06,62386.69116309,8906.86177,1556553,binance
2024-10-07,63402.28623877,25966.1852,4809342,binance
2024-10-08,62433.37157898,19702.22371,3798438,binance
2024-10-09,61704.51900737,20011.15684,3668363,binance
2024-10-10,60314.12370475,23967.92481,3872577,binance
2024-10-11,61850.08248612,23641.35209,3222180,binance
2024-10-12,62960.27384041,10911.30116,1770837,binance
2024-10-13,62687.93231989,11909.21995,2242529,binance
2024-10-14,65041.08257171,37669.95222,4977577,binance
2024-10-15,66249.08191878,43683.95423,6245619,binance
2024-10-16,67624.52856225,29938.25544,5109685,binance
2024-10-17,67204.24336716,25328.22861,3981960,binance
2024-10-18,68222.54407525,28725.635,4010969,binance
2024-10-19,68300.1400582,8193.66737,1152428,binance
2024-10-20,68642.49384101,12442.47378,1563795,binance
2024-10-21,67916.26645467,31374.42184,3686777,binance
2024-10-22,67250.22567743,24598.96268,3669291,binance
2024-10-23,66395.82645685,25530.2407,3807365,binance
2024-10-24,67585.09152976,22589.83877,3797462,binance
2024-10-25,67305.30364558,34479.71125,5332593,binance
2024-10-26,66950.36955729,11842.9077,2373501,binance
2024-10-27,67605.79026281,8653.19592,1771989,binance
2024-10-28,69030.28438529,29046.75459,4432446,binance
2024-10-29,71864.47576866,50128.60594,5645430,binance
2024-10-30,72201.5628532,26885.99056,4040734,binance
2024-10-31,71243.44649622,29352.10297,4525542,binance
2024-11-01,69901.5007169,38301.86755,4569271,binance
2024-11-02,69497.73740781,10521.67243,1603561,binance
2024-11-03,68398.40613378,24995.70243,3668029,binance
2024-11-04,68250.85776977,29800.39187,5377048,binance
2024-11-05,69267.40029775,33355.06888,4955644,binance
2024-11-06,73970.09090691,104126.994787,8434184,binance
2024-11-07,75592.60816626,44869.422345,5207722,binance
2024-11-08,76242.20325578,36521.099583,4877489,binance
2024-11-09,76419.72334918,16942.07915,2585264,binance
2024-11-10,79337.43337612,61830.100435,7128598,binance
2024-11-11,84353.2493905,82323.665776,9348890,binance
2024-11-12,87770.75441332,97299.887911,11499058,binance
2024-11-13,89794.63902836,86763.854127,11962100,binance
2024-11-14,89439.53048441,56729.51086,9828858,binance
2024-11-15,89222.23693086,47927.95068,8009111,binance
2024-11-16,91027.80695212,22717.87689,4239455,binance
2024-11-17,90242.65897558,23867.55609,4930719,binance
2024-11-18,91092.63744307,46545.03448,7161125,binance
2024-11-19,92192.03358723,43660.04682,5647789,binance
2024-11-20,93616.89244476,42203.198712,7365987,binance
2024-11-21,97110.60412241,69228.360477,9048605,binance
2024-11-22,98627.5146354,46189.309243,7271311,binance
2024-11-23,98215.73715145,24757.84367,3839138,binance
2024-11-24,97246.05347301,31200.97838,4964720,binance
2024-11-25,96041.09378391,50847.45096,8289691,binance
2024-11-26,92828.14401068,57858.73138,10225809,binance
2024-11-27,94630.23527648,41153.42734,6648690,binance
2024-11-28,95433.1129549,28814.54357,4988161,binance
2024-11-29,97121.94690314,27701.78231,5094070,binance
2024-11-30,96710.50024481,14503.83306,3354759,binance
2024-12-01,96898.63321788,16938.60452,3342200,binance
2024-12-02,96068.68839163,37958.66981,7560103,binance
2024-12-03,95290.27770838,35827.32283,5361712,binance
2024-12-04,96737.57260258,43850.53728,6648724,binance
2024-12-05,100507.90663613,109921.729662,12012364,binance
2024-12-06,98927.58878259,45049.5331,6919102,binance
2024-12-07,99649.02476901,14931.9459,2634566,binance
2024-12-08,99882.10894644,14612.99688,2994709,binance
2024-12-09,97937.23034503,53949.11595,8445872,binance
2024-12-10,96476.24528356,51708.68933,11556189,binance
2024-12-11,99213.99855341,37753.78291,8250511,binance
2024-12-12,100898.11714306,29232.08745,8066322,binance
2024-12-13,100616.30048834,21904.03923,5481660,binance
2024-12-14,101580.0810259,14191.70326,3374538,binance
2024-12-15,103039.76625676,22228.921775,3638809,binance
2024-12-16,105683.06226909,41302.40274,8048054,binance
2024-12-17,106789.61336819,29064.936466,7212799,binance
2024-12-18,103249.25596764,50307.99755,8762120,binance
2024-12-19,99506.89818054,55147.398,7273941,binance
2024-12-20,95776.86282539,62884.1357,7429007,binance
2024-12-21,97780.48434648,23483.54143,3717638,binance
2024-12-22,95992.36077837,19353.83036,3633551,binance
2024-12-23,94481.40028729,32810.76703,5464919,binance
2024-12-24,96612.00889575,23674.22488,3421549,binance
2024-12-25,98530.31012126,14474.1651,3283028,binance
2024-12-26,96691.58434638,21192.36727,5203490,binance
2024-12-27,95413.10263954,26501.26429,5718866,binance
2024-12-28,94760.52631616,8385.8929,2732061,binance
2024-12-29,94163.98937161,13576.00578,2865838,binance
2024-12-30,93163.64452477,27619.4225,5560563,binance
2024-12-31,94111.54458915,19612.03389,3347847,binance
2025-01-01,94033.88864031,10373.32613,1516556,binance
2025-01-02,96420.7854636,21970.48948,3569079,binance
2025-01-03,97458.20105272,15253.82936,2851164,binance
2025-01-04,98022.04809893,8990.05651,1559982,binance
2025-01-05,98069.08256864,8095.63723,1685799,binance
2025-01-06,100562.80210829,25263.43375,3853702,binance
2025-01-07,98890.64206045,32059.87537,4480562,binance
2025-01-08,95115.84687752,33704.67894,5171208,binance
2025-01-09,93144.74117267,34544.83685,6027161,binance
2025-01-10,94085.63721214,31482.86424,5531444,binance
2025-01-11,94451.62229757,7047.9043,1496191,binance
2025-01-12,94491.86369001,8606.86622,1658863,binance
2025-01-13,92226.80253452,42619.56423,5740963,binance
2025-01-14,96099.58794722,27846.61753,4532923,binance
2025-01-15,98533.04463596,30509.99179,3487945,binance
2025-01-16,99348.85308921,27832.85317,3762755,binance
2025-01-17,103160.6545069,39171.85292,3886907,binance
2025-01-18,103732.91739551,24307.82998,3403162,binance
2025-01-19,104002.45502674,43397.28298,5271920,binance
2025-01-20,104980.0928981,89529.231732,11597937,binance
2025-01-21,103796.39494466,45941.02002,6842980,binance
2025-01-22,104776.70256207,22248.69254,4364035,binance
2025-01-23,103993.25962787,53953.12031,6961383,binance
2025-01-24,105205.35843123,23609.24017,4798886,binance
2025-01-25,104706.39948907,9068.32377,1770765,binance
2025-01-26,104392.46604768,9812.51238,1813011,binance
2025-01-27,100336.3581647,50758.1341,9368910,binance
2025-01-28,102350.89562742,22022.05765,5428644,binance
2025-01-29,102800.55668827,23155.35802,5189699,binance
2025-01-30,105197.93244158,19374.07472,3990075,binance
2025-01-31,103814.54374814,21983.18193,4331904,binance
2025-02-01,101729.60335182,12290.95747,2588786,binance
2025-02-02,98559.60868022,34619.49939,7202339,binance
2025-02-03,96169.95049762,75164.7385,10625262,binance
2025-02-04,99078.6712839,40267.98697,6618911,binance
2025-02-05,97675.15791578,26233.30444,4471763,binance
2025-02-06,97344.33587522,23515.20405,4242807,binance
2025-02-07,97740.7960045,31794.22065,5012456,binance
2025-02-08,96286.27926749,10147.24294,1757892,binance
2025-02-09,96275.27986109,14120.91613,2293192,binance
2025-02-10,97172.2239461,20572.87537,3475919,binance
2025-02-11,96876.75512895,18647.76379,3716586,binance
2025-02-12,96055.92257889,29151.16625,4992737,binance
2025-02-13,96225.76978057,19921.77616,3909456,binance
2025-02-14,97291.07161983,18173.02646,3499564,binance
2025-02-15,97592.68171559,7349.37683,1694327,binance
2025-02-16,97015.38523474,8191.4249,1596701,binance
2025-02-17,96082.2940131,16492.0451,2831237,binance
2025-02-18,95171.87059128,23368.19471,4234248,binance
2025-02-19,95922.17398216,16438.50954,2784225,binance
2025-02-20,97517.06750718,17057.39177,2386973,binance
2025-02-21,97489.79763541,32249.2814,4528525,binance
2025-02-22,96473.20290627,11268.17708,1506418,binance
2025-02-23,95949.14907112,10884.84913,1457368,binance
2025-02-24,94510.29672995,31550.10299,4972684,binance
2025-02-25,88889.39047916,78333.11111,10289145,binance
2025-02-26,86098.1681487,56893.54409,8490006,binance
2025-02-27,85135.871223,42505.45439,6357581,binance
2025-02-28,81373.15903536,83648.03969,11344216,binance
2025-03-01,85088.18532613,25785.05464,3700728,binance
2025-03-02,90592.67470133,54889.09045,7403218,binance
2025-03-03,89927.74424389,59171.10218,9797860,binance
2025-03-04,84606.66729487,55609.10706,10326631,binance
2025-03-05,88862.70742295,38264.01163,8070266,binance
2025-03-06,90417.12856853,34342.44902,7643526,binance
2025-03-07,87918.65174586,57980.35713,9510442,binance
2025-03-08,86175.9259107,12989.23054,2553974,binance
2025-03-09,83228.79242145,26115.39345,5189138,binance
2025-03-10,80509.18540099,47633.38405,8701538,binance
2025-03-11,80520.71578893,48770.06853,6983310,binance
2025-03-12,82626.73494081,31933.986,5253577,binance
2025-03-13,82075.35078575,27546.27412,4367093,binance
2025-03-14,83576.0482909,26858.52755,3290987,binance
2025-03-15,84191.44672068,11324.7332,1329670,binance
2025-03-16,83430.67183446,17596.12531,2767947,binance
2025-03-17,83516.5976981,17214.74358,3014756,binance
2025-03-18,82381.54505824,17610.89883,3126371,binance
2025-03-19,84395.20466575,28151.05374,3774761,binance
2025-03-20,85342.50444855,22090.30463,3252595,binance
2025-03-21,84062.69705939,11956.97443,2360005,binance
2025-03-22,84172.84682995,5420.22114,864481,binance
2025-03-23,84931.95185673,8461.97813,1206533,binance
2025-03-24,87554.75798825,30115.62111,2916713,binance
2025-03-25,87424.34827535,22643.25248,2802815,binance
2025-03-26,87263.06318836,18408.78485,2380154,binance
2025-03-27,87025.69986644,17098.03897,2376381,binance
2025-03-28,84978.45569781,27182.73169,3236085,binance
2025-03-29,82948.60220213,11696.39864,2172387,binance
2025-03-30,82780.19188072,9864.49508,1907663,binance
2025-03-31,82454.06885767,20569.13885,3964358,binance
2025-04-01,84143.74938243,20190.39697,3328693,binance
2025-04-02,85578.6394128,39931.457,5338238,binance
2025-04-03,82643.67679727,27337.84135,4117486,binance
2025-04-04,83238.57625924,32915.53976,4992586,binance
2025-04-05,83289.83677032,9360.40468,1575750,binance
2025-04-06,80131.26506988,27942.71436,3948493,binance
2025-04-07,77622.21816489,78387.53089,9736596,binance
2025-04-08,78581.20966133,35317.32063,5512751,binance
2025-04-09,79220.65047235,75488.28772,7741252,binance
2025-04-10,80826.49658443,33284.80718,4529545,binance
2025-04-11,82193.34824911,34435.43797,4423157,binance
2025-04-12,84317.29776177,18470.74437,2501196,binance
2025-04-13,84526.04705856,24680.04181,3275879,binance
2025-04-14,84759.58274035,28659.09348,3921522,binance
2025-04-15,85169.18446723,20910.99528,2910533,binance
2025-04-16,84050.86609331,20867.24519,3264730,binance
2025-04-17,84614.4884901,13728.84772,2003405,binance
2025-04-18,84632.71092847,6529.96315,840009,binance
2025-04-19,85161.7244141,9666.58153,875226,binance
2025-04-20,84686.23052061,8091.67725,944130,binance
2025-04-21,87283.76507697,31773.37262,3041395,binance
2025-04-22,90438.49156758,43872.74705,3268475,binance
2025-04-23,93426.66146529,27404.16808,3016536,binance
2025-04-24,92891.9576265,19497.06071,2797383,binance
2025-04-25,94429.62829751,27500.66648,3331828,binance
2025-04-26,94489.73613086,9415.06875,1475983,binance
2025-04-27,94271.23365697,11162.841,1918160,binance
2025-04-28,94438.89571963,22157.53351,3424740,binance
2025-04-29,94787.5291507,16955.3402,3020875,binance
2025-04-30,94264.18316666,17661.2751,3214149,binance
2025-05-01,96062.39741349,21380.45343,2925716,binance
2025-05-02,97035.56244948,14905.74811,2698263,binance
2025-05-03,96253.48268815,9723.34838,1181239,binance
2025-05-04,95460.83746456,11036.38342,1674726,binance
2025-05-05,94312.34280355,17251.18189,2623300,binance
2025-05-06,94702.06360386,16122.64513,2512960,binance
2025-05-07,96830.62534486,16644.83854,2849139,binance
2025-05-08,100355.89993229,34962.02847,4991147,binance
2025-05-09,103105.96015085,27617.39907,4406929,binance
2025-05-10,103648.18582792,15324.78611,2227845,binance
2025-05-11,104151.28002895,17987.12197,3100176,binance
2025-05-12,103679.59461988,31272.77792,5298407,binance
2025-05-13,103383.06471691,21253.42409,3703531,binance
2025-05-14,103611.36578575,16452.9081,3025221,binance
2025-05-15,102793.76129397,17998.98604,4139477,binance
2025-05-16,103853.91544689,15683.88024,3237442,binance
2025-05-17,103140.08237742,11250.89622,2568597,binance
2025-05-18,104732.23640572,21599.98726,3193300,binance
2025-05-19,104108.42154047,30260.03524,4881371,binance
2025-05-20,105844.815359,23705.48275,3878351,binance
2025-05-21,107941.9551383,45531.040345,6835279,binance
2025-05-22,110949.95434193,31630.77313,5794216,binance
2025-05-23,109324.30270915,31737.72309,5251192,binance
2025-05-24,108443.64228055,16782.53129,2805418,binance
2025-05-25,107530.28836131,17710.04695,3151168,binance
2025-05-26,109602.40124934,14649.11593,2887863,binance
2025-05-27,109397.06939052,21276.65635,3735509,binance
2025-05-28,108043.98250637,15633.78829,2933262,binance
2025-05-29,107318.93565409,19834.70116,3774926,binance
2025-05-30,105164.35412112,23706.49799,4307572,binance
2025-05-31,103991.80136169,11289.35922,2343787,binance
2025-06-01,104657.04199627,9709.70006,1939359,binance
2025-06-02,104727.62376269,13453.98813,2997656,binance
2025-06-03,105772.53746753,13259.52634,2470698,binance
2025-06-04,105232.60069354,14034.89482,2274464,binance
2025-06-05,103109.90451992,22321.50154,3963295,binance
2025-06-06,103691.82065122,15839.07385,2709327,binance
2025-06-07,105203.41863093,8344.93206,1402494,binance
2025-06-08,105725.7037056,8048.06305,1295154,binance
2025-06-09,107878.92968627,19975.37451,2839846,binance
2025-06-10,109397.80482366,17071.82839,3003420,binance
2025-06-11,109400.25829523,13115.91638,2667014,binance
2025-06-12,107336.99652967,17778.67218,3517420,binance
2025-06-13,104483.44126039,26180.81734,5452577,binance
2025-06-14,105190.92604195,8798.93969,1521776,binance
2025-06-15,105328.83481341,7164.20047,1564768,binance
2025-06-16,107209.38906347,14922.6654,2928998,binance
2025-06-17,105403.48569338,17866.33025,3723010,binance
2025-06-18,104618.83545204,13968.64167,3468170,binance
2025-06-19,104628.68294333,7678.60737,1718045,binance
2025-06-20,104415.94193055,16419.06283,3029404,binance
2025-06-21,102636.53310968,11154.21332,2172578,binance
2025-06-22,100628.05530696,28746.41072,5121309,binance
2025-06-23,102512.64911508,27666.50609,4944207,binance
2025-06-24,105342.84854224,14651.69335,2973481,binance
2025-06-25,107150.997419,16701.15551,2988892,binance
2025-06-26,107449.60403898,10573.27279,2597742,binance
2025-06-27,106963.14913341,12232.44042,2304499,binance
2025-06-28,107253.74160081,3282.17352,653305,binance
2025-06-29,107836.15567333,6831.7364,1223202,binance
2025-06-30,107688.50737888,9754.12491,1773485,binance
2025-07-01,106365.21034234,10505.62437,2013289,binance
2025-07-02,108281.15960775,17691.89592,2444708,binance
2025-07-03,109561.58788976,13047.08225,2568944,binance
2025-07-04,108210.07254422,11793.86615,1975212,binance
2025-07-05,108089.73207847,3736.9757,710020,binance
2025-07-06,108681.14317625,6447.607,1256591,binance
2025-07-07,108538.80960935,9405.37601,1961940,binance
2025-07-08,108518.94056488,9216.0208,1723244,binance
2025-07-09,110058.04956392,17282.2865,2328484,binance
2025-07-10,113587.95524372,24883.450665,3227017,binance
2025-07-11,117476.15585992,25873.521148,3708194,binance
2025-07-12,117573.08735024,8446.60437,1441851,binance
2025-07-13,118534.33147321,9550.792947,1650283,binance
2025-07-14,121005.68282583,27269.348877,4076133,binance
2025-07-15,117284.16507875,32018.46083,3805374,binance
2025-07-16,118771.20012327,17039.90851,2429625,binance
2025-07-17,118835.57001708,15728.57651,2347985,binance
2025-07-18,118815.33749743,19924.66266,2805236,binance
2025-07-19,118045.6820997,6635.80306,1133382,binance
2025-07-20,117941.29990141,12962.92889,1615935,binance
2025-07-21,118123.81685306,17107.33128,2509543,binance
2025-07-22,118385.29536369,20959.12973,2778733,binance
2025-07-23,118288.10088143,14558.75083,2101404,binance
2025-07-24,118504.12081346,15806.89043,2081435,binance
2025-07-25,116042.76204312,38406.34873,3282355,binance
2025-07-26,117801.44616069,6991.67206,790372,binance
2025-07-27,118765.73981365,9328.30919,1095080,binance
2025-07-28,118601.35926054,13961.74754,1824777,binance
2025-07-29,118158.92647663,15137.93445,1956694,binance
2025-07-30,117580.54038851,15586.73631,1997369,binance
2025-07-31,117746.57008538,17010.0073,1859532,binance
2025-08-01,114765.25765546,24487.10206,4160829,binance
2025-08-02,113135.04115279,11507.33428,2165714,binance
2025-08-03,113695.22421036,7397.76046,1419281,binance
2025-08-04,114809.23763537,9667.67916,1954230,binance
2025-08-05,113915.60081115,12042.79078,2581052,binance
2025-08-06,114538.59111131,9761.15318,2026500,binance
2025-08-07,116155.99532145,13468.56263,2314671,binance
2025-08-08,116691.21752566,10045.31278,2095304,binance
2025-08-09,116861.702901,9514.13144,1390951,binance
2025-08-10,118287.081446,14322.77073,2317065,binance
2025-08-11,120577.15795286,26494.33429,4021743,binance
2025-08-12,119183.58199268,16720.10893,2737841,binance
2025-08-13,121136.26649245,23210.07102,3712817,binance
2025-08-14,120050.55871622,27980.947586,4350449,binance
2025-08-15,118004.06349473,13623.33874,2895016,binance
2025-08-16,117572.23605386,6393.68117,1179842,binance
2025-08-17,117930.39946114,5898.64192,1177563,binance
2025-08-18,115734.3109866,17745.93954,3346280,binance
2025-08-19,114307.04051412,18065.47424,3291182,binance
2025-08-20,113591.11823854,15636.34194,2998370,binance
2025-08-21,113229.57783166,10839.69235,2357380,binance
2025-08-22,114865.73598501,23128.09037,3438518,binance
2025-08-23,115525.07824184,11329.36197,1559569,binance
2025-08-24,113868.83063335,21175.98462,2573906,binance
2025-08-25,111408.23679163,25182.79379,4695718,binance
2025-08-26,110198.83999322,18452.43877,4077474,binance
2025-08-27,111537.26320802,13392.60875,3111496,binance
2025-08-28,112640.24054728,11104.27744,2066780,binance
2025-08-29,109630.57828895,22580.31045,3606959,binance
2025-08-30,108388.52529661,10708.39159,1411040,binance
2025-08-31,108731.24600882,9489.51596,1366633,binance
2025-09-01,108543.65382659,16053.60219,2729384,binance
2025-09-02,110353.84757154,18510.28756,2596328,binance
2025-09-03,111584.31860218,11773.72084,2214249,binance
2025-09-04,110547.9277034,12203.13536,2230255,binance
2025-09-05,111784.24488263,21587.40888,2970419,binance
2025-09-06,110550.57704749,5000.29897,795201,binance
2025-09-07,110968.97053518,5681.29944,874961,binance
2025-09-08,111885.5873037,11582.40211,1744598,binance
2025-09-09,111934.09056275,15379.28248,2143242,binance
2025-09-10,112963.83543743,17517.41823,2182534,binance
2025-09-11,114226.20824037,13676.73119,2166359,binance
2025-09-12,115642.77432478,15324.10719,2481491,binance
2025-09-13,115815.38737238,8269.40394,1223635,binance
2025-09-14,115654.2037584,6707.60197,1237218,binance
2025-09-15,115242.90717748,13212.51149,2857989,binance
2025-09-16,115840.55849469,10926.9094,2047058,binance
2025-09-17,116154.66158934,16754.2454,3227418,binance
2025-09-18,117310.28034138,11657.23365,2252654,binance
2025-09-19,116301.36329345,8992.09065,1732471,binance
2025-09-20,115780.24919661,4674.92752,740451,binance
2025-09-21,115548.5286775,4511.52219,945965,binance
2025-09-22,113025.93046128,20781.71356,3045876,binance
2025-09-23,112497.66419575,12301.3203,2455729,binance
2025-09-24,112736.78988927,12369.25967,2229837,binance
2025-09-25,110999.15631772,21231.14957,4409953,binance
2025-09-26,109323.68016566,14243.01591,3257155,binance
2025-09-27,109409.4793856,5501.78643,919594,binance
2025-09-28,110344.51791013,7542.3316,1484866,binance
2025-09-29,112942.15797986,15541.12005,2442653,binance
2025-09-30,113712.80845565,15044.15633,3018331,binance
2025-10-01,116393.04189417,20036.39516,3430343,binance
2025-10-02,119459.14465557,19670.83503,3472073,binance
2025-10-03,121463.11985202,23936.328,4246820,binance
2025-10-04,122106.79073758,8208.16678,1703590,binance
2025-10-05,123885.37792266,22043.097553,3690670,binance
2025-10-06,124589.64866966,19494.628793,4206167,binance
2025-10-07,122834.73029972,21633.99385,4390785,binance
2025-10-08,122546.85565982,17012.618,4184997,binance
2025-10-09,121591.64646146,21559.36007,4231167,binance
2025-10-10,114532.16138782,64171.93927,11404522,binance
2025-10-11,111741.47360994,35448.51652,6661929,binance
2025-10-12,112804.6002335,32255.30272,6048575,binance
2025-10-13,114900.21044546,22557.24033,5739352,binance
2025-10-14,112271.84682428,31870.32974,7425642,binance
2025-10-15,111789.13581996,22986.48811,5243141,binance
2025-10-16,109775.85009319,29857.17252,6127094,binance
2025-10-17,106080.55730745,37920.66838,7570685,binance
2025-10-18,106894.08787185,11123.18766,2105450,binance
2025-10-19,107881.29338429,15480.66423,3205640,binance
2025-10-20,110449.82081762,19193.4416,4283542,binance
2025-10-21,110521.00613486,37228.01659,6004063,binance
2025-10-22,108011.42853541,28610.78451,5547903,binance
2025-10-23,109518.69975209,17573.09294,3721614,binance
2025-10-24,110815.59631533,15005.16913,3241022,binance
2025-10-25,111455.18542599,6407.96864,1238199,binance
2025-10-26,113353.24248829,13454.47737,2463951,binance
2025-10-27,115190.95445311,21450.23241,3660488,binance
2025-10-28,114198.62610004,15523.42257,3829845,binance
2025-10-29,111800.18919448,21079.71376,4481480,binance
2025-10-30,108786.0232129,25988.82838,6373451,binance
2025-10-31,109748.48993622,21518.20439,5256872,binance
2025-11-01,110102.15381099,7378.50431,1994214,binance
2025-11-02,110421.2798443,12107.00087,2652188,binance
2025-11-03,107248.23094928,28681.18779,7074546,binance
2025-11-04,102853.67803425,50534.87376,9099609,binance
2025-11-05,102261.66727759,33778.77571,6500368,binance
2025-11-06,102336.10659613,25814.62139,5755001,binance
2025-11-07,101408.69396079,32059.50942,6335759,binance
2025-11-08,102266.81296216,12390.77985,2743819,binance
2025-11-09,103251.35080397,16338.97096,3404204,binance
2025-11-10,105815.8230444,22682.25673,4710957,binance
2025-11-11,104654.73599843,24196.50718,5532149,binance
2025-11-12,103067.33827285,20457.63906,5314132,binance
2025-11-13,100962.67105317,36198.50771,8125404,binance
2025-11-14,96558.77123312,47288.14481,9551025,binance
2025-11-15,95895.98257377,15110.89391,4263558,binance
2025-11-16,94656.83701003,23889.4051,5141394,binance
2025-11-17,93694.37593401,39218.59806,8134322,binance
2025-11-18,91402.52760289,39835.14769,8786593,binance
2025-11-19,90618.71624737,32286.6376,6822174,binance
2025-11-20,89319.54041181,39733.19073,7841395,binance
2025-11-21,83886.98682892,72256.12679,11826480,binance
2025-11-22,84378.12029893,14193.93263,4697593,binance
2025-11-23,86583.80661845,19734.46418,5063493,binance
2025-11-24,87190.63094024,24663.12795,6189156,binance
2025-11-25,87340.18553469,19567.0411,4838747,binance
2025-11-26,88432.71836156,21675.82239,4668280,binance
2025-11-27,91233.3891516,16833.50932,3920172,binance
2025-11-28,91414.73220606,18830.86012,4229754,binance
2025-11-29,90677.82913133,7429.88291,1677860,binance
2025-11-30,91254.67998417,9687.74175,2154030,binance
2025-12-01,86268.01671201,34509.01227,7709685,binance
2025-12-02,89312.11893766,28210.22732,6397299,binance
2025-12-03,92803.93691316,25712.52585,6733182,binance
2025-12-04,92741.42289954,19803.94059,5856049,binance
2025-12-05,90357.17160345,19792.97218,5520352,binance
2025-12-06,89591.61251818,8409.50016,2482221,binance
2025-12-07,89690.22770859,13021.11185,3953071,binance
2025-12-08,90980.93420529,15793.63887,5458731,binance
2025-12-09,92100.82153295,21240.43014,5940223,binance
2025-12-10,92573.44191343,18998.68083,6025707,binance
2025-12-11,90840.6140065,19972.58758,6250438,binance
2025-12-12,91232.44422433,16679.19169,4956719,binance
2025-12-13,90277.63169813,5895.70788,1363754,binance
2025-12-14,89103.16167181,9416.94004,3115749,binance
2025-12-15,87610.61845054,19778.6919,6747167,binance
2025-12-16,86945.65813769,18456.05017,6099692,binance
2025-12-17,87392.26814718,19834.11729,6058638,binance
2025-12-18,86761.9617505,25405.41763,6946947,binance
2025-12-19,87654.29277081,21256.65004,6482253,binance
2025-12-20,88211.4745473,5123.13194,1174426,binance
2025-12-21,88284.34333067,7132.87258,2030666,binance
2025-12-22,89294.35110604,14673.2197,4847747,binance
2025-12-23,87697.39405587,13910.32904,4465080,binance
2025-12-24,87241.46219616,9140.8432,2877239,binance
2025-12-25,87784.57332349,7096.58235,1992172,binance
2025-12-26,88130.61005805,18344.61505,4509482,binance
2025-12-27,87542.1616737,4469.55156,957536,binance
2025-12-28,87787.13240858,4446.29285,1241426,binance
2025-12-29,88565.63232461,19894.98575,4793589,binance
2025-12-30,88129.43195836,13105.91001,3542176,binance
2025-12-31,88223.92238989,11558.62047,2897396,binance
